stem,width,height,blur_var,descartada,reason
anonymous_003-007-950-00_1730792603619_Frontal_View,1981.0,1113.0,84.75654606235295,False,
anonymous_003-008-1052-00_1731329608354_Frontal_View,1048.0,588.0,57.00045924444517,False,
anonymous_003-008-1188-00_1732714947165_Frontal_View,1259.0,707.0,145.76058599716154,False,
anonymous_003-008-977-00_1730895561784_Frontal_View,941.0,528.0,48.781539179341024,False,
anonymous_003-007-673-00_1729239709286_Frontal_View,1317.0,740.0,288.7609972914639,False,
anonymous_003-008-1134-00_1732531184012_Frontal_View,1097.0,616.0,48.06210486739989,False,
anonymous_003-007-1214-00_1732862917124_Frontal_View,1583.0,889.0,28.99798761285907,False,
anonymous_003-007-848-00_1730185308013_Frontal_View,1296.0,728.0,37.758271364015556,False,
anonymous_003-008-1140-00_1732538036389_Frontal_View,1061.0,596.0,184.06274203607933,False,
anonymous_003-008-621-00_1729084830092_Frontal_View,1037.0,582.0,56.56262229638846,False,
anonymous_003_007_423_00_1728457856133_Frontal_View,1588.0,892.0,34.88642364231978,False,
anonymous_003-008-816-00_1729939059509_Frontal_View,1024.0,575.0,48.81561961136583,False,
anonymous_003-007-870-00_1730264018655_Frontal_View,1585.0,890.0,28.006917398150296,False,
anonymous_003-008-625-00_1729089968039_Frontal_View,928.0,521.0,50.32762901375545,False,
anonymous_003_103_310_00_1727879635589_Frontal_View,1287.0,965.0,38.63717686924767,False,
anonymous_003-008-563-00_1728904641646_Frontal_View,1202.0,675.0,45.54974302086679,False,
anonymous_003_103_348_00_1728038053517_Left_Lateral_View,1132.0,848.0,49.558331859560504,False,
anonymous_003-007-628-00_1729139603004_Left_Lateral_View,1640.0,1093.0,26.997029870728056,False,
anonymous_003-007-642-00_1729154783455_Left_Lateral_View,1434.0,956.0,13.034481640186252,False,
anonymous_003_007_509_00_1728715858343_Left_Lateral_View,1414.0,942.0,17.458628631907835,False,
anonymous_003_008_518_00_1728730492892_Left_Lateral_View,1121.0,629.0,92.04223021318604,False,
anonymous_003_007_512_00_1728719966330_Left_Lateral_View,1374.0,1374.0,101.02637254373495,False,
anonymous_003_007_393_00_1728363083249_Left_Lateral_View,1422.0,1066.0,86.93291429497783,False,
anonymous_003-007-611-00_1729064406517_Left_Lateral_View,1185.0,1185.0,9.303630057631084,False,
anonymous_003_103_385_00_1728194367190_Left_Lateral_View,1297.0,972.0,57.50932448234672,False,
anonymous_003-008-625-00_1729089968039_Left_Lateral_View,1419.0,797.0,28.801443492510625,False,
anonymous_003_007_477_00_1728636023690_Left_Lateral_View,919.0,516.0,44.300762737644874,False,
anonymous_003-007-673-00_1729239709286_Left_Lateral_View,1508.0,1508.0,13.548576019733,False,
anonymous_003-007-987-00_1730958766991_Left_Lateral_View,1266.0,1266.0,16.660084179505848,False,
anonymous_003-008-621-00_1729084830092_Left_Lateral_View,1246.0,700.0,42.35676631704767,False,
anonymous_003-008-619-00_1729080900725_Left_Lateral_View,1041.0,585.0,72.10925372301881,False,
anonymous_003-007-1214-00_1732862917124_Left_Lateral_View,1191.0,1191.0,8.976269668844497,False,
anonymous_003-007-962-00_1730870024975_Left_Lateral_View,1617.0,1617.0,6.378512693146636,False,
anonymous_003-007-1363-00_1733726568839_Left_Lateral_View,1379.0,1379.0,13.582425344973588,False,
anonymous_003-007-1066-00_1731400435441_Left_Lateral_View,1127.0,1127.0,8.595562271780816,False,
anonymous_003-007-1039-00_1731308349671_Left_Lateral_View,1274.0,1274.0,10.385227798526921,False,
anonymous_003_007_482_00_1728640974225_Left_Lateral_View,1201.0,674.0,68.20083573098715,False,
anonymous_003_103_352_00_1728045407980_Left_Lateral_View,1203.0,902.0,80.1532502790426,False,
anonymous_003-008-687-00_1729259500783_Left_Lateral_View,1021.0,573.0,42.01416996688188,False,
anonymous_003-008-1188-00_1732714947165_Left_Lateral_View,897.0,504.0,152.18120995691334,False,
anonymous_003-007-810-00_1729925219683_Left_Lateral_View,1055.0,1055.0,20.649261888269834,False,
anonymous_003_103_412_00_1728381408086_Left_Lateral_View,1148.0,861.0,175.31347824151928,False,
anonymous_003-007-1216-00_1732864099480_Left_Lateral_View,1209.0,1209.0,13.046694659466683,False,
anonymous_003_007_500_00_1728705713790_Left_Lateral_View,1348.0,1348.0,12.120279217767377,False,
anonymous_003_007_423_00_1728457856133_Left_Lateral_View,1589.0,892.0,16.17080430426378,False,
anonymous_003_007_367_00_1728117213404_Left_Lateral_View,1057.0,705.0,180.22926923978434,False,
anonymous_003-007-609-00_1729062135762_Left_Lateral_View,1271.0,1271.0,14.75445954893334,False,
anonymous_003-007-919-00_1730693501822_Left_Lateral_View,1356.0,1356.0,17.678266483047786,False,
anonymous_003_007_456_00_1728557521037_Left_Lateral_View,1179.0,662.0,33.86543205321482,False,
anonymous_003_007_525_00_1728797698567_Left_Lateral_View,1491.0,1491.0,6.514007792858161,False,
anonymous_003-007-663-00_1729231959410_Left_Lateral_View,1443.0,1443.0,16.298894096154974,False,
anonymous_003_007_472_00_1728627301290_Left_Lateral_View,1498.0,842.0,36.85915158244157,False,
anonymous_003-007-950-00_1730792603619_Left_Lateral_View,1562.0,1562.0,6.963642731674207,False,
anonymous_003_007_470_00_1728624071317_Left_Lateral_View,1042.0,585.0,26.89671403707988,False,
anonymous_003-008-1289-00_1733308999573_Mandibular_View,1267.0,711.0,83.85639158474326,False,
anonymous_003_007_464_00_1728568449512_Mandibular_View,1473.0,1104.0,63.65725317233235,False,
anonymous_003-007-1380-00_1733805872860_Mandibular_View,2070.0,1552.0,31.75183574247624,False,
anonymous_003-008-1305-00_1733394975162_Mandibular_View,1216.0,912.0,66.98995209104424,False,
anonymous_003-007-1335-00_1733549834282_Mandibular_View,2293.0,1718.0,27.112552061834197,False,
anonymous_003-008-685-00_1729257675748_Mandibular_View,1278.0,958.0,100.03656037142653,False,
anonymous_003_007_468_00_1728620859733_Mandibular_View,1920.0,1079.0,44.955082201363865,False,
anonymous_003-007-1084-00_1732176334274_Mandibular_View,2549.0,1911.0,25.205594215033187,False,
anonymous_003-007-1263-00_1733124846881_Mandibular_View,2575.0,1930.0,25.971522285025365,False,
anonymous_003-008-1456-00_1734084334408_Mandibular_View,1358.0,1018.0,79.95330439950357,False,
anonymous_005-007-1031-00_1731225767112_Mandibular_View,2748.0,2059.0,14.847048629599865,False,
anonymous_003-007-577-00_1728965843715_Mandibular_View,2587.0,1453.0,36.66320479729101,False,
anonymous_003-008-1479-00_1734169545024_Mandibular_View,1267.0,950.0,76.61931869109287,False,
anonymous_003_103_379_00_1728136654331_Mandibular_View,1272.0,953.0,40.56989048372652,False,
anonymous_003-007-844-00_1730178702530_Mandibular_View,2438.0,1626.0,24.966997024186995,False,
anonymous_003-007-1259-00_1733119589750_Mandibular_View,2284.0,1712.0,18.137695462032575,False,
anonymous_003-009-1192-00_1732773056314_Mandibular_View,2200.0,1467.0,29.07797267096026,False,
anonymous_003-008-886-00_1730285789339_Mandibular_View,1046.0,784.0,84.60076854260566,False,
anonymous_004-007-1402-00_1733897805768_Mandibular_View,2517.0,1886.0,47.40619733117564,False,
anonymous_003-007-1428-00_1733988334630_Mandibular_View,3060.0,2293.0,50.84796995038457,False,
anonymous_003-007-638-00_1729150964001_Mandibular_View,3017.0,3017.0,15.316629317345683,False,
anonymous_003-007-964-00_1730872789310_Mandibular_View,2507.0,1879.0,25.520299563218156,False,
anonymous_003_007_462_00_1728566123721_Mandibular_View,1707.0,1280.0,217.4791744148278,False,
anonymous_003-007-1475-00_1734158574747_Mandibular_View,2815.0,2110.0,35.719173687941485,False,
anonymous_003-007-640-00_1729152779082_Mandibular_View,2692.0,2018.0,41.20430991392548,False,
anonymous_003_007_312_00_1727929200065_Mandibular_View,1793.0,1007.0,29.091273516059168,False,
anonymous_003-007-901-00_1730354419378_Mandibular_View,2067.0,1549.0,50.705497389066274,False,
anonymous_003_007_419_00_1728451706078_Mandibular_View,1838.0,1032.0,46.98682299622341,False,
anonymous_003-008-1438-00_1734004111041_Mandibular_View,1170.0,877.0,119.49710927162977,False,
anonymous_003-008-1376-00_1733751803903_Mandibular_View,921.0,690.0,109.69405752324155,False,
anonymous_003_103_389_00_1728201279605_Mandibular_View,1186.0,889.0,44.19323885541976,False,
anonymous_003-008-958-00_1730805305872_Mandibular_View,1268.0,951.0,54.41676772691353,False,
anonymous_003_103_429_00_1728465660334_Mandibular_View,1197.0,897.0,83.61966481600345,False,
anonymous_003-007-950-00_1730792603619_Mandibular_View,2215.0,1660.0,40.009504465073505,False,
anonymous_003-008-573-00_1728917922092_Mandibular_View,1388.0,1040.0,27.661523815285726,False,
anonymous_003-008-979-00_1730897833262_Mandibular_View,1107.0,830.0,119.46893653631244,False,
anonymous_003_008_534_00_1728809131094_Mandibular_View,1648.0,1235.0,24.94854908724952,False,
anonymous_003_007_470_00_1728624071317_Mandibular_View,1871.0,1051.0,42.401769409121776,False,
anonymous_003-007-1386-00_1733813520372_Mandibular_View,2550.0,1912.0,23.71372977920002,False,
anonymous_003-008-1417-00_1733917109783_Mandibular_View,1130.0,847.0,158.00381664515254,False,
anonymous_004-008-1020-00_1731071782536_Mandibular_View,1198.0,673.0,73.17047060808417,False,
anonymous_003-007-1448-00_1734070151840_Mandibular_View,2480.0,1859.0,35.92960878577414,False,
anonymous_003-008-1018-00_1731069917933_Mandibular_View,1121.0,840.0,119.93312517067028,False,
anonymous_003-007-609-00_1729062135762_Mandibular_View,1955.0,1303.0,31.676855061223264,False,
anonymous_003_007_527_00_1728800578018_Mandibular_View,2193.0,1232.0,43.00737986076284,False,
anonymous_003_007_344_00_1728027849334_Mandibular_View,1608.0,1072.0,347.9260193860647,False,
anonymous_003-008-1136-00_1732533544748_Mandibular_View,1251.0,938.0,67.6429440659271,False,
anonymous_003_007_318_00_1727937793659_Mandibular_View,1863.0,1046.0,224.86807307101776,False,
anonymous_003-007-1169-00_1732687162700_Mandibular_View,2360.0,1769.0,48.20026002670751,False,
anonymous_003-007-1037-00_1731303473745_Mandibular_View,2241.0,1680.0,43.202409878001255,False,
anonymous_003-008-731-00_1729520727758_Mandibular_View,1149.0,861.0,39.7090176524175,False,
anonymous_003-008-1014-00_1731061021647_Mandibular_View,1167.0,875.0,65.69911714080231,False,
anonymous_003-008-856-00_1730197612329_Mandibular_View,1054.0,790.0,37.07400520816891,False,
anonymous_003-008-747-00_1729604100835_Mandibular_View,1062.0,796.0,59.24882411412022,False,
anonymous_003-007-899-00_1730351059853_Mandibular_View,2093.0,1568.0,24.00394292520328,False,
anonymous_003-007-1319-00_1733466947980_Mandibular_View,2277.0,1707.0,32.33873000654441,False,
anonymous_003_007_460_00_1728562740351_Mandibular_View,1421.0,1065.0,38.087195589509,False,
anonymous_003-008-1227-00_1732879520454_Mandibular_View,1412.0,1058.0,66.15724852502011,False,
anonymous_003-007-694-00_1729315527929_Mandibular_View,1550.0,1033.0,87.24637352391564,False,
anonymous_003-008-997-00_1730975206077_Mandibular_View,1239.0,929.0,68.32612114629242,False,
anonymous_003-007-1404-00_1733900046678_Mandibular_View,2809.0,2105.0,35.87675241991544,False,
anonymous_003-007-605-00_1729057547565_Mandibular_View,2415.0,1356.0,80.31400202760823,False,
anonymous_003-008-1458-00_1734086368021_Mandibular_View,1298.0,729.0,71.67117173578175,False,
anonymous_003_007_477_00_1728636023690_Mandibular_View,1376.0,773.0,56.00251533212818,False,
anonymous_003-007-699-00_1729324752845_Mandibular_View,1567.0,1045.0,65.64537851203498,False,
anonymous_003_103_417_00_1728448767701_Mandibular_View,2225.0,1250.0,223.87420699427696,False,
anonymous_003-007-839-00_1730103285428_Mandibular_View,2818.0,2112.0,11.7970750542789,False,
anonymous_003-007-1066-00_1731400435441_Mandibular_View,2485.0,1862.0,36.34342334964307,False,
anonymous_005-007-1024-00_1731215533901_Mandibular_View,2919.0,2188.0,13.729393766965906,False,
anonymous_003-008-851-00_1730122523730_Mandibular_View,1116.0,836.0,72.49797408688298,False,
anonymous_003_007_456_00_1728557521037_Mandibular_View,1324.0,992.0,60.4081586417234,False,
anonymous_003-008-648-00_1729163792384_Mandibular_View,1115.0,836.0,120.92582697767584,False,
anonymous_003-008-847-00_1730117317228_Mandibular_View,1152.0,863.0,53.69964177936936,False,
anonymous_003-007-1444-00_1734065185373_Mandibular_View,2420.0,1814.0,44.459292271382914,False,
anonymous_003-008-820-00_1729944688530_Mandibular_View,1295.0,971.0,60.21350989434607,False,
anonymous_003-008-1245-00_1732962951746_Mandibular_View,1299.0,974.0,89.057316280932,False,
anonymous_003_103_444_00_1728484210222_Mandibular_View,1417.0,1062.0,175.63489954382146,False,
anonymous_003_007_506_00_1728713000303_Mandibular_View,1783.0,1001.0,42.64684267438057,False,
anonymous_003-008-1370-00_1733737863866_Mandibular_View,1403.0,788.0,87.02370576711691,False,
anonymous_003-007-808-00_1729921561170_Mandibular_View,2289.0,1716.0,35.43810237566707,False,
anonymous_003_103_350_00_1728041382969_Mandibular_View,1345.0,1008.0,56.62272673618889,False,
anonymous_003-007-991-00_1730963330466_Mandibular_View,2831.0,2121.0,111.31224682665561,False,
anonymous_003-007-1301-00_1733385797447_Mandibular_View,2545.0,1908.0,50.93212795996381,False,
anonymous_003-007-1056-00_1731387137891_Mandibular_View,2342.0,1755.0,54.254784707771186,False,
anonymous_003-008-1114-00_1732362046489_Mandibular_View,1304.0,977.0,103.46215058824417,False,
anonymous_003-008-888-00_1730289062478_Mandibular_View,1248.0,936.0,69.53248769628931,False,
anonymous_003-008-1440-00_1734006422034_Mandibular_View,1188.0,890.0,125.14933055626172,False,
anonymous_003-007-1044-00_1731313465914_Mandibular_View,2637.0,1758.0,18.905647209189134,False,
anonymous_003_103_356_00_1728050338658_Mandibular_View,1239.0,929.0,67.62753913132647,False,
anonymous_003-008-866-00_1730209761250_Mandibular_View,1226.0,919.0,93.03295386936756,False,
anonymous_003-008-1309-00_1733401965672_Mandibular_View,1286.0,964.0,92.07123706270325,False,
anonymous_003-008-1222-00_1732876045526_Mandibular_View,1198.0,898.0,45.24679221298706,False,
anonymous_003-008-1177-00_1732701629982_Mandibular_View,1180.0,885.0,131.43313302706753,False,
anonymous_003-008-1184-00_1732710518322_Mandibular_View,1229.0,921.0,124.48558412774007,False,
anonymous_003-007-696-00_1729317967108_Mandibular_View,1611.0,1207.0,43.065767770615835,False,
anonymous_003-007-721-00_1729498293665_Mandibular_View,1613.0,1075.0,60.492858305612785,False,
anonymous_003-008-1287-00_1733305972323_Mandibular_View,1204.0,902.0,75.81875641211872,False,
anonymous_003_103_305_00_1727873872476_Mandibular_View,1534.0,1150.0,50.07081342389227,False,
anonymous_003_007_395_00_1728367097307_Mandibular_View,1692.0,950.0,88.02219151524633,False,
anonymous_003-008-939-00_1730729761767_Mandibular_View,1043.0,782.0,95.39679664865454,False,
anonymous_003-008-862-00_1730205438736_Mandibular_View,1193.0,894.0,51.78868045124216,False,
anonymous_003_103_310_00_1727879635589_Mandibular_View,1312.0,983.0,305.4567836131609,False,
anonymous_003-008-1116-00_1732364867658_Mandibular_View,1348.0,757.0,98.03667210312605,False,
anonymous_003_007_552_00_1728885630732_Mandibular_View,2743.0,1541.0,19.73361370285955,False,
anonymous_003-008-1163-00_1732627585033_Mandibular_View,1374.0,1030.0,131.7206221590803,False,
anonymous_003-008-911-00_1730371705980_Mandibular_View,1321.0,990.0,76.4365542753069,False,
anonymous_003_008_540_00_1728816533325_Mandibular_View,1319.0,989.0,47.21623356977266,False,
anonymous_003-007-723-00_1729499837526_Mandibular_View,1836.0,1224.0,92.46908171918746,False,
anonymous_003-007-769-00_1729751173737_Mandibular_View,2501.0,1667.0,18.145934167650065,False,
anonymous_003-008-597-00_1729002988805_Mandibular_View,1269.0,951.0,62.2835752502958,False,
anonymous_003-007-944-00_1730784221223_Mandibular_View,2896.0,2171.0,56.14130005626512,False,
anonymous_003_103_383_00_1728189994793_Mandibular_View,1459.0,1093.0,51.74738362278138,False,
anonymous_003-007-1257-00_1733116902106_Mandibular_View,2314.0,1734.0,21.235875802414252,False,
anonymous_003-008-1153-00_1732615253462_Mandibular_View,1354.0,1015.0,58.80315112590288,False,
anonymous_003-007-1235-00_1732946927322_Mandibular_View,2337.0,1752.0,24.268604933735435,False,
anonymous_003-007-1214-00_1732862917124_Mandibular_View,2254.0,1690.0,58.323534484436884,False,
anonymous_003-007-1342-00_1733555666542_Mandibular_View,2224.0,1667.0,81.7017494812538,False,
anonymous_003-008-590-00_1728986645135_Mandibular_View,1354.0,1015.0,120.42554903480843,False,
anonymous_003-007-717-00_1729494912902_Mandibular_View,1470.0,980.0,42.20154140537261,False,
anonymous_003_103_371_00_1728125652297_Mandibular_View,1103.0,826.0,49.53240335009642,False,
anonymous_003-007-1216-00_1732864099480_Mandibular_View,2300.0,1724.0,55.662731495968835,False,
anonymous_003-008-743-00_1729599647750_Mandibular_View,1193.0,894.0,82.59706056351467,False,
anonymous_003-007-659-00_1729227132810_Mandibular_View,2651.0,1987.0,38.663488978979764,False,
anonymous_003-007-966-00_1730877856983_Mandibular_View,2785.0,2087.0,21.64489751200102,False,
anonymous_003-007-1175-00_1732694464626_Mandibular_View,1838.0,1377.0,66.12634424659763,False,
anonymous_003-007-948-00_1730790519453_Mandibular_View,2753.0,2063.0,10.767511687513647,False,
anonymous_003-009-703-00_1729334403549_Mandibular_View,1703.0,1136.0,100.92697590214017,False,
anonymous_003-007-850-00_1730187827312_Mandibular_View,2504.0,1877.0,60.83154219696568,False,
anonymous_003-007-1147-00_1732601448785_Mandibular_View,2206.0,1654.0,42.05374560656333,False,
anonymous_003_008_484_00_1728643763624_Mandibular_View,1355.0,1015.0,26.8094348211602,False,
anonymous_003-007-1281-00_1733293729321_Mandibular_View,2347.0,1759.0,19.963481008510644,False,
anonymous_003_008_516_00_1728727453316_Mandibular_View,1646.0,1233.0,53.2011086885118,False,
anonymous_003_007_474_00_1728631659919_Mandibular_View,1666.0,935.0,68.55089389141096,False,
anonymous_003-007-971-00_1730882176306_Mandibular_View,2559.0,1918.0,26.949812577115924,False,
anonymous_004-008-1331-00_1733493131375_Mandibular_View,1221.0,915.0,95.88842601413864,False,
anonymous_003-008-679-00_1729249395420_Mandibular_View,1041.0,780.0,96.24561932690901,False,
anonymous_003-007-962-00_1730870024975_Mandibular_View,2544.0,1907.0,34.02266346902418,False,
anonymous_003_007_393_00_1728363083249_Mandibular_View,2362.0,1326.0,33.48759158734866,False,
anonymous_003-007-759-00_1729673074394_Mandibular_View,2856.0,2856.0,46.11013485951865,False,
anonymous_003-007-1208-00_1732856242544_Mandibular_View,1942.0,1455.0,40.90836060853212,False,
anonymous_003-008-1016-00_1731064728396_Mandibular_View,1210.0,907.0,41.56551426531029,False,
anonymous_003-008-1253-00_1732971070859_Mandibular_View,1356.0,1016.0,58.715053788902445,False,
anonymous_003_103_324_00_1727950287273_Mandibular_View,1439.0,1078.0,49.84482679860214,False,
anonymous_003_007_427_00_1728463593473_Mandibular_View,2417.0,1357.0,48.78747345305164,False,
anonymous_003-008-1076-00_1731420270817_Mandibular_View,1304.0,977.0,82.47685006172036,False,
anonymous_003_007_421_00_1728455045188_Mandibular_View,1938.0,1089.0,35.29749404339368,False,
anonymous_003-008-1348-00_1733569816446_Mandibular_View,1219.0,913.0,83.44670673173364,False,
anonymous_003-007-1363-00_1733726568839_Mandibular_View,2474.0,1854.0,47.41654260158048,False,
anonymous_003_007_550_00_1728882478562_Mandibular_View,2342.0,1561.0,22.77785794328372,False,
anonymous_003-008-1001-00_1730984142661_Mandibular_View,1205.0,903.0,94.9649135200464,False,
anonymous_003-007-765-00_1729743553963_Mandibular_View,1794.0,1196.0,38.24009191621974,False,
anonymous_003-008-592-00_1728997206767_Mandibular_View,1136.0,851.0,96.4410624926162,False,
anonymous_003-008-824-00_1729949582082_Mandibular_View,1280.0,719.0,73.8671611222093,False,
anonymous_003-008-893-00_1730294021313_Mandibular_View,1183.0,887.0,77.61450761330394,False,
anonymous_003-007-873-00_1730266781026_Mandibular_View,2437.0,1625.0,49.21925958499236,False,
anonymous_003_007_336_00_1728015022130_Mandibular_View,1892.0,1063.0,40.62972602738331,False,
anonymous_003-007-1423-00_1733982959859_Mandibular_View,2362.0,1770.0,28.32513306739999,False,
anonymous_003-007-1285-00_1733299483506_Mandibular_View,2268.0,1700.0,12.66276994964828,False,
anonymous_003-007-1473-00_1734155565901_Mandibular_View,2750.0,2061.0,12.750302842919346,False,
anonymous_003-007-875-00_1730270104192_Mandibular_View,1993.0,1328.0,45.951371964975145,False,
anonymous_003-008-1267-00_1733133235976_Mandibular_View,1312.0,983.0,56.15401780983226,False,
anonymous_003_103_354_00_1728048234590_Mandibular_View,1223.0,917.0,103.62332958031516,False,
anonymous_003-007-711-00_1729486430166_Mandibular_View,1698.0,1132.0,86.51679277635235,False,
anonymous_004-007-1028-00_1731221772302_Mandibular_View,2538.0,1902.0,92.09246244534481,False,
anonymous_003-007-1471-00_1734154142740_Mandibular_View,2431.0,1822.0,39.3920831416425,False,
anonymous_003_008_521_00_1728733813051_Mandibular_View,1301.0,975.0,68.9133581623245,False,
anonymous_003-007-1450-00_1734072285446_Mandibular_View,2636.0,1975.0,20.73484373298404,False,
anonymous_003-007-1388-00_1733817167049_Mandibular_View,2445.0,1832.0,42.536692146264976,False,
anonymous_003-008-858-00_1730200061435_Mandibular_View,1011.0,758.0,59.65569884698441,False,
anonymous_003-007-1255-00_1733114761679_Mandibular_View,2802.0,2100.0,23.77445105317923,False,
anonymous_003_103_334_00_1727967004094_Mandibular_View,1619.0,1213.0,59.9333512226885,False,
anonymous_003-007-1022-00_1731213200765_Mandibular_View,2691.0,2017.0,24.924263222802193,False,
anonymous_003_007_556_00_1728891607018_Mandibular_View,2723.0,1815.0,54.31906491501936,False,
anonymous_003-007-1004-00_1731042060585_Mandibular_View,2493.0,1869.0,65.3460335575533,False,
anonymous_003-008-1251-00_1732969328065_Mandibular_View,1273.0,954.0,92.42529704618985,False,
anonymous_003-007-1398-00_1733892905827_Mandibular_View,2470.0,1851.0,12.033995613965178,False,
anonymous_003-007-987-00_1730958766991_Mandibular_View,2855.0,2140.0,23.668134094374473,False,
anonymous_003_007_482_00_1728640974225_Mandibular_View,1415.0,1060.0,42.271084574665565,False,
anonymous_003-008-1088-00_1732185029631_Mandibular_View,1537.0,1152.0,51.392019810922605,False,
anonymous_003-008-1204-00_1732791234357_Mandibular_View,1263.0,946.0,93.10885176212473,False,
anonymous_003_103_358_00_1728053441663_Mandibular_View,1251.0,938.0,47.63028343171574,False,
anonymous_003-007-632-00_1729144134892_Mandibular_View,2062.0,1374.0,33.288986795804355,False,
anonymous_003-008-799-00_1729861944603_Mandibular_View,1300.0,974.0,69.73741458492535,False,
anonymous_003-007-1344-00_1733557206719_Mandibular_View,2575.0,1930.0,33.283778257928255,False,
anonymous_003-008-1325-00_1733480681866_Mandibular_View,1117.0,837.0,77.50330304755121,False,
anonymous_003-007-1452-00_1734075049818_Mandibular_View,2471.0,1852.0,34.06718188217338,False,
anonymous_003-008-891-00_1730291545771_Mandibular_View,1181.0,885.0,112.57265079215058,False,
anonymous_003-008-1269-00_1733136061634_Mandibular_View,1269.0,951.0,51.03983354043842,False,
anonymous_003-007-1010-00_1731050226585_Mandibular_View,2239.0,1678.0,30.950154854000274,False,
anonymous_003-008-1378-00_1733754009693_Mandibular_View,1108.0,830.0,103.08867727521091,False,
anonymous_003_103_377_00_1728133285533_Mandibular_View,1188.0,891.0,33.165634719420986,False,
anonymous_003-008-652-00_1729170164776_Mandibular_View,1098.0,823.0,151.77034066128982,False,
anonymous_003-007-613-00_1729067823449_Mandibular_View,2758.0,2758.0,39.113870029574834,False,
anonymous_003-008-816-00_1729939059509_Mandibular_View,1371.0,770.0,70.66754478197869,False,
anonymous_003_008_494_00_1728650912740_Mandibular_View,1446.0,1084.0,23.450730411988808,False,
anonymous_003-007-1261-00_1733123016185_Mandibular_View,2390.0,1791.0,24.90166171088584,False,
anonymous_003-007-607-00_1729059680698_Mandibular_View,2282.0,1521.0,37.79323620545248,False,
anonymous_003-007-691-00_1729313275146_Mandibular_View,2023.0,1348.0,39.390923473448844,False,
anonymous_002-007-1425-00_1733985413148_Mandibular_View,2659.0,1993.0,17.95987798711895,False,
anonymous_003-007-1338-00_1733552548400_Mandibular_View,2358.0,1768.0,19.264297814410728,False,
anonymous_003_103_391_00_1728205427195_Mandibular_View,1197.0,897.0,88.73028806466928,False,
anonymous_003-007-1035-00_1731301508894_Mandibular_View,2096.0,1571.0,53.13219595239802,False,
anonymous_003-008-854-00_1730195460240_Mandibular_View,1119.0,839.0,101.7631564997894,False,
anonymous_003-008-778-00_1729764871150_Mandibular_View,1163.0,871.0,60.396567742884045,False,
anonymous_003-008-1390-00_1733825468008_Mandibular_View,1386.0,778.0,72.20344165581149,False,
anonymous_003-008-1157-00_1732621902125_Mandibular_View,1439.0,1079.0,73.62130620546192,False,
anonymous_003-008-1354-00_1733575459863_Mandibular_View,1092.0,818.0,169.2543557644493,False,
anonymous_003_103_387_00_1728198102551_Mandibular_View,1241.0,930.0,45.74691151615425,False,
anonymous_003_007_554_00_1728888437675_Mandibular_View,2583.0,1451.0,39.395496507227556,False,
anonymous_003-007-1064-00_1731398214377_Mandibular_View,2401.0,1799.0,66.82437018202552,False,
anonymous_003-007-903-00_1730357034326_Mandibular_View,1878.0,1408.0,65.20713789296325,False,
anonymous_003-008-644-00_1729158390727_Mandibular_View,1446.0,812.0,83.01683970351591,False,
anonymous_003_007_346_00_1728031809037_Mandibular_View,2129.0,1196.0,42.95183883059112,False,
anonymous_003-008-650-00_1729167733200_Mandibular_View,1285.0,963.0,61.719970302419405,False,
anonymous_004-008-915-00_1730378380302_Mandibular_View,1093.0,819.0,42.82048210667511,False,
anonymous_003-007-636-00_1729148622989_Mandibular_View,2985.0,2985.0,21.151685389394025,False,
anonymous_003-007-673-00_1729239709286_Mandibular_View,2979.0,2233.0,30.38757321980905,False,
anonymous_003-007-989-00_1730961461961_Mandibular_View,2679.0,2008.0,47.74134867958476,False,
anonymous_003-008-1346-00_1733568350332_Mandibular_View,1120.0,840.0,71.27497338693875,False,
anonymous_003-007-675-00_1729243996615_Mandibular_View,1132.0,848.0,97.85596108740388,False,
anonymous_003-008-681-00_1729253097677_Mandibular_View,1581.0,1185.0,75.00910922282198,False,
anonymous_003-008-822-00_1729947030203_Mandibular_View,1170.0,877.0,48.77626132403032,False,
anonymous_003-007-630-00_1729141929109_Mandibular_View,2469.0,1646.0,13.912085312401508,False,
anonymous_003-007-1212-00_1732860958536_Mandibular_View,2232.0,1673.0,24.98207562831877,False,
anonymous_003-008-1132-00_1732528430246_Mandibular_View,1329.0,996.0,47.548024284563525,False,
anonymous_003-007-985-00_1730956707154_Mandibular_View,2615.0,1960.0,40.39392768947681,False,
anonymous_003-008-617-00_1729078067595_Mandibular_View,1159.0,868.0,77.83326031858441,False,
anonymous_003-007-719-00_1729496830754_Mandibular_View,1670.0,1252.0,30.618588671546053,False,
anonymous_003-007-776-00_1729758162119_Mandibular_View,1949.0,1300.0,69.78231799159997,False,
anonymous_003-007-1299-00_1733384086377_Mandibular_View,2204.0,1652.0,35.16612347660022,False,
anonymous_003-007-919-00_1730693501822_Mandibular_View,2515.0,1885.0,19.84943267304339,False,
anonymous_003_007_362_00_1728106141017_Mandibular_View,1780.0,1000.0,179.87813026436038,False,
anonymous_003_103_441_00_1728482331326_Mandibular_View,1328.0,995.0,37.01835910346472,False,
anonymous_003_007_502_00_1728708607584_Mandibular_View,2777.0,1851.0,45.89174239829424,False,
anonymous_003-008-1396-00_1733833829814_Mandibular_View,1268.0,950.0,178.4320089612213,False,
anonymous_003_103_434_00_1728473078374_Mandibular_View,1312.0,984.0,25.783549132810634,False,
anonymous_003-008-1297-00_1733317999923_Mandibular_View,1331.0,997.0,49.0557245807588,False,
anonymous_003-007-1167-00_1732684491311_Mandibular_View,2117.0,1586.0,58.97623571624314,False,
anonymous_003-007-842-00_1730175876922_Mandibular_View,2703.0,2026.0,44.19798756224256,False,
anonymous_003-008-1186-00_1732712771292_Mandibular_View,1311.0,983.0,61.75096549535231,False,
anonymous_003-007-583-00_1728975790763_Mandibular_View,2719.0,1527.0,41.97715870901473,False,
anonymous_003-007-767-00_1729747427987_Mandibular_View,2588.0,1940.0,13.149165855797298,False,
anonymous_003-007-1357-00_1733720840910_Mandibular_View,2765.0,2072.0,12.566604750097087,False,
anonymous_003-008-1419-00_1733919354561_Mandibular_View,1182.0,886.0,54.3610433411126,False,
anonymous_003_103_352_00_1728045407980_Mandibular_View,1360.0,1019.0,53.78091156610501,False,
anonymous_003-007-1172-00_1732692324606_Mandibular_View,2194.0,1644.0,17.937534492983925,False,
anonymous_003_007_504_00_1728710905876_Mandibular_View,2359.0,1573.0,242.2191374716148,False,
anonymous_003-007-880-00_1730277823725_Mandibular_View,2628.0,1970.0,52.69504630754507,False,
anonymous_003-007-897-00_1730347847593_Mandibular_View,2767.0,2767.0,20.191053390871616,False,
anonymous_003-007-1092-00_1732250439677_Mandibular_View,2148.0,1610.0,27.43235162183781,False,
anonymous_003_103_373_00_1728127937330_Mandibular_View,1072.0,804.0,65.0590632172652,False,
anonymous_003-008-1108-00_1732278434307_Mandibular_View,1194.0,895.0,84.39587040910584,False,
anonymous_003-007-803-00_1729916855699_Mandibular_View,2588.0,1940.0,11.83237700146441,False,
anonymous_003-007-1277-00_1733288989839_Mandibular_View,2515.0,1885.0,35.8061733478667,False,
anonymous_003_007_367_00_1728117213404_Mandibular_View,2144.0,1204.0,145.32663720083602,False,
anonymous_003_008_542_00_1728819062714_Mandibular_View,1275.0,956.0,52.81271086267083,False,
anonymous_003_007_559_00_1728894486088_Mandibular_View,2260.0,1269.0,30.71483662073312,False,
anonymous_003-008-1243-00_1732960942070_Mandibular_View,1219.0,913.0,69.18215981791951,False,
anonymous_003-008-1229-00_1732885041482_Mandibular_View,1228.0,920.0,61.22138256437176,False,
anonymous_003_008_532_00_1728806117003_Mandibular_View,1491.0,1117.0,40.568163112878906,False,
anonymous_003-007-960-00_1730867324670_Mandibular_View,2692.0,2018.0,18.186258834130562,False,
anonymous_003-008-780-00_1729769328804_Mandibular_View,1135.0,850.0,40.25120598994956,False,
anonymous_003-007-1361-00_1733724284664_Mandibular_View,2146.0,1608.0,61.8831700024955,False,
anonymous_003-007-1239-00_1732953329744_Mandibular_View,2252.0,1688.0,28.171659563564724,False,
anonymous_003-008-1412-00_1733912971275_Mandibular_View,1176.0,881.0,60.69168745052213,False,
anonymous_003-008-860-00_1730202956330_Mandibular_View,1154.0,865.0,142.88496995569008,False,
anonymous_003_008_496_00_1728653841858_Mandibular_View,1411.0,1057.0,29.7352125860972,False,
anonymous_003-008-1219-00_1732874037311_Mandibular_View,1302.0,976.0,113.11130089272599,False,
anonymous_003-008-625-00_1729089968039_Mandibular_View,1217.0,912.0,58.884960684762895,False,
anonymous_003_103_381_00_1728187282301_Mandibular_View,1149.0,861.0,41.59940062461863,False,
anonymous_003-007-1210-00_1732858424401_Mandibular_View,2270.0,1701.0,17.84753406785373,False,
anonymous_003-008-1188-00_1732714947165_Mandibular_View,1455.0,1091.0,68.93661856929978,False,
anonymous_003-008-567-00_1728910691586_Mandibular_View,1496.0,1121.0,26.468579728985276,False,
anonymous_003_007_425_00_1728461756319_Mandibular_View,2262.0,1270.0,36.36151966039991,False,
anonymous_003-008-683-00_1729255621249_Mandibular_View,1499.0,842.0,53.35579826374546,False,
anonymous_003-007-1340-00_1733554137729_Mandibular_View,2292.0,1718.0,27.663157457873822,False,
anonymous_003_007_360_00_1728102400598_Mandibular_View,2163.0,1215.0,215.29923889362385,False,
anonymous_003_007_450_00_1728541413504_Mandibular_View,1955.0,1098.0,62.99021088691587,False,
anonymous_003_103_438_00_1728479133729_Mandibular_View,1474.0,1105.0,30.168402531898472,False,
anonymous_003-008-826-00_1729951922030_Mandibular_View,1136.0,852.0,93.97320191540267,False,
anonymous_003-007-868-00_1730261812826_Mandibular_View,2101.0,1401.0,63.53977980487483,False,
anonymous_004-008-1462-00_1734090737557_Mandibular_View,1043.0,781.0,114.48012173095846,False,
anonymous_003_103_375_00_1728130226512_Mandibular_View,1161.0,870.0,46.9679019248565,False,
anonymous_003-008-1140-00_1732538036389_Mandibular_View,1116.0,836.0,35.23403388577079,False,
anonymous_003-007-1100-00_1732262920724_Mandibular_View,2071.0,1552.0,10.85554062118784,False,
anonymous_003-007-1012-00_1731052265486_Mandibular_View,2074.0,1555.0,45.53889484608479,False,
anonymous_003-007-1098-00_1732258945547_Mandibular_View,1643.0,1232.0,33.50422805486697,False,
anonymous_003-007-1265-00_1733126882472_Mandibular_View,2559.0,1918.0,25.669141717414842,False,
anonymous_003-007-689-00_1729311424743_Mandibular_View,2061.0,1374.0,73.52522616607833,False,
anonymous_003_008_538_00_1728814454893_Mandibular_View,1501.0,1125.0,65.66711405235982,False,
anonymous_003-008-1436-00_1734002023328_Mandibular_View,1206.0,904.0,78.10410001589759,False,
anonymous_003-008-687-00_1729259500783_Mandibular_View,1205.0,903.0,70.78166599613398,False,
anonymous_003-007-1231-00_1732942105328_Mandibular_View,2122.0,1591.0,14.355162550704357,False,
anonymous_003-008-849-00_1730119694608_Mandibular_View,1199.0,673.0,26.58679900612124,False,
anonymous_003-007-611-00_1729064406517_Mandibular_View,1996.0,1331.0,24.192711653969937,False,
anonymous_003-007-1142-00_1732596329973_Mandibular_View,2556.0,1916.0,12.295414229961779,False,
anonymous_003_007_500_00_1728705713790_Mandibular_View,2261.0,1508.0,29.263786707456383,False,
anonymous_003-007-852-00_1730190513347_Mandibular_View,2181.0,1635.0,29.783969915630088,False,
anonymous_003-008-929-00_1730714657405_Mandibular_View,1376.0,773.0,94.70570359396268,False,
anonymous_003-007-848-00_1730185308013_Mandibular_View,2237.0,1491.0,38.59692047856011,False,
anonymous_003-007-1233-00_1732944212509_Mandibular_View,2069.0,1551.0,55.075088051188445,False,
anonymous_003-008-621-00_1729084830092_Mandibular_View,1271.0,952.0,40.46628858074794,False,
anonymous_003_007_454_00_1728548324368_Mandibular_View,2000.0,1123.0,48.58353355104656,False,
anonymous_003-007-1333-00_1733546768749_Mandibular_View,2548.0,1910.0,12.095301702885424,False,
anonymous_003_008_536_00_1728811422355_Mandibular_View,1485.0,1113.0,37.90244439655069,False,
anonymous_003-008-933-00_1730720839388_Mandibular_View,1127.0,844.0,101.42481499218897,False,
anonymous_003-007-1096-00_1732256335617_Mandibular_View,1915.0,1435.0,47.481099324296316,False,
anonymous_003-007-1033-00_1731299676705_Mandibular_View,2605.0,1952.0,19.813173751161493,False,
anonymous_003-008-937-00_1730727374307_Mandibular_View,1203.0,902.0,79.77152246608556,False,
anonymous_003-008-1202-00_1732788831480_Mandibular_View,1427.0,1070.0,32.54212173579402,False,
anonymous_003-007-1060-00_1731392641455_Mandibular_View,2235.0,1675.0,23.919876849506522,False,
anonymous_003-007-709-00_1729484054385_Mandibular_View,1608.0,1072.0,51.10170287362318,False,
anonymous_003-007-1124-00_1732512565150_Mandibular_View,2465.0,1848.0,25.39249726144355,False,
anonymous_003-008-1048-00_1731323775231_Mandibular_View,1072.0,602.0,90.08946515906992,False,
anonymous_003-007-628-00_1729139603004_Mandibular_View,2484.0,1656.0,59.93003458820135,False,
anonymous_003-008-1307-00_1733399296706_Mandibular_View,1447.0,813.0,80.50308797794327,False,
anonymous_003-007-1006-00_1731044633484_Mandibular_View,2705.0,2027.0,39.78786428241452,False,
anonymous_003-007-1165-00_1732681881529_Mandibular_View,2073.0,1554.0,54.501964276500544,False,
anonymous_003-008-1327-00_1733484168886_Mandibular_View,1273.0,954.0,99.38531804206254,False,
anonymous_003-007-923-00_1730699938519_Mandibular_View,2335.0,1750.0,42.76832303429024,False,
anonymous_003_007_472_00_1728627301290_Mandibular_View,2375.0,1334.0,40.60283654476075,False,
anonymous_003-008-1052-00_1731329608354_Mandibular_View,1202.0,901.0,140.80687569471897,False,
anonymous_003-008-615-00_1729074735259_Mandibular_View,1310.0,982.0,72.12655586715748,False,
anonymous_003-008-1104-00_1732272483924_Mandibular_View,1249.0,936.0,61.16511647102755,False,
anonymous_003_007_452_00_1728544673959_Mandibular_View,1733.0,973.0,45.75442476675314,False,
anonymous_003-008-797-00_1729858198340_Mandibular_View,1294.0,969.0,58.90466835797379,False,
anonymous_003_103_432_00_1728469253116_Mandibular_View,1244.0,933.0,49.118504081520214,False,
anonymous_003-007-1368-00_1733733008054_Mandibular_View,2502.0,1875.0,62.73378621611909,False,
anonymous_003-007-663-00_1729231959410_Mandibular_View,2321.0,1739.0,43.55300690438986,False,
anonymous_003-008-1112-00_1732358802763_Mandibular_View,1283.0,962.0,74.5743174266048,False,
anonymous_003-007-757-00_1729669599847_Mandibular_View,2519.0,1679.0,47.75162838868207,False,
anonymous_003-007-642-00_1729154783455_Mandibular_View,2645.0,1983.0,16.307247520401464,False,
anonymous_003-008-563-00_1728904641646_Mandibular_View,1263.0,947.0,74.40201943896021,False,
anonymous_003_103_298_00_1727864717921_Mandibular_View,1350.0,1012.0,49.91300760884032,False,
anonymous_003-008-1110-00_1732280871545_Mandibular_View,1192.0,893.0,52.729995411883635,False,
anonymous_003-007-660-00_1729228102787_Mandibular_View,2253.0,1688.0,33.81280746275062,False,
anonymous_003-008-956-00_1730802283299_Mandibular_View,1144.0,857.0,38.29860315816619,False,
anonymous_003-007-1468-00_1734151836223_Mandibular_View,3060.0,2293.0,19.35848816586393,False,
anonymous_003_103_348_00_1728038053517_Mandibular_View,1255.0,941.0,47.8426683367904,False,
anonymous_003-008-571-00_1728915544187_Mandibular_View,1270.0,952.0,81.65430258678255,False,
anonymous_003_007_423_00_1728457856133_Mandibular_View,1962.0,1102.0,33.21744081184121,False,
anonymous_003_008_498_00_1728656110446_Mandibular_View,1287.0,964.0,139.8771378535466,False,
anonymous_003-008-1138-00_1732535496374_Mandibular_View,1226.0,919.0,59.32303269022968,False,
anonymous_003-009-1198-00_1732783792820_Mandibular_View,2517.0,1678.0,15.519401318943276,False,
anonymous_003-007-1171-00_1732691061776_Mandibular_View,2497.0,1872.0,12.882329483604869,False,
anonymous_003-007-1317-00_1733463430876_Mandibular_View,2133.0,1599.0,65.9355046963899,False,
anonymous_003-007-1039-00_1731308349671_Mandibular_View,2714.0,2034.0,21.38903525566019,False,
anonymous_003-008-1311-00_1733404330359_Mandibular_View,1108.0,831.0,83.56030399522211,False,
anonymous_003-007-601-00_1729053072717_Mandibular_View,2345.0,1563.0,268.0652126629676,False,
anonymous_003-007-1086-00_1732180719427_Mandibular_View,2187.0,1639.0,37.46051783686815,False,
anonymous_003_008_523_00_1728736795070_Mandibular_View,1491.0,1118.0,57.798508972676565,False,
anonymous_003-007-1082-00_1731478941599_Mandibular_View,2622.0,1965.0,10.013963240013512,False,
anonymous_003-007-1008-00_1731046769270_Mandibular_View,2976.0,2231.0,10.108602566172062,False,
anonymous_003-008-727-00_1729516303649_Mandibular_View,1155.0,866.0,93.4515839193693,False,
anonymous_003-007-993-00_1730966079833_Mandibular_View,2506.0,1878.0,17.27315587806808,False,
anonymous_003-007-1303-00_1733387722479_Mandibular_View,2539.0,1903.0,34.49054280125453,False,
anonymous_003-007-830-00_1730091915668_Mandibular_View,2044.0,1363.0,47.90182021752283,False,
anonymous_003_007_479_00_1728636684193_Mandibular_View,1798.0,1010.0,55.746522504151834,False,
anonymous_003-007-846-00_1730181536968_Mandibular_View,2263.0,1696.0,60.65617076887466,False,
anonymous_003-008-1155-00_1732617388713_Mandibular_View,1170.0,877.0,92.27187858784676,False,
anonymous_003-008-761-00_1729676748157_Mandibular_View,1161.0,870.0,40.32759365102787,False,
anonymous_003-007-788-00_1729839721436_Mandibular_View,1550.0,1161.0,58.773641543661526,False,
anonymous_003-008-654-00_1729172264488_Mandibular_View,1043.0,781.0,78.21424327379592,False,
anonymous_003_103_326_00_1727953705982_Mandibular_View,1588.0,1190.0,53.41129831687905,False,
anonymous_003_103_303_00_1727871236587_Mandibular_View,1506.0,846.0,86.38879528701281,False,
anonymous_003-007-585-00_1728979691813_Mandibular_View,2231.0,1253.0,26.49415993086882,False,
anonymous_003-007-1384-00_1733810523480_Mandibular_View,2578.0,1932.0,51.8644948404076,False,
anonymous_003-007-946-00_1730786337286_Mandibular_View,2309.0,1730.0,37.15183707403496,False,
anonymous_003-008-845-00_1730114764937_Mandibular_View,1022.0,766.0,56.84591850415498,False,
anonymous_003-007-1062-00_1731395133625_Mandibular_View,2890.0,2166.0,147.63618696585823,False,
anonymous_003-007-983-00_1730954293874_Mandibular_View,2631.0,1972.0,24.443294106327514,False,
anonymous_003-007-1454-00_1734076622499_Mandibular_View,2588.0,1940.0,11.234385502985454,False,
anonymous_003-008-1106-00_1732275312260_Mandibular_View,1336.0,750.0,64.65975136576249,False,
anonymous_003-007-1400-00_1733894193696_Mandibular_View,2589.0,1940.0,126.3559866050862,False,
anonymous_003-008-791-00_1729849650005_Mandibular_View,1361.0,1020.0,46.70961014577691,False,
anonymous_003_007_512_00_1728719966330_Mandibular_View,1523.0,855.0,94.03809788796998,False,
anonymous_003-007-1042-00_1731311050235_Mandibular_View,2226.0,1668.0,68.66082713249885,False,
anonymous_003-008-1068-00_1731407626620_Mandibular_View,1239.0,928.0,76.46381516008245,False,
anonymous_003_007_509_00_1728715858343_Mandibular_View,1912.0,1275.0,101.66190926505305,False,
anonymous_003-008-1074-00_1731418391377_Mandibular_View,1279.0,958.0,240.90423325570302,False,
anonymous_003-008-739-00_1729592576624_Mandibular_View,1125.0,843.0,47.66970946722159,False,
anonymous_003-008-1434-00_1734000238168_Mandibular_View,1024.0,767.0,44.78124361925158,False,
anonymous_003-007-669-00_1729236271453_Mandibular_View,2680.0,1787.0,38.862381702646246,False,
anonymous_003_103_415_00_1728388417820_Mandibular_View,1286.0,964.0,67.47205677373809,False,
anonymous_003-007-1421-00_1733979671839_Mandibular_View,2482.0,1861.0,38.78874478815606,False,
anonymous_003-009-1196-00_1732780449325_Mandibular_View,1908.0,1272.0,19.415515398359336,False,
anonymous_003-008-908-00_1730368773983_Mandibular_View,1339.0,752.0,76.10758282928455,False,
anonymous_003-008-745-00_1729601900417_Mandibular_View,1120.0,839.0,80.47295190876983,False,
anonymous_003_103_412_00_1728381408086_Mandibular_View,1234.0,925.0,40.80439265735244,False,
anonymous_003-007-784-00_1729833168029_Mandibular_View,1905.0,1270.0,71.32080434810042,False,
anonymous_003-007-832-00_1730094248119_Mandibular_View,2120.0,1414.0,50.11559729018055,False,
anonymous_003-008-795-00_1729855375419_Mandibular_View,1257.0,942.0,66.7402941674148,False,
anonymous_003-008-1120-00_1732369192953_Mandibular_View,1201.0,900.0,39.5748875646942,False,
anonymous_003-008-1159-00_1732624088230_Mandibular_View,1267.0,950.0,72.4969789980551,False,
anonymous_003_008_492_00_1728648396729_Mandibular_View,1352.0,1014.0,37.16458120799142,False,
anonymous_003-008-569-00_1728912732907_Mandibular_View,1394.0,1044.0,42.63919704391139,False,
anonymous_003-009-707-00_1729343513251_Mandibular_View,1981.0,1321.0,55.774003677050956,False,
anonymous_003-008-1046-00_1731321007329_Mandibular_View,1483.0,833.0,91.26813605509977,False,
anonymous_003_008_519_00_1728731108258_Mandibular_View,1443.0,1081.0,52.34372090123381,False,
anonymous_003-007-837-00_1730101031010_Mandibular_View,2315.0,1735.0,82.98096089621477,False,
anonymous_003-008-565-00_1728907603455_Mandibular_View,1165.0,874.0,83.36214875354831,False,
anonymous_004-008-1466-00_1734101348857_Mandibular_View,1147.0,859.0,90.53403159738798,False,
anonymous_004-008-1464-00_1734099484141_Mandibular_View,1166.0,655.0,131.2588675529166,False,
anonymous_003-007-698-00_1729321479031_Mandibular_View,1351.0,901.0,569.0474429122114,False,
anonymous_003-008-913-00_1730374663171_Mandibular_View,1183.0,887.0,46.39921704610851,False,
anonymous_003-008-793-00_1729852086224_Mandibular_View,1323.0,992.0,88.93740093711457,False,
anonymous_003-008-1161-00_1732625893707_Mandibular_View,1285.0,963.0,73.08406671053527,False,
anonymous_003-008-975-00_1730892499976_Mandibular_View,1178.0,883.0,153.25379163316603,False,
anonymous_003-008-599-00_1729004805118_Mandibular_View,1267.0,950.0,26.465747637815166,False,
anonymous_003-008-595-00_1728999929128_Mandibular_View,1326.0,994.0,37.02779981338385,False,
anonymous_003-007-1078-00_1731473228593_Mandibular_View,2443.0,1831.0,24.056285529902752,False,
anonymous_003-008-1072-00_1731415782557_Mandibular_View,1286.0,964.0,72.68858876651751,False,
anonymous_003_007_364_00_1728113531114_Mandibular_View,2036.0,1143.0,247.21450975235464,False,
anonymous_003-008-977-00_1730895561784_Mandibular_View,1052.0,789.0,94.97433226170499,False,
anonymous_003-007-1058-00_1731390028166_Mandibular_View,2356.0,1766.0,12.006510399036875,False,
anonymous_003-008-1273-00_1733140554614_Mandibular_View,1323.0,743.0,39.09485026922738,False,
anonymous_003-007-1144-00_1732599126156_Mandibular_View,2383.0,1786.0,23.376882886118377,False,
anonymous_003-008-973-00_1730889710242_Mandibular_View,1190.0,892.0,105.17455733642475,False,
anonymous_003-008-725-00_1729504454169_Mandibular_View,877.0,657.0,160.88927348028773,False,
anonymous_003-008-733-00_1729522569051_Mandibular_View,1137.0,853.0,69.75877239879247,False,
anonymous_003-008-1291-00_1733311003393_Mandibular_View,1331.0,998.0,106.22348220141188,False,
anonymous_003-008-801-00_1729865168164_Mandibular_View,1245.0,933.0,82.88188483693855,False,
anonymous_003_007_313_00_1727931672033_Mandibular_View,1863.0,1046.0,24.35813654498821,False,
anonymous_003-008-1050-00_1731326583496_Mandibular_View,1243.0,932.0,58.43595202703272,False,
anonymous_003-008-1394-00_1733831166816_Mandibular_View,1158.0,868.0,105.65347050248695,False,
anonymous_003-008-763-00_1729681031026_Mandibular_View,1343.0,1007.0,72.96935225860207,False,
anonymous_003-008-1372-00_1733740703713_Mandibular_View,1211.0,680.0,99.86307135486048,False,
anonymous_003-008-1374-00_1733742942594_Mandibular_View,1022.0,766.0,76.46362552322424,False,
anonymous_003-008-729-00_1729518589826_Mandibular_View,1151.0,863.0,53.551639866599714,False,
anonymous_003-007-1446-00_1734067718905_Mandibular_View,2306.0,1728.0,41.32387297430074,False,
anonymous_003_007_458_00_1728560210664_Mandibular_View,1264.0,948.0,57.310623069208404,False,
anonymous_003-007-737-00_1729575288568_Mandibular_View,2337.0,1558.0,48.40781125486019,False,
anonymous_003-007-677-00_1729246643545_Mandibular_View,1113.0,834.0,89.56211513397906,False,
anonymous_003-007-995-00_1730969030950_Mandibular_View,2721.0,2039.0,22.78040087287521,False,
anonymous_003-007-634-00_1729146043051_Mandibular_View,2663.0,1775.0,26.02327820471298,False,
anonymous_003_103_385_00_1728194367190_Mandibular_View,1258.0,943.0,45.08230967750677,False,
anonymous_003-007-1382-00_1733807613592_Mandibular_View,2345.0,1757.0,49.08137872164762,False,
anonymous_003-007-1406-00_1733903593844_Mandibular_View,2178.0,1632.0,20.009081155232003,False,
anonymous_003-008-1308-00_1733401560725_Mandibular_View,1183.0,887.0,51.387920841903004,False,
anonymous_003-008-1323-00_1733478439118_Mandibular_View,1154.0,865.0,88.68315261236297,False,
anonymous_003-008-1295-00_1733315710222_Mandibular_View,1147.0,860.0,85.26512917044106,False,
anonymous_003_007_342_00_1728025115744_Mandibular_View,2373.0,1333.0,25.202574031299505,False,
anonymous_003-007-1283-00_1733297000416_Mandibular_View,2609.0,1955.0,27.98608828113623,False,
anonymous_003-007-1126-00_1732515253289_Mandibular_View,1889.0,1416.0,201.02736179685158,False,
anonymous_003-008-1352-00_1733573210726_Mandibular_View,1361.0,764.0,38.98166000159948,False,
anonymous_003_103_369_00_1728122663687_Mandibular_View,1284.0,962.0,41.91668865835223,False,
anonymous_003-007-786-00_1729836270232_Mandibular_View,2299.0,1533.0,47.19015187069665,False,
anonymous_003_103_330_00_1727960568473_Mandibular_View,1574.0,1180.0,20.984319851127275,False,
anonymous_003-008-623-00_1729088109108_Mandibular_View,1147.0,860.0,106.16528396362244,False,
anonymous_003_103_328_00_1727958246838_Mandibular_View,1678.0,1257.0,46.6365094316742,False,
anonymous_003-007-921-00_1730696794338_Mandibular_View,2553.0,1913.0,41.707002345294676,False,
anonymous_003_103_332_00_1727963224846_Mandibular_View,1335.0,1000.0,100.182527296834,False,
anonymous_003_008_544_00_1728822011301_Mandibular_View,1396.0,1047.0,119.21252793128872,False,
anonymous_003-008-1225-00_1732878129340_Mandibular_View,1368.0,1026.0,75.88845054912203,False,
anonymous_003-008-656-00_1729174018756_Mandibular_View,1182.0,886.0,71.48059274686037,False,
anonymous_003-007-810-00_1729925219683_Mandibular_View,2245.0,1497.0,27.65890980251256,False,
anonymous_003_007_410_00_1728378208036_Mandibular_View,2062.0,1158.0,30.556293494395835,False,
anonymous_003-007-927-00_1730706613383_Mandibular_View,2581.0,1934.0,30.929318802327696,False,
anonymous_003-007-806-00_1729919233160_Mandibular_View,2900.0,2173.0,16.705605941530642,False,
anonymous_003-007-925-00_1730702265650_Mandibular_View,2318.0,1738.0,54.595546083112914,False,
anonymous_003-007-878-00_1730274520723_Mandibular_View,2248.0,1499.0,41.79411146830985,False,
anonymous_004-007-1321-00_1733473332768_Mandibular_View,2159.0,1618.0,54.21077628440621,False,
anonymous_003-007-1080-00_1731475512134_Mandibular_View,1929.0,1446.0,42.54168038889301,False,
anonymous_003-007-753-00_1729659446300_Mandibular_View,2256.0,1691.0,40.82517137977921,False,
anonymous_003-007-774-00_1729755584991_Mandibular_View,2312.0,1541.0,150.99658947058415,False,
anonymous_003-008-1206-00_1732794547718_Mandibular_View,1431.0,1072.0,49.302665014085626,False,
anonymous_003-007-1477-00_1734160734308_Mandibular_View,2603.0,1951.0,28.611590361362822,False,
anonymous_003-007-581-00_1728972796940_Mandibular_View,3047.0,2284.0,62.17488980275982,False,
anonymous_003-007-870-00_1730264018655_Mandibular_View,1988.0,1325.0,63.88524006790751,False,
anonymous_003-008-1070-00_1731412292185_Mandibular_View,1344.0,1007.0,85.99500372371409,False,
anonymous_003_103_300_00_1727868501855_Mandibular_View,1383.0,1037.0,65.46284506426504,False,
anonymous_003_007_340_00_1728021056982_Mandibular_View,2475.0,1390.0,60.63534849855738,False,
anonymous_003-008-1134-00_1732531184012_Mandibular_View,1328.0,996.0,67.03482490347456,False,
anonymous_003_007_548_00_1728880234229_Mandibular_View,2016.0,1132.0,60.14688840696122,False,
anonymous_003_007_466_00_1728571298406_Mandibular_View,1484.0,1112.0,22.831227942144817,False,
anonymous_003-008-935-00_1730724141122_Mandibular_View,1116.0,836.0,121.04065735717587,False,
anonymous_003-008-1247-00_1732965457605_Mandibular_View,1299.0,973.0,61.86720908453859,False,
anonymous_003_103_436_00_1728476704998_Mandibular_View,1273.0,954.0,46.56733774161921,False,
anonymous_003-008-646-00_1729160916094_Mandibular_View,1303.0,976.0,48.72353786362918,False,
anonymous_003_007_514_00_1728722215801_Mandibular_View,2366.0,1329.0,43.439592154888814,False,
anonymous_003_007_338_00_1728018126899_Mandibular_View,2313.0,1733.0,15.78836069081533,False,
anonymous_003-008-864-00_1730207299403_Mandibular_View,1071.0,803.0,97.3656909146841,False,
anonymous_003-008-931-00_1730717738893_Mandibular_View,1372.0,771.0,67.01917065725024,False,
anonymous_003_008_561_00_1728900258396_Mandibular_View,1464.0,1097.0,30.87339405331288,False,
anonymous_003-007-1408-00_1733905931318_Mandibular_View,2425.0,1817.0,11.584932110674975,False,
anonymous_003_007_316_00_1727935213578_Mandibular_View,2063.0,1159.0,368.77994425981046,False,
anonymous_003-008-981-00_1730901075927_Mandibular_View,1145.0,858.0,84.25243451580614,False,
anonymous_003-008-1271-00_1733138221922_Mandibular_View,1430.0,1072.0,115.47169971377635,False,
anonymous_003_007_525_00_1728797698567_Mandibular_View,2691.0,1512.0,47.50447156650004,False,
anonymous_003_007_448_00_1728538878630_Mandibular_View,1927.0,1082.0,52.92840593402074,False,
anonymous_003-009-705-00_1729339948179_Mandibular_View,1628.0,1085.0,54.475162663180676,False,
anonymous_003-007-1237-00_1732950198369_Mandibular_View,2344.0,1757.0,49.54492145079441,False,
anonymous_004-007-1026-00_1731218072400_Mandibular_View,2350.0,1761.0,62.00327206557641,False,
anonymous_003-008-1329-00_1733490890827_Mandibular_View,1047.0,785.0,81.00368958787092,False,
anonymous_003-008-741-00_1729595555946_Mandibular_View,916.0,686.0,68.48052944688727,False,
anonymous_003-008-625-00_1729089968039_Maxillary_Occlusal_View,1404.0,1053.0,22.471533028194763,False,
anonymous_003-007-1092-00_1732250439677_Maxillary_Occlusal_View,3084.0,2312.0,8.719110716529244,False,
anonymous_003-007-1317-00_1733463430876_Maxillary_Occlusal_View,3143.0,2356.0,11.249935312729544,False,
anonymous_003-007-1404-00_1733900046678_Maxillary_Occlusal_View,2417.0,1811.0,22.37028156994505,False,
anonymous_003-008-745-00_1729601900417_Maxillary_Occlusal_View,1606.0,1204.0,19.491271736808823,False,
anonymous_003-007-755-00_1729665983418_Maxillary_Occlusal_View,3601.0,2401.0,9.01015718129541,False,
anonymous_003-007-903-00_1730357034326_Maxillary_Occlusal_View,3367.0,2523.0,7.299492350163431,False,
anonymous_003-008-816-00_1729939059509_Maxillary_Occlusal_View,1847.0,1037.0,27.038203869190728,False,
anonymous_003-007-767-00_1729747427987_Maxillary_Occlusal_View,3427.0,2285.0,7.802790930393531,False,
anonymous_003-007-634-00_1729146043051_Maxillary_Occlusal_View,3407.0,2271.0,7.058887998377967,False,
anonymous_003-008-617-00_1729078067595_Maxillary_Occlusal_View,1423.0,1067.0,28.74301095089785,False,
anonymous_003-008-1070-00_1731412292185_Maxillary_Occlusal_View,1682.0,1261.0,35.908774628722185,False,
anonymous_003_103_412_00_1728381408086_Maxillary_Occlusal_View,1638.0,1228.0,24.88065809782087,False,
anonymous_003-007-1167-00_1732684491311_Maxillary_Occlusal_View,3175.0,2380.0,7.770370259836768,False,
anonymous_003-008-1155-00_1732617388713_Maxillary_Occlusal_View,1602.0,1201.0,27.921161198372783,False,
anonymous_003_007_477_00_1728636023690_Maxillary_Occlusal_View,1889.0,1061.0,183.62684655608095,False,
anonymous_003-007-1452-00_1734075049818_Maxillary_Occlusal_View,2571.0,1927.0,15.507749482822799,False,
anonymous_003-008-685-00_1729257675748_Maxillary_Occlusal_View,1835.0,1375.0,16.915487989686326,False,
anonymous_003-007-1062-00_1731395133625_Maxillary_Occlusal_View,3222.0,2415.0,6.7040517237650965,False,
anonymous_003_008_538_00_1728814454893_Maxillary_Occlusal_View,1676.0,1256.0,21.929272125064877,False,
anonymous_003-007-1475-00_1734158574747_Maxillary_Occlusal_View,2732.0,2048.0,10.376202386460836,False,
anonymous_003-007-1263-00_1733124846881_Maxillary_Occlusal_View,2815.0,1581.0,8.388875651450974,False,
anonymous_003_103_383_00_1728189994793_Maxillary_Occlusal_View,1873.0,1404.0,17.250012929270653,False,
anonymous_003-008-801-00_1729865168164_Maxillary_Occlusal_View,1629.0,1221.0,13.090035003844548,False,
anonymous_003-007-765-00_1729743553963_Maxillary_Occlusal_View,3366.0,2244.0,9.947559070443697,False,
anonymous_003_008_534_00_1728809131094_Maxillary_Occlusal_View,1822.0,1365.0,18.08863450582971,False,
anonymous_003-007-1096-00_1732256335617_Maxillary_Occlusal_View,2653.0,1989.0,9.268257714845175,False,
anonymous_003_103_417_00_1728448767701_Maxillary_Occlusal_View,3312.0,1860.0,50.20406531721183,False,
anonymous_003_103_385_00_1728194367190_Maxillary_Occlusal_View,1643.0,1232.0,16.169805799458114,False,
anonymous_003-008-597-00_1729002988805_Maxillary_Occlusal_View,1654.0,1240.0,91.2111815420479,False,
anonymous_003-007-927-00_1730706613383_Maxillary_Occlusal_View,3458.0,2592.0,14.72292762286248,False,
anonymous_003-008-1370-00_1733737863866_Maxillary_Occlusal_View,1817.0,1362.0,21.658792736839825,False,
anonymous_003-008-1390-00_1733825468008_Maxillary_Occlusal_View,1389.0,1041.0,39.396662503447864,False,
anonymous_003-007-1473-00_1734155565901_Maxillary_Occlusal_View,2668.0,2000.0,10.418946394106738,False,
anonymous_003-008-1458-00_1734086368021_Maxillary_Occlusal_View,1563.0,1171.0,19.05823775752157,False,
anonymous_003-007-677-00_1729246643545_Maxillary_Occlusal_View,1679.0,1259.0,18.63149847503658,False,
anonymous_003-008-1309-00_1733401965672_Maxillary_Occlusal_View,1672.0,1253.0,18.17868772773657,False,
anonymous_004-008-1460-00_1734088283907_Maxillary_Occlusal_View,1744.0,1307.0,22.25654862160183,False,
anonymous_003_008_523_00_1728736795070_Maxillary_Occlusal_View,1770.0,1327.0,29.047797178955346,False,
anonymous_003_007_468_00_1728620859733_Maxillary_Occlusal_View,2774.0,1558.0,21.477507764721175,False,
anonymous_003_007_482_00_1728640974225_Maxillary_Occlusal_View,1613.0,1209.0,33.357187285700725,False,
anonymous_003-008-1106-00_1732275312260_Maxillary_Occlusal_View,1441.0,1080.0,36.09302865280208,False,
anonymous_003-007-1428-00_1733988334630_Maxillary_Occlusal_View,2477.0,1856.0,11.397505535500919,False,
anonymous_003_007_318_00_1727937793659_Maxillary_Occlusal_View,2987.0,2239.0,20.276436688499544,False,
anonymous_003-008-1052-00_1731329608354_Maxillary_Occlusal_View,1252.0,938.0,119.81406399825369,False,
anonymous_003-008-741-00_1729595555946_Maxillary_Occlusal_View,1571.0,1178.0,22.09843457823593,False,
anonymous_003-007-1398-00_1733892905827_Maxillary_Occlusal_View,3154.0,2364.0,18.73751189600718,False,
anonymous_003-008-997-00_1730975206077_Maxillary_Occlusal_View,1552.0,1163.0,52.37708583337035,False,
anonymous_003_103_369_00_1728122663687_Maxillary_Occlusal_View,1748.0,1310.0,25.300620082235707,False,
anonymous_003_103_387_00_1728198102551_Maxillary_Occlusal_View,1633.0,1224.0,23.85705393433945,False,
anonymous_003-007-1208-00_1732856242544_Maxillary_Occlusal_View,2673.0,2003.0,8.281730180706173,False,
anonymous_004-008-1331-00_1733493131375_Maxillary_Occlusal_View,1558.0,1168.0,28.52083469574855,False,
anonymous_003-008-569-00_1728912732907_Maxillary_Occlusal_View,1649.0,1236.0,17.499378362092354,False,
anonymous_003-008-573-00_1728917922092_Maxillary_Occlusal_View,1524.0,1142.0,26.057800168251912,False,
anonymous_003-007-1239-00_1732953329744_Maxillary_Occlusal_View,2907.0,2178.0,10.382138771794535,False,
anonymous_003-007-1060-00_1731392641455_Maxillary_Occlusal_View,3081.0,2309.0,8.188819443916541,False,
anonymous_003_007_448_00_1728538878630_Maxillary_Occlusal_View,2561.0,1438.0,9.619262959274089,False,
anonymous_003_007_550_00_1728882478562_Maxillary_Occlusal_View,3239.0,2159.0,45.82956244273745,False,
anonymous_003_007_410_00_1728378208036_Maxillary_Occlusal_View,2688.0,1510.0,17.807147482179577,False,
anonymous_003-008-1110-00_1732280871545_Maxillary_Occlusal_View,1618.0,1213.0,21.809568060884207,False,
anonymous_003-008-1412-00_1733912971275_Maxillary_Occlusal_View,1539.0,1153.0,17.5004190267083,False,
anonymous_003-007-1468-00_1734151836223_Maxillary_Occlusal_View,2956.0,2215.0,13.728491147438017,False,
anonymous_003-007-1066-00_1731400435441_Maxillary_Occlusal_View,3029.0,2270.0,8.497942357214919,False,
anonymous_003-008-619-00_1729080900725_Maxillary_Occlusal_View,1478.0,1108.0,27.91708510767128,False,
anonymous_003-007-1333-00_1733546768749_Maxillary_Occlusal_View,2958.0,2217.0,10.427053014673387,False,
anonymous_003_103_298_00_1727864717921_Maxillary_Occlusal_View,1897.0,1422.0,20.55437817236905,False,
anonymous_003-007-1421-00_1733979671839_Maxillary_Occlusal_View,2976.0,2231.0,13.453751849569787,False,
anonymous_003-007-839-00_1730103285428_Maxillary_Occlusal_View,3648.0,2734.0,5.802496820195917,False,
anonymous_003-008-749-00_1729606106544_Maxillary_Occlusal_View,1618.0,1213.0,18.429597109354663,False,
anonymous_003-007-991-00_1730963330466_Maxillary_Occlusal_View,3454.0,2589.0,9.301841795609729,False,
anonymous_003-007-658-00_1729226761156_Maxillary_Occlusal_View,3648.0,2734.0,11.414988034870472,False,
anonymous_003-007-723-00_1729499837526_Maxillary_Occlusal_View,2373.0,1582.0,19.028515832193147,False,
anonymous_003-008-824-00_1729949582082_Maxillary_Occlusal_View,1943.0,1091.0,20.52354185286191,False,
anonymous_003-007-1301-00_1733385797447_Maxillary_Occlusal_View,2877.0,2156.0,17.263669077134676,False,
anonymous_003-008-1188-00_1732714947165_Maxillary_Occlusal_View,1534.0,1150.0,22.92487500481845,False,
anonymous_003_007_552_00_1728885630732_Maxillary_Occlusal_View,2831.0,1888.0,55.48993201036958,False,
anonymous_003_007_462_00_1728566123721_Maxillary_Occlusal_View,1841.0,1380.0,25.003643146907823,False,
anonymous_003-008-1275-00_1733142218216_Maxillary_Occlusal_View,1413.0,1059.0,146.0996605779484,False,
anonymous_003-008-1134-00_1732531184012_Maxillary_Occlusal_View,1611.0,1207.0,29.46991761726282,False,
anonymous_003-008-731-00_1729520727758_Maxillary_Occlusal_View,1599.0,1199.0,27.327073121111216,False,
anonymous_003_103_441_00_1728482331326_Maxillary_Occlusal_View,1647.0,1234.0,17.488260882921406,False,
anonymous_003-007-669-00_1729236271453_Maxillary_Occlusal_View,3170.0,2113.0,9.927060059661816,False,
anonymous_003-007-960-00_1730867324670_Maxillary_Occlusal_View,3613.0,2408.0,8.8678632992126,False,
anonymous_003-008-1440-00_1734006422034_Maxillary_Occlusal_View,1895.0,1420.0,23.54335968696582,False,
anonymous_003_103_375_00_1728130226512_Maxillary_Occlusal_View,1563.0,1172.0,13.717563683223293,False,
anonymous_003-007-964-00_1730872789310_Maxillary_Occlusal_View,3790.0,2840.0,8.486260619027728,False,
anonymous_003-007-1231-00_1732942105328_Maxillary_Occlusal_View,2659.0,1993.0,9.256703609227134,False,
anonymous_003-007-630-00_1729141929109_Maxillary_Occlusal_View,3031.0,2021.0,5.967065864378196,False,
anonymous_003_007_527_00_1728800578018_Maxillary_Occlusal_View,2417.0,1611.0,11.815697361968281,False,
anonymous_003_007_419_00_1728451706078_Maxillary_Occlusal_View,2557.0,1436.0,68.86167818555556,False,
anonymous_003_103_328_00_1727958246838_Maxillary_Occlusal_View,1539.0,1154.0,27.484207742449122,False,
anonymous_003-007-901-00_1730354419378_Maxillary_Occlusal_View,2982.0,2235.0,11.927468752267592,False,
anonymous_003-008-590-00_1728986645135_Maxillary_Occlusal_View,1595.0,1195.0,60.48641430424572,False,
anonymous_003-007-880-00_1730277823725_Maxillary_Occlusal_View,3358.0,2517.0,16.039463485314073,False,
anonymous_003-007-1344-00_1733557206719_Maxillary_Occlusal_View,3543.0,2656.0,9.275221853442746,False,
anonymous_003-008-1271-00_1733138221922_Maxillary_Occlusal_View,1660.0,1244.0,19.863884863508233,False,
anonymous_004-008-1464-00_1734099484141_Maxillary_Occlusal_View,1570.0,1177.0,14.247159143865575,False,
anonymous_003-007-1008-00_1731046769270_Maxillary_Occlusal_View,2806.0,2103.0,12.1734475279421,False,
anonymous_003_103_310_00_1727879635589_Maxillary_Occlusal_View,1638.0,1227.0,15.512906581991581,False,
anonymous_003-008-567-00_1728910691586_Maxillary_Occlusal_View,1727.0,1294.0,16.023911863029767,False,
anonymous_003-007-830-00_1730091915668_Maxillary_Occlusal_View,3335.0,2500.0,8.129819122103774,False,
anonymous_003-007-632-00_1729144134892_Maxillary_Occlusal_View,3152.0,2101.0,6.197823018065934,False,
anonymous_003-008-571-00_1728915544187_Maxillary_Occlusal_View,1537.0,1152.0,20.5566929639961,False,
anonymous_003-007-1444-00_1734065185373_Maxillary_Occlusal_View,2702.0,2025.0,12.003171676225335,False,
anonymous_003_008_542_00_1728819062714_Maxillary_Occlusal_View,1694.0,1270.0,14.417886992165391,False,
anonymous_003_103_305_00_1727873872476_Maxillary_Occlusal_View,1470.0,1102.0,24.005138311631352,False,
anonymous_003-007-923-00_1730699938519_Maxillary_Occlusal_View,3598.0,2697.0,8.109990347999922,False,
anonymous_003-007-1384-00_1733810523480_Maxillary_Occlusal_View,2731.0,2047.0,13.636156864843386,False,
anonymous_003-007-689-00_1729311424743_Maxillary_Occlusal_View,3581.0,2387.0,12.377036526052636,False,
anonymous_003-009-703-00_1729334403549_Maxillary_Occlusal_View,1719.0,1146.0,42.89560754590627,False,
anonymous_003-007-873-00_1730266781026_Maxillary_Occlusal_View,3450.0,2586.0,7.051464052987808,False,
anonymous_003-008-1088-00_1732185029631_Maxillary_Occlusal_View,1576.0,1181.0,16.200877082356264,False,
anonymous_003_007_525_00_1728797698567_Maxillary_Occlusal_View,2964.0,2222.0,52.79913234191911,False,
anonymous_003_103_350_00_1728041382969_Maxillary_Occlusal_View,1821.0,1365.0,37.3157081151506,False,
anonymous_003-007-1042-00_1731311050235_Maxillary_Occlusal_View,2896.0,2170.0,15.154149373939411,False,
anonymous_003-007-919-00_1730693501822_Maxillary_Occlusal_View,3509.0,2340.0,12.984178952816912,False,
anonymous_003_008_516_00_1728727453316_Maxillary_Occlusal_View,1857.0,1392.0,17.695088002696522,False,
anonymous_003-008-654-00_1729172264488_Maxillary_Occlusal_View,1547.0,1159.0,23.772059587836168,False,
anonymous_003-007-660-00_1729228102787_Maxillary_Occlusal_View,3634.0,2724.0,11.174452080904318,False,
anonymous_003-007-613-00_1729067823449_Maxillary_Occlusal_View,3707.0,2472.0,39.81752443942843,False,
anonymous_003-007-1408-00_1733905931318_Maxillary_Occlusal_View,2863.0,2146.0,14.141608243307974,False,
anonymous_003-008-1163-00_1732627585033_Maxillary_Occlusal_View,1830.0,1372.0,91.68095883866793,False,
anonymous_003-007-850-00_1730187827312_Maxillary_Occlusal_View,3129.0,2345.0,7.500981432484507,False,
anonymous_003-008-1287-00_1733305972323_Maxillary_Occlusal_View,1604.0,1202.0,21.82780967691408,False,
anonymous_003-007-1281-00_1733293729321_Maxillary_Occlusal_View,2957.0,2216.0,10.174012072031612,False,
anonymous_003-008-793-00_1729852086224_Maxillary_Occlusal_View,1795.0,1345.0,18.124556029397382,False,
anonymous_003-007-832-00_1730094248119_Maxillary_Occlusal_View,3275.0,2455.0,7.338155187910536,False,
anonymous_003-007-1388-00_1733817167049_Maxillary_Occlusal_View,2390.0,1792.0,12.448256077547551,False,
anonymous_003-008-763-00_1729681031026_Maxillary_Occlusal_View,1566.0,1174.0,18.217753769634754,False,
anonymous_003-008-893-00_1730294021313_Maxillary_Occlusal_View,1853.0,1389.0,18.535316971378723,False,
anonymous_003_103_432_00_1728469253116_Maxillary_Occlusal_View,1707.0,1279.0,17.761161632301544,False,
anonymous_003-008-623-00_1729088109108_Maxillary_Occlusal_View,1655.0,1240.0,28.762564399305546,False,
anonymous_003_103_429_00_1728465660334_Maxillary_Occlusal_View,2080.0,1559.0,10.204232857330966,False,
anonymous_003-008-679-00_1729249395420_Maxillary_Occlusal_View,1706.0,1279.0,23.933889068526447,False,
anonymous_003_007_342_00_1728025115744_Maxillary_Occlusal_View,2323.0,1305.0,84.69655674924579,False,
anonymous_003-008-1267-00_1733133235976_Maxillary_Occlusal_View,1317.0,987.0,135.685531299693,False,
anonymous_003-008-648-00_1729163792384_Maxillary_Occlusal_View,1652.0,1238.0,20.376394437108377,False,
anonymous_003_007_466_00_1728571298406_Maxillary_Occlusal_View,1772.0,1328.0,16.26859448125515,False,
anonymous_003_007_554_00_1728888437675_Maxillary_Occlusal_View,2509.0,1673.0,119.73543025163166,False,
anonymous_003_007_556_00_1728891607018_Maxillary_Occlusal_View,3124.0,2341.0,41.32145333768831,False,
anonymous_003-008-1001-00_1730984142661_Maxillary_Occlusal_View,1524.0,1143.0,45.94586814877954,False,
anonymous_003-008-565-00_1728907603455_Maxillary_Occlusal_View,1804.0,1352.0,15.350091906567155,False,
anonymous_003-008-778-00_1729764871150_Maxillary_Occlusal_View,1620.0,1214.0,20.110914248488598,False,
anonymous_003_008_540_00_1728816533325_Maxillary_Occlusal_View,1553.0,1164.0,21.436310466673508,False,
anonymous_003-008-856-00_1730197612329_Maxillary_Occlusal_View,1772.0,1328.0,20.89634948323344,False,
anonymous_003-008-1253-00_1732971070859_Maxillary_Occlusal_View,1662.0,1245.0,29.88871773984858,False,
anonymous_003_103_415_00_1728388417820_Maxillary_Occlusal_View,1464.0,1097.0,20.520872091393123,False,
anonymous_004-008-1466-00_1734101348857_Maxillary_Occlusal_View,1307.0,979.0,31.270144318110265,False,
anonymous_003-007-640-00_1729152779082_Maxillary_Occlusal_View,4080.0,2720.0,13.305923351478285,False,
anonymous_003-007-948-00_1730790519453_Maxillary_Occlusal_View,3123.0,2341.0,5.223764703272326,False,
anonymous_004-008-917-00_1730381332501_Maxillary_Occlusal_View,1570.0,1177.0,29.12939985960756,False,
anonymous_003-008-791-00_1729849650005_Maxillary_Occlusal_View,1588.0,1191.0,24.02394514601058,False,
anonymous_003-007-696-00_1729317967108_Maxillary_Occlusal_View,2101.0,1400.0,18.143786483057287,False,
anonymous_003-008-913-00_1730374663171_Maxillary_Occlusal_View,1793.0,1007.0,27.251061829310412,False,
anonymous_003-007-1265-00_1733126882472_Maxillary_Occlusal_View,3035.0,2275.0,6.462745754404759,False,
anonymous_004-007-1402-00_1733897805768_Maxillary_Occlusal_View,3297.0,2471.0,11.030287589978954,False,
anonymous_003-008-1138-00_1732535496374_Maxillary_Occlusal_View,1470.0,1102.0,35.272992039036986,False,
anonymous_003_103_391_00_1728205427195_Maxillary_Occlusal_View,1870.0,1402.0,18.289988523029574,False,
anonymous_003-007-1080-00_1731475512134_Maxillary_Occlusal_View,3472.0,2602.0,8.50373546195354,False,
anonymous_003-008-1295-00_1733315710222_Maxillary_Occlusal_View,1396.0,1046.0,26.188811363350883,False,
anonymous_003-008-818-00_1729941374322_Maxillary_Occlusal_View,1732.0,1298.0,19.86750529273832,False,
anonymous_003-008-1325-00_1733480681866_Maxillary_Occlusal_View,1610.0,1207.0,22.65950276174591,False,
anonymous_003-008-862-00_1730205438736_Maxillary_Occlusal_View,1523.0,1141.0,21.547158582103066,False,
anonymous_004-007-1321-00_1733473332768_Maxillary_Occlusal_View,3098.0,2322.0,12.676855785816793,False,
anonymous_003-007-638-00_1729150964001_Maxillary_Occlusal_View,3654.0,2436.0,9.270282438100628,False,
anonymous_003-007-1126-00_1732515253289_Maxillary_Occlusal_View,2959.0,2218.0,6.22427412396544,False,
anonymous_003-008-1436-00_1734002023328_Maxillary_Occlusal_View,1679.0,1259.0,17.60769747000428,False,
anonymous_003-008-1054-00_1731332014380_Maxillary_Occlusal_View,1426.0,1069.0,26.914160643039555,False,
anonymous_003-007-788-00_1729839721436_Maxillary_Occlusal_View,3793.0,2843.0,33.629183424412936,False,
anonymous_003-008-1247-00_1732965457605_Maxillary_Occlusal_View,1573.0,1179.0,16.31045088374163,False,
anonymous_003_103_332_00_1727963224846_Maxillary_Occlusal_View,1680.0,1259.0,20.431460584050548,False,
anonymous_002-007-1425-00_1733985413148_Maxillary_Occlusal_View,2758.0,2067.0,16.30259684438254,False,
anonymous_003-007-581-00_1728972796940_Maxillary_Occlusal_View,2772.0,1848.0,58.39299867022271,False,
anonymous_003-007-1335-00_1733549834282_Maxillary_Occlusal_View,2885.0,2162.0,11.5728096663561,False,
anonymous_003-008-615-00_1729074735259_Maxillary_Occlusal_View,1694.0,1270.0,26.086166848776053,False,
anonymous_003_103_377_00_1728133285533_Maxillary_Occlusal_View,1585.0,1188.0,24.615452593505555,False,
anonymous_003-008-1104-00_1732272483924_Maxillary_Occlusal_View,1467.0,1099.0,18.424108047258525,False,
anonymous_003-008-1417-00_1733917109783_Maxillary_Occlusal_View,1562.0,1171.0,35.86903785671124,False,
anonymous_003_007_502_00_1728708607584_Maxillary_Occlusal_View,2277.0,1518.0,17.556980121707223,False,
anonymous_003-007-577-00_1728965843715_Maxillary_Occlusal_View,2711.0,2711.0,10.887457413709583,False,
anonymous_003_103_358_00_1728053441663_Maxillary_Occlusal_View,1767.0,1324.0,21.568527062519014,False,
anonymous_003-007-699-00_1729324752845_Maxillary_Occlusal_View,2322.0,1548.0,11.280696706212847,False,
anonymous_003_007_559_00_1728894486088_Maxillary_Occlusal_View,2489.0,1659.0,96.09497584099478,False,
anonymous_003-008-650-00_1729167733200_Maxillary_Occlusal_View,1457.0,1092.0,25.413965619734864,False,
anonymous_003-007-806-00_1729919233160_Maxillary_Occlusal_View,3313.0,2483.0,9.014951962397307,False,
anonymous_003-008-935-00_1730724141122_Maxillary_Occlusal_View,1341.0,1005.0,19.202040505897063,False,
anonymous_003_007_395_00_1728367097307_Maxillary_Occlusal_View,2601.0,1461.0,12.338437891972152,False,
anonymous_003-008-1273-00_1733140554614_Maxillary_Occlusal_View,1432.0,1074.0,181.83672756174215,False,
anonymous_003-008-1396-00_1733833829814_Maxillary_Occlusal_View,1526.0,1144.0,25.5568366886241,False,
anonymous_003-007-757-00_1729669599847_Maxillary_Occlusal_View,3128.0,2344.0,10.009216656609276,False,
anonymous_003-007-878-00_1730274520723_Maxillary_Occlusal_View,3332.0,2497.0,6.459172884874047,False,
anonymous_003-009-707-00_1729343513251_Maxillary_Occlusal_View,2121.0,1414.0,13.721580913034297,False,
anonymous_003_007_344_00_1728027849334_Maxillary_Occlusal_View,2405.0,1803.0,14.226932653115618,False,
anonymous_003_008_498_00_1728656110446_Maxillary_Occlusal_View,2143.0,1606.0,13.913061369999516,False,
anonymous_003_103_303_00_1727871236587_Maxillary_Occlusal_View,1599.0,1198.0,20.848466498697494,False,
anonymous_003_103_389_00_1728201279605_Maxillary_Occlusal_View,1556.0,1166.0,16.990886265928467,False,
anonymous_003-007-609-00_1729062135762_Maxillary_Occlusal_View,2815.0,1877.0,21.835032524870776,False,
anonymous_003-008-1291-00_1733311003393_Maxillary_Occlusal_View,1413.0,1059.0,23.05328825171081,False,
anonymous_003-007-1147-00_1732601448785_Maxillary_Occlusal_View,2917.0,2186.0,8.718218373819381,False,
anonymous_004-008-915-00_1730378380302_Maxillary_Occlusal_View,1577.0,1182.0,22.784167933434528,False,
anonymous_003-008-1354-00_1733575459863_Maxillary_Occlusal_View,1448.0,1085.0,20.855609123944745,False,
anonymous_003-008-1378-00_1733754009693_Maxillary_Occlusal_View,1542.0,1156.0,16.219515605617012,False,
anonymous_003-008-1200-00_1732786546715_Maxillary_Occlusal_View,1400.0,1049.0,15.817904633073093,False,
anonymous_003-007-1471-00_1734154142740_Maxillary_Occlusal_View,2404.0,1802.0,13.98364338010321,False,
anonymous_003-007-1454-00_1734076622499_Maxillary_Occlusal_View,2881.0,2159.0,13.338361076381752,False,
anonymous_003-007-1082-00_1731478941599_Maxillary_Occlusal_View,3132.0,2347.0,7.42995691355651,False,
anonymous_003-008-1108-00_1732278434307_Maxillary_Occlusal_View,1680.0,1259.0,18.009744278363605,False,
anonymous_003-007-691-00_1729313275146_Maxillary_Occlusal_View,3122.0,2340.0,6.934370216978933,False,
anonymous_003-007-663-00_1729231959410_Maxillary_Occlusal_View,3374.0,2529.0,17.855640895640253,False,
anonymous_003-007-1382-00_1733807613592_Maxillary_Occlusal_View,2666.0,1998.0,16.471153503701583,False,
anonymous_003-007-1100-00_1732262920724_Maxillary_Occlusal_View,2904.0,2176.0,7.956992947170573,False,
anonymous_003-008-1114-00_1732362046489_Maxillary_Occlusal_View,1630.0,1222.0,39.02373257737104,False,
anonymous_003_007_450_00_1728541413504_Maxillary_Occlusal_View,2559.0,1437.0,62.35411877913579,False,
anonymous_003-007-711-00_1729486430166_Maxillary_Occlusal_View,2076.0,1384.0,17.666778342091767,False,
anonymous_003-007-1446-00_1734067718905_Maxillary_Occlusal_View,2719.0,2038.0,14.651643560987983,False,
anonymous_003_007_421_00_1728455045188_Maxillary_Occlusal_View,2493.0,2493.0,13.234950520506898,False,
anonymous_003-008-1308-00_1733401560725_Maxillary_Occlusal_View,1478.0,1108.0,45.03044457643532,False,
anonymous_003-008-860-00_1730202956330_Maxillary_Occlusal_View,1665.0,1248.0,24.842997205846594,False,
anonymous_003-007-759-00_1729673074394_Maxillary_Occlusal_View,3413.0,2558.0,5.820089079423197,False,
anonymous_003-008-747-00_1729604100835_Maxillary_Occlusal_View,1403.0,1051.0,22.397864928484896,False,
anonymous_003-008-1372-00_1733740703713_Maxillary_Occlusal_View,1560.0,1169.0,47.636135123047275,False,
anonymous_003-007-1368-00_1733733008054_Maxillary_Occlusal_View,2961.0,2219.0,7.951048144491975,False,
anonymous_003-008-1305-00_1733394975162_Maxillary_Occlusal_View,1478.0,1108.0,40.45446024199389,False,
anonymous_003-008-1204-00_1732791234357_Maxillary_Occlusal_View,1574.0,1180.0,38.91142168582725,False,
anonymous_003-007-585-00_1728979691813_Maxillary_Occlusal_View,2716.0,2036.0,11.819052337753394,False,
anonymous_003-007-966-00_1730877856983_Maxillary_Occlusal_View,3392.0,2542.0,13.006318598874715,False,
anonymous_003-008-743-00_1729599647750_Maxillary_Occlusal_View,1465.0,1098.0,25.210718828990032,False,
anonymous_003-007-1259-00_1733119589750_Maxillary_Occlusal_View,2562.0,1920.0,7.919458056656614,False,
anonymous_003_007_454_00_1728548324368_Maxillary_Occlusal_View,3458.0,1942.0,15.611865995499521,False,
anonymous_003-008-646-00_1729160916094_Maxillary_Occlusal_View,1618.0,1213.0,16.138557593326297,False,
anonymous_003-008-1311-00_1733404330359_Maxillary_Occlusal_View,1667.0,1249.0,35.50004610261569,False,
anonymous_003_008_544_00_1728822011301_Maxillary_Occlusal_View,1683.0,1262.0,24.35932598421486,False,
anonymous_003_007_362_00_1728106141017_Maxillary_Occlusal_View,1987.0,1987.0,16.89483074255274,False,
anonymous_003-007-1363-00_1733726568839_Maxillary_Occlusal_View,3181.0,2384.0,8.991815785676579,False,
anonymous_003_007_360_00_1728102400598_Maxillary_Occlusal_View,3159.0,1774.0,42.16150202367237,False,
anonymous_003-007-1338-00_1733552548400_Maxillary_Occlusal_View,2703.0,2026.0,12.951888303086761,False,
anonymous_003-007-673-00_1729239709286_Maxillary_Occlusal_View,3960.0,2640.0,12.020519856074237,False,
anonymous_003-007-717-00_1729494912902_Maxillary_Occlusal_View,2385.0,1590.0,16.349298416208672,False,
anonymous_004-007-1028-00_1731221772302_Maxillary_Occlusal_View,3233.0,2423.0,19.65868819837444,False,
anonymous_003-008-729-00_1729518589826_Maxillary_Occlusal_View,1543.0,1157.0,11.366231411281799,False,
anonymous_003-008-621-00_1729084830092_Maxillary_Occlusal_View,1616.0,1211.0,16.418290649868833,False,
anonymous_003-007-1299-00_1733384086377_Maxillary_Occlusal_View,2483.0,1861.0,10.498077502338894,False,
anonymous_003-008-1184-00_1732710518322_Maxillary_Occlusal_View,1603.0,1201.0,129.91751363281114,False,
anonymous_003_103_379_00_1728136654331_Maxillary_Occlusal_View,1721.0,1290.0,26.096868506233516,False,
anonymous_003-007-1342-00_1733555666542_Maxillary_Occlusal_View,3081.0,2309.0,6.592287713935191,False,
anonymous_003-008-1346-00_1733568350332_Maxillary_Occlusal_View,1484.0,833.0,27.21318311023702,False,
anonymous_003-007-1386-00_1733813520372_Maxillary_Occlusal_View,2805.0,2102.0,13.713344466837016,False,
anonymous_003-008-888-00_1730289062478_Maxillary_Occlusal_View,1587.0,1190.0,17.8797202055011,False,
anonymous_003-008-1074-00_1731418391377_Maxillary_Occlusal_View,1523.0,1142.0,25.159994752014097,False,
anonymous_003_007_460_00_1728562740351_Maxillary_Occlusal_View,2067.0,1549.0,27.638894206202703,False,
anonymous_003-007-1450-00_1734072285446_Maxillary_Occlusal_View,2955.0,2214.0,13.756223338069264,False,
anonymous_003_007_338_00_1728018126899_Maxillary_Occlusal_View,3373.0,1894.0,41.60279124779869,False,
anonymous_003-008-977-00_1730895561784_Maxillary_Occlusal_View,1334.0,1000.0,32.23804842371411,False,
anonymous_003-007-1406-00_1733903593844_Maxillary_Occlusal_View,3144.0,2357.0,9.090081814576772,False,
anonymous_003-008-1245-00_1732962951746_Maxillary_Occlusal_View,1584.0,1187.0,25.55249840217245,False,
anonymous_003_007_470_00_1728624071317_Maxillary_Occlusal_View,2753.0,1546.0,10.680051217286705,False,
anonymous_003-008-1136-00_1732533544748_Maxillary_Occlusal_View,1643.0,1232.0,31.600218940896642,False,
anonymous_003-007-899-00_1730351059853_Maxillary_Occlusal_View,2880.0,2159.0,52.50610517929419,False,
anonymous_003-007-810-00_1729925219683_Maxillary_Occlusal_View,3004.0,2251.0,10.615016790439348,False,
anonymous_003_008_492_00_1728648396729_Maxillary_Occlusal_View,1732.0,1298.0,18.70121690204246,False,
anonymous_003-008-1222-00_1732876045526_Maxillary_Occlusal_View,1511.0,1132.0,18.98802859455122,False,
anonymous_003-008-592-00_1728997206767_Maxillary_Occlusal_View,1571.0,1177.0,14.292533987233218,False,
anonymous_003-008-1153-00_1732615253462_Maxillary_Occlusal_View,1751.0,1312.0,21.118152804922413,False,
anonymous_003-007-808-00_1729921561170_Maxillary_Occlusal_View,3069.0,2300.0,12.760040449721325,False,
anonymous_003-007-950-00_1730792603619_Maxillary_Occlusal_View,3168.0,2374.0,9.48221986606647,False,
anonymous_003_007_548_00_1728880234229_Maxillary_Occlusal_View,2771.0,1556.0,50.085235348838985,False,
anonymous_003-008-1206-00_1732794547718_Maxillary_Occlusal_View,1619.0,1213.0,25.499157968636283,False,
anonymous_003-007-1098-00_1732258945547_Maxillary_Occlusal_View,2646.0,1983.0,11.34761954072083,False,
anonymous_003_007_367_00_1728117213404_Maxillary_Occlusal_View,2715.0,1525.0,97.53881428208426,False,
anonymous_003-008-1438-00_1734004111041_Maxillary_Occlusal_View,1449.0,1086.0,29.693026270184454,False,
anonymous_003-008-1479-00_1734169545024_Maxillary_Occlusal_View,1399.0,1048.0,151.14453134026033,False,
anonymous_003-008-886-00_1730285789339_Maxillary_Occlusal_View,1620.0,1214.0,28.247781181207397,False,
anonymous_003-008-683-00_1729255621249_Maxillary_Occlusal_View,1713.0,1284.0,10.824287130657561,False,
anonymous_003-007-875-00_1730270104192_Maxillary_Occlusal_View,2997.0,2246.0,10.1734643384968,False,
anonymous_003-007-1169-00_1732687162700_Maxillary_Occlusal_View,2938.0,2202.0,8.847055150679855,False,
anonymous_003_007_312_00_1727929200065_Maxillary_Occlusal_View,2302.0,1293.0,21.022818906581872,False,
anonymous_003-007-1058-00_1731390028166_Maxillary_Occlusal_View,3244.0,2431.0,6.500515959755248,False,
anonymous_003-008-956-00_1730802283299_Maxillary_Occlusal_View,1421.0,1065.0,20.300691494728156,False,
anonymous_003-007-611-00_1729064406517_Maxillary_Occlusal_View,3492.0,2328.0,7.664962465581327,False,
anonymous_003-008-937-00_1730727374307_Maxillary_Occlusal_View,1768.0,1325.0,15.685789276435255,False,
anonymous_003-007-753-00_1729659446300_Maxillary_Occlusal_View,3623.0,2415.0,9.168608148444159,False,
anonymous_003-008-931-00_1730717738893_Maxillary_Occlusal_View,1759.0,988.0,21.505725811850642,False,
anonymous_003-008-979-00_1730897833262_Maxillary_Occlusal_View,1548.0,1160.0,30.75496884832517,False,
anonymous_003-007-719-00_1729496830754_Maxillary_Occlusal_View,2368.0,1775.0,8.117038391420948,False,
anonymous_003_007_504_00_1728710905876_Maxillary_Occlusal_View,2309.0,1539.0,23.590613144724227,False,
anonymous_003-008-1269-00_1733136061634_Maxillary_Occlusal_View,1754.0,1314.0,18.60776368164632,False,
anonymous_003-008-739-00_1729592576624_Maxillary_Occlusal_View,1648.0,1235.0,15.505006190166478,False,
anonymous_003-008-1120-00_1732369192953_Maxillary_Occlusal_View,1596.0,1196.0,18.641484564199658,False,
anonymous_003_103_444_00_1728484210222_Maxillary_Occlusal_View,1558.0,1168.0,17.59169883608527,False,
anonymous_003-008-599-00_1729004805118_Maxillary_Occlusal_View,1402.0,1051.0,19.75162619015213,False,
anonymous_003_007_512_00_1728719966330_Maxillary_Occlusal_View,2606.0,1463.0,17.060989839753717,False,
anonymous_003-007-944-00_1730784221223_Maxillary_Occlusal_View,2770.0,2076.0,9.679379910471594,False,
anonymous_003-007-1359-00_1733722491507_Maxillary_Occlusal_View,2873.0,2154.0,15.958438773804323,False,
anonymous_003_007_514_00_1728722215801_Maxillary_Occlusal_View,2675.0,1783.0,93.32023187779768,False,
anonymous_003-008-563-00_1728904641646_Maxillary_Occlusal_View,1340.0,1004.0,30.727872588257352,False,
anonymous_003_007_506_00_1728713000303_Maxillary_Occlusal_View,2475.0,1390.0,12.5023056437449,False,
anonymous_003-008-1352-00_1733573210726_Maxillary_Occlusal_View,1501.0,843.0,25.677138897364138,False,
anonymous_003-008-1307-00_1733399296706_Maxillary_Occlusal_View,1468.0,1100.0,23.71497078528289,False,
anonymous_003_103_436_00_1728476704998_Maxillary_Occlusal_View,1833.0,1374.0,17.06851027095832,False,
anonymous_003-008-958-00_1730805305872_Maxillary_Occlusal_View,1751.0,1313.0,18.02230386680428,False,
anonymous_003-007-1283-00_1733297000416_Maxillary_Occlusal_View,2784.0,2086.0,10.004255408890783,False,
anonymous_003-008-820-00_1729944688530_Maxillary_Occlusal_View,1711.0,1283.0,14.803432254474995,False,
anonymous_003-008-1323-00_1733478439118_Maxillary_Occlusal_View,1363.0,1022.0,25.74415733118659,False,
anonymous_003-007-721-00_1729498293665_Maxillary_Occlusal_View,2418.0,1612.0,23.50092819936375,False,
anonymous_003-007-1277-00_1733288989839_Maxillary_Occlusal_View,2820.0,2114.0,9.242407076599596,False,
anonymous_003-007-1039-00_1731308349671_Maxillary_Occlusal_View,3051.0,2287.0,13.309962094197438,False,
anonymous_003-007-698-00_1729321479031_Maxillary_Occlusal_View,2454.0,1636.0,12.715600025363017,False,
anonymous_003-007-987-00_1730958766991_Maxillary_Occlusal_View,3286.0,2463.0,60.995625208386656,False,
anonymous_003-008-851-00_1730122523730_Maxillary_Occlusal_View,1728.0,1295.0,18.107118687906993,False,
anonymous_003-007-1172-00_1732692324606_Maxillary_Occlusal_View,2961.0,2219.0,11.280727389869769,False,
anonymous_003-008-1456-00_1734084334408_Maxillary_Occlusal_View,1663.0,1246.0,30.70071540989317,False,
anonymous_003-007-870-00_1730264018655_Maxillary_Occlusal_View,3333.0,2498.0,8.82041768266172,False,
anonymous_003_103_326_00_1727953705982_Maxillary_Occlusal_View,1777.0,1332.0,23.748814888980316,False,
anonymous_003-008-652-00_1729170164776_Maxillary_Occlusal_View,1251.0,938.0,24.646199886637547,False,
anonymous_003_103_381_00_1728187282301_Maxillary_Occlusal_View,1638.0,1228.0,25.12472208121719,False,
anonymous_003_103_371_00_1728125652297_Maxillary_Occlusal_View,1454.0,1090.0,27.394132589321895,False,
anonymous_003-008-1116-00_1732364867658_Maxillary_Occlusal_View,1568.0,1175.0,29.424794742409414,False,
anonymous_003-007-1261-00_1733123016185_Maxillary_Occlusal_View,2920.0,2188.0,6.067026365984088,False,
anonymous_003-008-1410-00_1733911356831_Maxillary_Occlusal_View,1811.0,1358.0,35.91625215709099,False,
anonymous_003-007-769-00_1729751173737_Maxillary_Occlusal_View,3352.0,2513.0,41.09991287084489,False,
anonymous_003-007-776-00_1729758162119_Maxillary_Occlusal_View,3221.0,2147.0,13.61475886987615,False,
anonymous_003-008-847-00_1730117317228_Maxillary_Occlusal_View,1634.0,1224.0,26.19888932651704,False,
anonymous_004-007-1026-00_1731218072400_Maxillary_Occlusal_View,3364.0,2522.0,10.166164388297409,False,
anonymous_003-008-681-00_1729253097677_Maxillary_Occlusal_View,1764.0,1322.0,14.591751822546136,False,
anonymous_003_008_532_00_1728806117003_Maxillary_Occlusal_View,1621.0,1215.0,28.57050983200904,False,
anonymous_003_007_393_00_1728363083249_Maxillary_Occlusal_View,2549.0,2549.0,54.50968146433978,False,
anonymous_003-008-1202-00_1732788831480_Maxillary_Occlusal_View,1775.0,1330.0,28.711934341280127,False,
anonymous_003-008-975-00_1730892499976_Maxillary_Occlusal_View,1426.0,1069.0,18.20013854541098,False,
anonymous_003-007-607-00_1729059680698_Maxillary_Occlusal_View,3451.0,2301.0,9.241663991298312,False,
anonymous_003-007-642-00_1729154783455_Maxillary_Occlusal_View,3274.0,2182.0,10.27812999703606,False,
anonymous_003-008-1179-00_1732704974831_Maxillary_Occlusal_View,1729.0,1296.0,22.516175203556678,False,
anonymous_003-008-1229-00_1732885041482_Maxillary_Occlusal_View,1782.0,1336.0,20.78535899028571,False,
anonymous_003_103_356_00_1728050338658_Maxillary_Occlusal_View,1833.0,1374.0,20.49873686268424,False,
anonymous_003_007_340_00_1728021056982_Maxillary_Occlusal_View,2180.0,1634.0,247.15396974423462,False,
anonymous_003-008-687-00_1729259500783_Maxillary_Occlusal_View,1417.0,1062.0,31.364962275273314,False,
anonymous_003_103_324_00_1727950287273_Maxillary_Occlusal_View,1778.0,1332.0,86.2003718033831,False,
anonymous_003_007_500_00_1728705713790_Maxillary_Occlusal_View,2828.0,2828.0,14.294633229207658,False,
anonymous_003-008-727-00_1729516303649_Maxillary_Occlusal_View,1241.0,930.0,26.81321683123022,False,
anonymous_003-008-1225-00_1732878129340_Maxillary_Occlusal_View,1656.0,1241.0,26.71859690739543,False,
anonymous_003_007_452_00_1728544673959_Maxillary_Occlusal_View,1942.0,1091.0,18.67179502857648,False,
anonymous_003_007_425_00_1728461756319_Maxillary_Occlusal_View,2078.0,2078.0,95.96280364154947,False,
anonymous_003-007-628-00_1729139603004_Maxillary_Occlusal_View,2989.0,1993.0,22.80927357371196,False,
anonymous_003-007-1448-00_1734070151840_Maxillary_Occlusal_View,2388.0,1790.0,16.57809999206799,False,
anonymous_003_103_300_00_1727868501855_Maxillary_Occlusal_View,1759.0,1318.0,24.329632300132005,False,
anonymous_003-007-1216-00_1732864099480_Maxillary_Occlusal_View,2522.0,1890.0,6.582572616422972,False,
anonymous_003-008-1394-00_1733831166816_Maxillary_Occlusal_View,1515.0,1136.0,32.54812942583165,False,
anonymous_003_008_518_00_1728730492892_Maxillary_Occlusal_View,1618.0,1213.0,35.82886376945418,False,
anonymous_003_007_427_00_1728463593473_Maxillary_Occlusal_View,2570.0,1443.0,79.17039340183851,False,
anonymous_003-008-1350-00_1733571474043_Maxillary_Occlusal_View,1436.0,1076.0,19.802672263981137,False,
anonymous_003-007-1237-00_1732950198369_Maxillary_Occlusal_View,3026.0,2268.0,9.198234324787347,False,
anonymous_003-008-822-00_1729947030203_Maxillary_Occlusal_View,1691.0,1267.0,14.124163937872842,False,
anonymous_003-008-858-00_1730200061435_Maxillary_Occlusal_View,1678.0,1258.0,26.435731399108978,False,
anonymous_003_007_509_00_1728715858343_Maxillary_Occlusal_View,2739.0,1826.0,29.398840569246424,False,
anonymous_003_007_458_00_1728560210664_Maxillary_Occlusal_View,1825.0,1368.0,20.407673561959545,False,
anonymous_003-008-799-00_1729861944603_Maxillary_Occlusal_View,1596.0,1196.0,25.004273745289332,False,
anonymous_003-007-1423-00_1733982959859_Maxillary_Occlusal_View,2692.0,2018.0,15.48891218948373,False,
anonymous_003-007-1214-00_1732862917124_Maxillary_Occlusal_View,2854.0,2139.0,12.227460418020522,False,
anonymous_003_007_423_00_1728457856133_Maxillary_Occlusal_View,2913.0,1636.0,41.66618058784424,False,
anonymous_003_103_352_00_1728045407980_Maxillary_Occlusal_View,1701.0,1275.0,45.31974962814349,False,
anonymous_003_007_313_00_1727931672033_Maxillary_Occlusal_View,2491.0,1867.0,9.496748928795121,False,
anonymous_003_007_316_00_1727935213578_Maxillary_Occlusal_View,2497.0,1402.0,21.373369689869953,False,
anonymous_003_103_348_00_1728038053517_Maxillary_Occlusal_View,1843.0,1381.0,21.489991200597192,False,
anonymous_003-008-1434-00_1734000238168_Maxillary_Occlusal_View,1215.0,683.0,38.25772920152072,False,
anonymous_003-007-774-00_1729755584991_Maxillary_Occlusal_View,2956.0,2215.0,9.720389482346807,False,
anonymous_003-008-1140-00_1732538036389_Maxillary_Occlusal_View,1456.0,1092.0,40.53172971059569,False,
anonymous_003-007-837-00_1730101031010_Maxillary_Occlusal_View,3434.0,2574.0,9.49231992408161,False,
anonymous_003-007-675-00_1729243996615_Maxillary_Occlusal_View,1616.0,1211.0,23.335155350962133,False,
anonymous_003-008-1329-00_1733490890827_Maxillary_Occlusal_View,1233.0,924.0,35.08474512823957,False,
anonymous_003-009-1196-00_1732780449325_Maxillary_Occlusal_View,2380.0,1587.0,11.557731662299034,False,
anonymous_003-008-1289-00_1733308999573_Maxillary_Occlusal_View,1392.0,1043.0,37.54879360941905,False,
anonymous_003-008-1018-00_1731069917933_Maxillary_Occlusal_View,1530.0,1147.0,24.049966323812935,False,
anonymous_003-007-1165-00_1732681881529_Maxillary_Occlusal_View,2547.0,1909.0,7.532978419660046,False,
anonymous_003-007-830-00_1730091915668_Right_Lateral_View,2497.0,2497.0,22.85010859784424,False,
anonymous_003-008-799-00_1729861944603_Right_Lateral_View,980.0,550.0,28.15820452677775,False,
anonymous_003_103_381_00_1728187282301_Right_Lateral_View,1319.0,988.0,50.345024972855725,False,
anonymous_003-008-679-00_1729249395420_Right_Lateral_View,1220.0,685.0,76.50556621552956,False,
anonymous_003-008-621-00_1729084830092_Right_Lateral_View,1154.0,648.0,54.191417272225564,False,
anonymous_003_007_512_00_1728719966330_Right_Lateral_View,1542.0,1028.0,90.92559688940925,False,
anonymous_004-007-1028-00_1731221772302_Right_Lateral_View,2015.0,2015.0,12.102621651602403,False,
anonymous_003_103_369_00_1728122663687_Right_Lateral_View,1063.0,797.0,20.338287052444027,False,
anonymous_003-007-611-00_1729064406517_Right_Lateral_View,1592.0,1592.0,10.140248174981073,False,
anonymous_003_008_523_00_1728736795070_Right_Lateral_View,1360.0,1019.0,32.84023259182694,False,
anonymous_003_007_419_00_1728451706078_Right_Lateral_View,1372.0,1372.0,21.52522047033463,False,
anonymous_003_007_525_00_1728797698567_Right_Lateral_View,1029.0,1029.0,14.7968212339522,False,
anonymous_003-007-609-00_1729062135762_Right_Lateral_View,2090.0,2090.0,6.296889036423103,False,
anonymous_003-007-1098-00_1732258945547_Right_Lateral_View,1414.0,1414.0,8.196808241549201,False,
anonymous_003-008-1438-00_1734004111041_Right_Lateral_View,1010.0,567.0,91.4894642933393,False,
anonymous_003-007-698-00_1729321479031_Right_Lateral_View,1012.0,1012.0,23.782424676427333,False,
anonymous_003-007-1169-00_1732687162700_Right_Lateral_View,1352.0,1352.0,10.431464120203373,False,
anonymous_003_103_348_00_1728038053517_Right_Lateral_View,1148.0,860.0,21.025102251164544,False,
anonymous_003-008-1291-00_1733311003393_Right_Lateral_View,901.0,506.0,46.66049772715641,False,
anonymous_003-008-977-00_1730895561784_Right_Lateral_View,875.0,491.0,120.29460416929085,False,
anonymous_003-008-1132-00_1732528430246_Right_Lateral_View,885.0,497.0,45.29490823710418,False,
anonymous_003-007-1470-00_1734153932834_Right_Lateral_View,2082.0,2082.0,5.849166606819659,False,
anonymous_003-008-1052-00_1731329608354_Right_Lateral_View,927.0,521.0,53.374412660528606,False,
anonymous_005-007-1024-00_1731215533901_Right_Lateral_View,2045.0,2045.0,7.043835693902677,False,
anonymous_003-007-769-00_1729751173737_Right_Lateral_View,2059.0,2059.0,6.819026903811467,False,
anonymous_003-007-1231-00_1732942105328_Right_Lateral_View,1568.0,1568.0,12.236967099509142,False,
anonymous_003-007-1400-00_1733894193696_Right_Lateral_View,1656.0,1656.0,6.076525266650873,False,
anonymous_003-007-901-00_1730354419378_Right_Lateral_View,1660.0,1660.0,10.612416138046154,False,
anonymous_003-007-663-00_1729231959410_Right_Lateral_View,2277.0,2277.0,6.844342105421126,False,
anonymous_003_103_310_00_1727879635589_Right_Lateral_View,1331.0,998.0,15.088867441644275,False,
anonymous_003_008_544_00_1728822011301_Right_Lateral_View,1284.0,963.0,28.976224337137126,False,
anonymous_003-008-1014-00_1731061021647_Right_Lateral_View,878.0,493.0,44.85418982376912,False,
anonymous_003_008_518_00_1728730492892_Right_Lateral_View,1371.0,770.0,34.619425525083486,False,
anonymous_003-008-816-00_1729939059509_Right_Lateral_View,1239.0,696.0,23.50228011216426,False,
anonymous_003-008-1188-00_1732714947165_Right_Lateral_View,976.0,548.0,52.72832437454474,False,
anonymous_003-008-1140-00_1732538036389_Right_Lateral_View,1008.0,566.0,43.28856076214197,False,
anonymous_003_007_367_00_1728117213404_Right_Lateral_View,1407.0,1407.0,12.293734897018933,False,
anonymous_003_007_509_00_1728715858343_Right_Lateral_View,1095.0,1095.0,57.88275551886507,False,
anonymous_003-009-1194-00_1732775915152_Right_Lateral_View,1529.0,1019.0,13.618181277933243,False,
anonymous_003_007_423_00_1728457856133_Right_Lateral_View,1457.0,818.0,116.44392536205484,False,
anonymous_003_007_470_00_1728624071317_Right_Lateral_View,1163.0,653.0,43.12793109469437,False,
anonymous_003-008-860-00_1730202956330_Right_Lateral_View,991.0,556.0,23.877248989846905,False,
anonymous_003-007-1035-00_1731301508894_Right_Lateral_View,1735.0,1735.0,9.98761480544354,False,
anonymous_003-008-1134-00_1732531184012_Right_Lateral_View,927.0,521.0,189.3711912514756,False,
anonymous_003-007-1066-00_1731400435441_Right_Lateral_View,1412.0,1412.0,7.1956284257033145,False,
anonymous-frontalView-1727764541094,2017.0,1133.0,539.4145902622874,False,
anonymous-frontalView-1727782565213,1308.0,980.0,135.19178986620764,False,
anonymous-frontalView-1727782069269,1343.0,1007.0,73.1463654030678,False,
anonymous-frontalView-1726825874701,1221.0,1221.0,44.993574067512,False,
anonymous-frontalView-1727264432721,987.0,740.0,35.71321222243415,False,
anonymous-frontalView-1727428268803,1975.0,1317.0,176.74259523407346,False,
anonymous-frontalView-1727759245618,1780.0,1000.0,232.0429685374057,False,
anonymous-frontalView-1727270503644,1226.0,919.0,105.35411360742494,False,
anonymous-frontalView-1727096382517,1132.0,1132.0,42.0592428079535,False,
anonymous-frontalView-1727777891803,1517.0,1137.0,145.6761678098895,False,
anonymous-frontalView-1727261041674,1462.0,1096.0,25.018027539334515,False,
anonymous-frontalView-1727702993244,1462.0,1096.0,206.6918490198056,False,
anonymous-frontalView-1727879831516,1287.0,965.0,40.60546395010533,False,
anonymous-frontalView-1727778270339,1341.0,1005.0,173.42903356854654,False,
anonymous-frontalView-1726821735681,1910.0,1074.0,51.53237293473975,False,
anonymous-frontalView-1727765165945,1904.0,1069.0,221.49821015529437,False,
anonymous-frontalView-1727264107198,1365.0,1023.0,31.3494935134425,False,
anonymous-leftLateralView-1726821900030,2089.0,1174.0,22.926279187072815,False,
anonymous-leftLateralView-1727759565710,1491.0,837.0,229.12437542207954,False,
anonymous-leftLateralView-1727444994073,1116.0,627.0,29.64512270410262,False,
anonymous-leftLateralView-1727778402668,1060.0,596.0,67.80228808042654,False,
anonymous-leftLateralView-1727270689599,1220.0,686.0,141.77857513220664,False,
anonymous-leftLateralView-1727086025978,1564.0,879.0,22.949562147352722,False,
anonymous-leftLateralView-1727076321714,2800.0,1574.0,30.075628742296978,False,
anonymous-leftLateralView-1727096795523,1645.0,925.0,23.557104848756566,False,
anonymous-leftLateralView-1727703135697,1276.0,717.0,34.931151055074295,False,
anonymous-leftLateralView-1727765301033,2127.0,1194.0,127.6128277647944,False,
anonymous-leftLateralView-1727759849285,1443.0,810.0,88.91683367054617,False,
anonymous-leftLateralView-1727089857497,1785.0,1004.0,79.90682870112238,False,
anonymous-leftLateralView-1727415817341,1659.0,932.0,117.05104087735539,False,
anonymous-leftLateralView-1726826622092,1265.0,1265.0,13.32826133501545,False,
anonymous-leftLateralView-1726833093498,1265.0,1265.0,38.72982275544251,False,
anonymous-mandibularView-1727671536356,2349.0,1319.0,124.12905141506684,False,
anonymous-mandibularView-1727865092793,1350.0,1012.0,51.96217970381864,False,
anonymous-mandibularView-1726829514129,1846.0,1846.0,60.789906184432006,False,
anonymous-mandibularView-1727172577206,1737.0,1303.0,47.91667025378537,False,
anonymous-mandibularView-1726815235760,1777.0,1777.0,49.51960375086768,False,
anonymous-mandibularView-1727183142255,1104.0,828.0,156.38856777855784,False,
anonymous-mandibularView-1727337671692,1845.0,1230.0,171.59445376054003,False,
anonymous-mandibularView-1727422687353,2450.0,1376.0,20.521073476894916,False,
anonymous-mandibularView-1726839624531,2753.0,2064.0,14.164945496450576,False,
anonymous-mandibularView-1727445127094,1439.0,1079.0,139.26456254814187,False,
anonymous-mandibularView-1727759413148,2283.0,1282.0,224.90585332781842,False,
anonymous-mandibularView-1727412311322,3004.0,1687.0,29.32805076500483,False,
anonymous-mandibularView-1727264656564,1145.0,859.0,105.85351288915528,False,
anonymous-mandibularView-1727261519140,1176.0,882.0,169.88672135718446,False,
anonymous-mandibularView-1727424678264,2049.0,1151.0,253.1933192408626,False,
anonymous-mandibularView-1727679385822,2629.0,1477.0,154.12386364991352,False,
anonymous-mandibularView-1727701169790,1807.0,1355.0,117.15002947545533,False,
anonymous-mandibularView-1727248261550,2447.0,1375.0,61.76927877096581,False,
anonymous-mandibularView-1727757496729,2747.0,1543.0,29.90988551053726,False,
anonymous-mandibularView-1727871833598,1506.0,846.0,91.45445124957273,False,
anonymous-mandibularView-1727085642331,2133.0,2133.0,29.392167665977812,False,
anonymous-mandibularView-1727348556215,1366.0,1025.0,66.95587525520949,False,
anonymous-mandibularView-1727434026636,1528.0,1145.0,32.037916043631895,False,
anonymous-mandibularView-1727775921173,1614.0,1209.0,261.58647863839417,False,
anonymous-mandibularView-1727778549505,1296.0,971.0,35.69970735573936,False,
anonymous-mandibularView-1727244490430,1989.0,1492.0,58.086320230402364,False,
anonymous-mandibularView-1727671989993,2222.0,1248.0,30.68787614965373,False,
anonymous-mandibularView-1726807563014,1779.0,1334.0,35.879265459182044,False,
anonymous-mandibularView-1726919675322,2408.0,1606.0,38.60486590811931,False,
anonymous-mandibularView-1727419357690,3060.0,1719.0,105.57427136718682,False,
anonymous-mandibularView-1727257828723,1118.0,838.0,140.79649462784968,False,
anonymous-mandibularView-1727098507159,2172.0,1221.0,49.32435400466601,False,
anonymous-mandibularView-1727333174836,2113.0,1409.0,104.01518389149703,False,
anonymous-mandibularView-1727360521522,1446.0,1085.0,24.2658678653411,False,
anonymous-mandibularView-1727675256492,2836.0,1593.0,42.24926157893206,False,
anonymous-mandibularView-1727099992769,2048.0,1151.0,58.85111260533029,False,
anonymous-mandibularView-1727701760336,1696.0,1271.0,54.58698209475784,False,
anonymous-mandibularView-1727762301168,2876.0,1615.0,18.11733805830247,False,
anonymous-mandibularView-1727355440837,1566.0,1175.0,155.93531585890454,False,
anonymous-mandibularView-1726744063932,1677.0,1677.0,39.19550807989346,False,
anonymous-mandibularView-1727768118895,2132.0,1197.0,182.60772747152473,False,
anonymous-mandibularView-1727697872262,1239.0,929.0,163.4907588153593,False,
anonymous-mandibularView-1727264361497,1011.0,758.0,116.26661494102922,False,
anonymous-mandibularView-1727685981451,2222.0,1248.0,32.79533029912532,False,
anonymous-mandibularView-1727076573665,2463.0,1385.0,44.490924014638,False,
anonymous-mandibularView-1726920220931,2488.0,1659.0,47.73928888785728,False,
anonymous-mandibularView-1727864656191,1812.0,1358.0,173.56832812153127,False,
anonymous-mandibularView-1727444771254,1274.0,954.0,37.80506678663769,False,
anonymous-mandibularView-1727270866811,1413.0,1060.0,67.85269358242796,False,
anonymous-mandibularView-1727089236579,2862.0,1609.0,49.630617443793064,False,
anonymous-mandibularView-1727332772300,2416.0,1611.0,29.226466561269863,False,
anonymous-mandibularView-1726917861644,1631.0,1088.0,81.86702368986593,False,
anonymous-mandibularView-1727358291952,1147.0,860.0,98.62798455580878,False,
anonymous-mandibularView-1727247632394,3060.0,1720.0,77.25221409817703,False,
anonymous-mandibularView-1727182553430,1251.0,938.0,45.78136868531533,False,
anonymous-mandibularView-1727771992745,2064.0,1159.0,40.750893786849616,False,
anonymous-mandibularView-1727441908002,1521.0,1140.0,67.58560023134035,False,
anonymous-mandibularView-1727071228759,2635.0,1976.0,21.42393791910461,False,
anonymous-mandibularView-1726902155527,1360.0,1020.0,36.22407592257185,False,
anonymous-mandibularView-1727245119289,2675.0,1504.0,30.368762416547792,False,
anonymous-mandibularView-1727416019086,2354.0,1322.0,166.79363443657041,False,
anonymous-mandibularView-1726898977443,1628.0,1221.0,31.8565530819521,False,
anonymous-mandibularView-1726818342880,1813.0,1813.0,32.01646287746111,False,
anonymous-mandibularView-1727089697477,1782.0,1001.0,148.4904444180418,False,
anonymous-mandibularView-1726912686999,2009.0,1339.0,125.28191608428095,False,
anonymous-mandibularView-1727761912039,2773.0,1557.0,43.93231052458399,False,
anonymous-mandibularView-1727095371760,2213.0,1475.0,14.268071684293606,False,
anonymous-mandibularView-1727760042196,2961.0,1663.0,123.0520701744396,False,
anonymous-mandibularView-1726719770332,1439.0,1079.0,62.031484829092,False,
anonymous-mandibularView-1727093650385,2426.0,1364.0,51.805494825839894,False,
anonymous-mandibularView-1727697411448,1384.0,1037.0,22.762580055203763,False,
anonymous-mandibularView-1727352742671,1179.0,884.0,125.68832193287392,False,
anonymous-mandibularView-1727782847928,1639.0,1229.0,27.644145631197897,False,
anonymous-mandibularView-1727411330950,2809.0,2105.0,23.021715374541156,False,
anonymous-mandibularView-1727239159802,2392.0,1344.0,60.69708580377797,False,
anonymous-mandibularView-1727189749186,1443.0,1082.0,104.3635737065078,False,
anonymous-mandibularView-1727327624174,2507.0,2507.0,32.38448926635529,False,
anonymous-mandibularView-1727880039817,1312.0,983.0,327.227561378151,False,
anonymous-mandibularView-1727189364323,1086.0,815.0,96.09298757518087,False,
anonymous-mandibularView-1726892947220,1593.0,1195.0,25.491467926083025,False,
anonymous-mandibularView-1727186970184,936.0,702.0,144.062561799594,False,
anonymous-mandibularView-1727262144599,1253.0,940.0,101.22187633028868,False,
anonymous-mandibularView-1727692610879,1658.0,1242.0,24.578340170989158,False,
anonymous-mandibularView-1727258225680,1476.0,1107.0,65.28760919353108,False,
anonymous-mandibularView-1726650995629,1304.0,1304.0,15.193120169675577,False,
anonymous-mandibularView-1726915131470,1607.0,1205.0,52.33680341485561,False,
anonymous-mandibularView-1726826976195,1408.0,1408.0,23.072859255588725,False,
anonymous-mandibularView-1727268162263,1040.0,780.0,83.09785741063564,False,
anonymous-mandibularView-1727413356368,2529.0,1420.0,21.533010036382677,False,
anonymous-mandibularView-1727161518208,1995.0,1122.0,30.938277044774512,False,
anonymous-mandibularView-1727674930342,2719.0,1527.0,32.806973525443645,False,
anonymous-mandibularView-1727433589106,1366.0,1024.0,31.960614357672863,False,
anonymous-mandibularView-1727868418747,1617.0,1212.0,41.302742994718514,False,
anonymous-mandibularView-1727065045929,2467.0,1851.0,21.77507571566185,False,
anonymous-mandibularView-1727703597109,1713.0,1284.0,84.08811713979398,False,
anonymous-mandibularView-1726896440559,1759.0,1172.0,34.05298173635116,False,
anonymous-mandibularView-1727778139831,1520.0,1139.0,54.503733068498406,False,
anonymous-mandibularView-1727782462989,1787.0,1339.0,36.61904978182732,False,
anonymous-mandibularView-1726924265209,1934.0,1087.0,96.44809722292887,False,
anonymous-mandibularView-1727871049870,1266.0,949.0,74.03607105805604,False,
anonymous-mandibularView-1727765060075,3060.0,1719.0,66.07071634992592,False,
anonymous-mandibularView-1727418895026,2717.0,1526.0,30.699401273504126,False,
anonymous-mandibularView-1727355983916,1073.0,804.0,172.20176650935935,False,
anonymous-mandibularView-1727415678135,3060.0,1719.0,196.58374217240916,False,
anonymous-mandibularView-1726732189448,2304.0,1728.0,14.933174284142959,False,
anonymous-mandibularView-1727765441095,2020.0,1135.0,66.71934117007562,False,
anonymous-mandibularView-1726833340723,1782.0,2376.0,26.90635497436248,False,
anonymous-mandibularView-1727353090728,1322.0,992.0,64.82626059990069,False,
anonymous-mandibularView-1727066179164,2246.0,1263.0,23.40848584335343,False,
anonymous-mandibularView-1727340433457,2610.0,1466.0,20.78448662696009,False,
anonymous-mandibularView-1727073397857,1411.0,1411.0,37.48248669705233,False,
anonymous-mandibularView-1727160890315,3060.0,1720.0,60.66436509720464,False,
anonymous-mandibularView-1727327225213,2695.0,2020.0,49.98378090467676,False,
anonymous-mandibularView-1727703210894,1533.0,1149.0,34.02521547074462,False,
anonymous-mandibularView-1727868820474,1383.0,1037.0,68.09299518641203,False,
anonymous-mandibularView-1727431008520,1713.0,1284.0,20.57336780589135,False,
anonymous-mandibularView-1727096592972,2018.0,1134.0,63.52959256690032,False,
anonymous-mandibularView-1727337158763,2317.0,1545.0,23.18914020865307,False,
anonymous-mandibularView-1727683657018,2042.0,1147.0,130.8057462806222,False,
anonymous-mandibularView-1727428501523,1752.0,1168.0,312.853653548933,False,
anonymous-mandibularView-1726822762513,1467.0,825.0,13.656182238368684,False,
anonymous-mandibularView-1727442453392,1571.0,1177.0,44.71489629169993,False,
anonymous-mandibularView-1727682163253,2577.0,1448.0,35.592225888805984,False,
anonymous-mandibularView-1727348106084,1200.0,900.0,97.62654378469144,False,
anonymous-mandibularView-1727775462009,1522.0,1141.0,85.20612551485189,False,
anonymous-mandibularView-1726736862309,2618.0,1745.0,20.942714861144538,False,
anonymous-mandibularView-1727678940068,2236.0,1256.0,50.55966762854994,False,
anonymous-mandibularView-1727186497070,1281.0,961.0,50.75669918779919,False,
anonymous-maxillaryView-1727703498391,1244.0,932.0,21.142113604677846,False,
anonymous-maxillaryView-1726833218655,2048.0,2048.0,16.788156257719894,False,
anonymous-maxillaryView-1727262026419,1602.0,1202.0,74.8100957875499,False,
anonymous-maxillaryView-1727355919244,1478.0,1108.0,32.97676572819581,False,
anonymous-maxillaryView-1726732123109,1246.0,935.0,40.2354687655497,False,
anonymous-maxillaryView-1727782272418,1530.0,1146.0,69.23976242015304,False,
anonymous-maxillaryView-1727073298325,1495.0,1495.0,33.44096642997758,False,
anonymous-maxillaryView-1727868739995,1759.0,1318.0,25.40388168093954,False,
anonymous-maxillaryView-1727270782645,1663.0,1247.0,49.21324137281174,False,
anonymous-maxillaryView-1727759978916,2660.0,2660.0,72.05352794078323,False,
anonymous-maxillaryView-1726719640752,2005.0,1503.0,17.073566239711397,False,
anonymous-maxillaryView-1726736731821,2201.0,1467.0,15.434115698998479,False,
anonymous-maxillaryView-1727064908736,2718.0,2039.0,25.393881821024944,False,
anonymous-maxillaryView-1727348366571,1461.0,1096.0,30.048295724880578,False,
anonymous-maxillaryView-1727768058789,2371.0,1331.0,64.78146788571601,False,
anonymous-maxillaryView-1727261336115,1522.0,1142.0,97.7652931149756,False,
anonymous-maxillaryView-1727778452432,1642.0,1230.0,146.61491764222134,False,
anonymous-maxillaryView-1727355357799,1573.0,1180.0,67.79595169434721,False,
anonymous-maxillaryView-1726650785522,1432.0,1074.0,23.89782362173502,False,
anonymous-maxillaryView-1727697761042,1455.0,1090.0,25.58582360653527,False,
anonymous-maxillaryView-1727697308265,1595.0,1195.0,104.57389626522396,False,
anonymous-maxillaryView-1727327537743,2761.0,1840.0,16.018364672878782,False,
anonymous-maxillaryView-1727422621819,2031.0,1141.0,20.445527118950025,False,
anonymous-maxillaryView-1727445053162,1332.0,998.0,19.82883229918835,False,
anonymous-maxillaryView-1727685938488,2875.0,1614.0,14.43967780608646,False,
anonymous-maxillaryView-1727428386606,2268.0,1512.0,17.004180452562064,False,
anonymous-maxillaryView-1727444666698,1633.0,1224.0,19.448166485407057,False,
anonymous-maxillaryView-1727186443558,1205.0,904.0,27.73048323684103,False,
anonymous-maxillaryView-1727683614493,2141.0,1202.0,11.384240011071222,False,
anonymous-maxillaryView-1727332643063,2457.0,1638.0,14.53324554154451,False,
anonymous-maxillaryView-1727765379765,2770.0,1556.0,84.3336322336881,False,
anonymous-maxillaryView-1726839309284,2357.0,1768.0,17.205632039131565,False,
anonymous-maxillaryView-1727771945508,2878.0,2157.0,46.90740716423076,False,
anonymous-maxillaryView-1726919589186,2525.0,1683.0,13.327467520835729,False,
anonymous-maxillaryView-1727778085436,2126.0,1594.0,36.682958549068935,False,
anonymous-maxillaryView-1726807426131,2047.0,1151.0,38.81437470340945,False,
anonymous-maxillaryView-1727671456786,3044.0,1710.0,133.19441350709047,False,
anonymous-maxillaryView-1727678882524,2990.0,1679.0,112.55780074189006,False,
anonymous-maxillaryView-1727701083096,1642.0,1230.0,26.729546061941498,False,
anonymous-maxillaryView-1727336959258,2382.0,1588.0,12.398678228534173,False,
anonymous-maxillaryView-1727089628501,2727.0,1533.0,22.393236723288016,False,
anonymous-maxillaryView-1727086282838,2577.0,1933.0,14.6496263640936,False,
anonymous-maxillaryView-1727085542870,2046.0,1534.0,18.64790043883966,False,
anonymous-maxillaryView-1727703167326,1801.0,1350.0,97.58509905991727,False,
anonymous-maxillaryView-1727411238182,2983.0,1675.0,87.64096654592086,False,
anonymous-maxillaryView-1727413308098,2646.0,1486.0,162.71484522270785,False,
anonymous-maxillaryView-1727433905743,1245.0,933.0,25.13555172668933,False,
anonymous-maxillaryView-1726818272842,1759.0,1759.0,36.998555948587374,False,
anonymous-maxillaryView-1727679314167,2901.0,1629.0,16.481812970855497,False,
anonymous-maxillaryView-1727264590737,1164.0,873.0,52.39655462311029,False,
anonymous-maxillaryView-1727761780969,2758.0,2067.0,11.813094842260528,False,
anonymous-maxillaryView-1727161406853,2044.0,1533.0,10.756352099856544,False,
anonymous-maxillaryView-1727337592743,2355.0,1570.0,11.518889197977654,False,
anonymous-maxillaryView-1726826766672,1966.0,1966.0,10.143548124497137,False,
anonymous-maxillaryView-1727782733331,1831.0,1372.0,45.371680357482745,False,
anonymous-maxillaryView-1726815145023,1699.0,1699.0,47.18809333927144,False,
anonymous-maxillaryView-1727415611006,2877.0,1616.0,179.33603700352305,False,
anonymous-maxillaryView-1727071103334,2360.0,1770.0,18.606954897613424,False,
anonymous-maxillaryView-1727671934958,3060.0,1719.0,60.32378576226902,False,
anonymous-maxillaryView-1727764792798,3060.0,1719.0,43.898784057562764,False,
anonymous-maxillaryView-1727759298556,3047.0,1711.0,10.29832465360779,False,
anonymous-maxillaryView-1727762213007,3060.0,1719.0,25.512579106268777,False,
anonymous-maxillaryView-1727757445006,2474.0,1389.0,15.019265560419136,False,
anonymous-maxillaryView-1727701640725,1718.0,1288.0,84.54179098352253,False,
anonymous-maxillaryView-1727333247532,2075.0,1384.0,18.69163481239454,False,
anonymous-maxillaryView-1727424634021,2545.0,1429.0,123.85617506954578,False,
anonymous-maxillaryView-1727340387588,3329.0,1870.0,36.967368879579155,False,
anonymous-maxillaryView-1727172446032,1425.0,1069.0,22.19820641126866,False,
anonymous-maxillaryView-1727348028977,1784.0,1338.0,63.57543173263133,False,
anonymous-maxillaryView-1726906016883,1598.0,1199.0,13.19747048863798,False,
anonymous-maxillaryView-1727264297861,1238.0,928.0,47.86556977141202,False,
anonymous-maxillaryView-1727096513467,2220.0,1665.0,23.514933010510266,False,
anonymous-maxillaryView-1727415974074,2633.0,1479.0,76.59747624753042,False,
anonymous-maxillaryView-1727089157516,2347.0,1319.0,17.84773452821887,False,
anonymous-maxillaryView-1727327113592,2658.0,1772.0,13.3465548442262,False,
anonymous-maxillaryView-1727076409671,3054.0,2290.0,24.437072577151955,False,
anonymous-maxillaryView-1727360462639,1570.0,1177.0,22.873470071234188,False,
anonymous-maxillaryView-1727675205643,3060.0,1719.0,106.74702783212916,False,
anonymous-maxillaryView-1727160761306,2985.0,1678.0,26.475356239571333,False,
anonymous-maxillaryView-1727775387052,1693.0,1269.0,42.24905635950372,False,
anonymous-maxillaryView-1727868347839,1838.0,1377.0,25.351061232111544,False,
anonymous-maxillaryView-1727411807568,2966.0,2223.0,61.92461617578488,False,
anonymous-maxillaryView-1727674881704,3005.0,1687.0,63.75642733531219,False,
anonymous-maxillaryView-1727186921129,1346.0,1010.0,32.3548938490606,False,
anonymous-maxillaryView-1726920093203,2291.0,1288.0,13.12000858356956,False,
anonymous-maxillaryView-1727775813652,1621.0,1215.0,26.425200597409823,False,
anonymous-maxillaryView-1727066058439,2549.0,1700.0,29.587675635132246,False,
anonymous-maxillaryView-1727099897949,2428.0,1365.0,15.850643572399582,False,
anonymous-rightLateralView-1727759808920,1126.0,633.0,164.76696412361667,False,
anonymous-rightLateralView-1727868621582,1519.0,853.0,348.1061542468675,False,
anonymous-rightLateralView-1727868231772,1588.0,892.0,14.052602055942033,False,
anonymous-rightLateralView-1727070916155,2096.0,1178.0,31.35141950643969,False,
anonymous-rightLateralView-1726826512395,1032.0,1032.0,13.410183244498466,False,
anonymous-rightLateralView-1726814947519,1652.0,1239.0,133.41031403328995,False,
anonymous-rightLateralView-1727777962465,1470.0,825.0,23.8947969182354,False,
anonymous-rightLateralView-1727778328727,1628.0,914.0,11.86909650897189,False,
anonymous-rightLateralView-1727340163013,1392.0,782.0,21.942926309566744,False,
anonymous-rightLateralView-1727703421998,1550.0,870.0,14.369940291407163,False,
anonymous-rightLateralView-1727759509842,1633.0,917.0,12.169877887090934,False,
anonymous-rightLateralView-1727182088302,1707.0,1280.0,35.93648970536959,False,
anonymous-rightLateralView-1726821853123,1470.0,826.0,27.925552979377592,False,
anonymous-rightLateralView-1727762353814,1327.0,745.0,193.27735872893058,False,
anonymous-rightLateralView-1726807210128,2261.0,1271.0,16.992516348121235,False,
anonymous-rightLateralView-1727757577699,1288.0,724.0,146.9507558582978,False,
anonymous-rightLateralView-1727076272356,2338.0,1314.0,29.10682773269186,False,
anonymous-rightLateralView-1727270612611,1356.0,762.0,113.65816800860313,False,
anonymous-rightLateralView-1727182973648,1494.0,840.0,26.061409044449338,False,
anonymous-rightLateralView-1727879886967,1331.0,998.0,15.723318124059512,False,
anonymous-rightLateralView-1727761954744,1483.0,833.0,203.65799901403048,False,
anonymous-rightLateralView-1727703074546,1559.0,876.0,13.709383711617338,False,
anonymous_003-008-815-01_1729938651639_Frontal_View,966.0,542.0,41.885140487450585,False,
anonymous_003_008_517_01_1728729948616_Frontal_View,1743.0,1306.0,54.31304690189357,False,
anonymous_003_007_455_01_1728557053118_Frontal_View,1386.0,1039.0,372.9596076649184,False,
anonymous_003-008-1139-01_1732537527555_Frontal_View,929.0,522.0,274.1165116346556,False,
anonymous_003-008-1131-01_1732527801310_Frontal_View,1001.0,562.0,73.36958921180533,False,
anonymous_003-008-976-01_1730895164778_Frontal_View,1026.0,576.0,69.60856583360973,False,
anonymous_003-007-1141-01_1732595713489_Frontal_View,1396.0,784.0,38.98470972742208,False,
anonymous_003-007-697-01_1729320929604_Frontal_View,1565.0,879.0,167.57177376168525,False,
anonymous_003-007-1362-01_1733725990504_Frontal_View,1491.0,837.0,35.159006604639124,False,
anonymous_003-008-1133-01_1732530707494_Frontal_View,1108.0,622.0,381.61382118822667,False,
anonymous_003-008-562-01_1728904090342_Frontal_View,1164.0,872.0,51.603487507753435,False,
anonymous_003-007-1213-01_1732862150627_Frontal_View,1565.0,879.0,27.114345187648656,False,
anonymous_003-008-1051-01_1731329026684_Frontal_View,1031.0,579.0,75.28788975679358,False,
anonymous_003-007-773-01_1729754981952_Frontal_View,1829.0,1219.0,103.54065581658536,False,
anonymous_005-007-1023-01_1731214978665_Frontal_View,1483.0,833.0,38.49890257429237,False,
anonymous_003-007-847-01_1730184498927_Frontal_View,2194.0,1232.0,177.79728606126127,False,
anonymous_003-008-1187-01_1732714576631_Frontal_View,1222.0,686.0,30.37348942599103,False,
anonymous_003-007-961-01_1730869046755_Frontal_View,1575.0,884.0,47.431787661668956,False,
anonymous_003-007-1209-01_1732857661861_Frontal_View,1355.0,761.0,28.132207727071876,False,
anonymous_003-008-798-01_1729861005978_Frontal_View,1249.0,701.0,72.92500757379301,False,
anonymous_003-008-620-01_1729083811620_Frontal_View,1062.0,597.0,85.68587275174764,False,
anonymous_003_103_430_01_1728467395628_Frontal_View,1245.0,933.0,32.00154774021064,False,
anonymous_003-007-608-01_1729061556946_Frontal_View,1771.0,994.0,148.85087127121656,False,
anonymous_003_007_471_01_1728626198828_Left_Lateral_View,1170.0,1170.0,37.93753159138057,False,
anonymous_003-007-662-01_1729231169609_Left_Lateral_View,1312.0,1312.0,23.420933795265167,False,
anonymous_003_103_347_01_1728037641315_Left_Lateral_View,1359.0,1018.0,40.20742899116279,False,
anonymous_003-008-562-01_1728904090342_Left_Lateral_View,1213.0,681.0,31.34072281369011,False,
anonymous_003_103_411_01_1728381037968_Left_Lateral_View,1323.0,992.0,52.3677644173729,False,
anonymous_003_007_510_01_1728719208166_Left_Lateral_View,905.0,905.0,29.668905964034444,False,
anonymous_003_007_524_01_1728796945198_Left_Lateral_View,993.0,993.0,25.621648267918815,False,
anonymous_003-008-798-01_1729861005978_Left_Lateral_View,1045.0,587.0,48.318656505092655,False,
anonymous_003-008-572-01_1728917641191_Left_Lateral_View,1314.0,738.0,61.01101220722164,False,
anonymous_003-007-1065-01_1731399889607_Left_Lateral_View,1748.0,1748.0,7.310571021800287,False,
anonymous_003-007-1168-01_1732686410487_Left_Lateral_View,1318.0,1318.0,13.38607769233962,False,
anonymous_003_007_366_01_1728116583995_Left_Lateral_View,1482.0,1482.0,16.818959292530543,False,
anonymous_003-008-620-01_1729083811620_Left_Lateral_View,953.0,535.0,59.5523025615982,False,
anonymous_003-007-986-01_1730958260724_Left_Lateral_View,1846.0,1846.0,34.75889510194409,False,
anonymous_003_008_517_01_1728729948616_Left_Lateral_View,1065.0,598.0,74.34368758071165,False,
anonymous_004-008-1463-01_1734099079076_Left_Lateral_View,1046.0,587.0,73.95924521230711,False,
anonymous_003-007-1213-01_1732862150627_Left_Lateral_View,1493.0,1493.0,49.09058692470016,False,
anonymous_003-008-1187-01_1732714576631_Left_Lateral_View,898.0,504.0,66.80981272689407,False,
anonymous_003_007_469_01_1728623438211_Left_Lateral_View,925.0,925.0,35.43980398183506,False,
anonymous_003-007-1362-01_1733725990504_Left_Lateral_View,1444.0,1444.0,16.635369045386476,False,
anonymous_003-008-618-01_1729080560019_Left_Lateral_View,926.0,520.0,68.79028567932161,False,
anonymous_003_103_351_01_1728045002443_Left_Lateral_View,1206.0,904.0,37.47572306519815,False,
anonymous_003_007_507_01_1728715242584_Left_Lateral_View,1112.0,1112.0,18.334542073269937,False,
anonymous_003-007-918-01_1730692542165_Left_Lateral_View,1838.0,1838.0,10.871141901872596,False,
anonymous_003-008-686-01_1729259151138_Left_Lateral_View,857.0,481.0,70.202061049657,False,
anonymous_003-009-704-01_1729339214008_Left_Lateral_View,1325.0,884.0,20.262667975589434,False,
anonymous_003-007-961-01_1730869046755_Left_Lateral_View,1865.0,1865.0,9.907254970697645,False,
anonymous_003-007-1215-01_1732863751319_Left_Lateral_View,1144.0,1144.0,22.006873770933815,False,
anonymous_003_007_422_01_1728457270469_Left_Lateral_View,1647.0,1098.0,17.277573173937057,False,
anonymous_003-007-672-01_1729239360521_Left_Lateral_View,1711.0,1711.0,12.015620695901177,False,
anonymous_003-007-809-01_1729924079887_Left_Lateral_View,2533.0,2533.0,4.477889525602391,False,
anonymous_003_007_557_01_1728893264519_Left_Lateral_View,817.0,817.0,69.51934598463372,False,
anonymous_003_007_455_01_1728557053118_Left_Lateral_View,1183.0,887.0,41.21866925538936,False,
anonymous_003-008-653-01_1729171852238_Mandibular_View,1243.0,932.0,39.085229752578805,False,
anonymous_003-008-682-01_1729255280803_Mandibular_View,1060.0,794.0,56.68562195648483,False,
anonymous_003-007-922-01_1730698705895_Mandibular_View,2415.0,1810.0,32.36662960140742,False,
anonymous_003-007-1095-01_1732255771018_Mandibular_View,2352.0,1763.0,18.13126659621529,False,
anonymous_003-008-684-01_1729257374840_Mandibular_View,1358.0,1018.0,51.025949270734976,False,
anonymous_003-007-600-01_1729052481058_Mandibular_View,2437.0,1368.0,63.08391492999404,False,
anonymous_003-007-877-01_1730274074804_Mandibular_View,2684.0,2012.0,19.891238697563086,False,
anonymous_003-008-1139-01_1732537527555_Mandibular_View,1259.0,944.0,66.05232563887114,False,
anonymous_003-007-986-01_1730958260724_Mandibular_View,2751.0,2062.0,39.09451701673616,False,
anonymous_003_007_426_01_1728463017437_Mandibular_View,2414.0,1355.0,47.685656761550824,False,
anonymous_003-008-1250-01_1732969020581_Mandibular_View,1402.0,1051.0,83.86297444965992,False,
anonymous_003_103_357_01_1728053115007_Mandibular_View,1369.0,1026.0,54.69919165904037,False,
anonymous_003_007_363_01_1728112740981_Mandibular_View,1747.0,981.0,26.579793391265486,False,
anonymous_003_103_325_01_1727953120242_Mandibular_View,1761.0,1320.0,37.899131849479765,False,
anonymous_003-007-768-01_1729750209134_Mandibular_View,2280.0,1520.0,70.05176702343002,False,
anonymous_003-008-1131-01_1732527801310_Mandibular_View,1385.0,1038.0,71.54562478915167,False,
anonymous_003-007-879-01_1730277118197_Mandibular_View,3059.0,2293.0,13.735743448071313,False,
anonymous_003-007-945-01_1730785777076_Mandibular_View,2930.0,2196.0,27.394964312286255,False,
anonymous_003-007-631-01_1729143366138_Mandibular_View,2801.0,1868.0,37.16477537106233,False,
anonymous_003-007-661-01_1729228712416_Mandibular_View,2452.0,1635.0,34.513392290995945,False,
anonymous_003-008-934-01_1730723369013_Mandibular_View,1567.0,880.0,53.18464807474396,False,
anonymous_003-007-807-01_1729920527022_Mandibular_View,2235.0,1490.0,62.7916565293513,False,
anonymous_003-007-1381-01_1733807088132_Mandibular_View,2665.0,1998.0,32.24267279331325,False,
anonymous_004-007-924-01_1730701589918_Mandibular_View,2825.0,2117.0,19.22374271936352,False,
anonymous_003_008_497_01_1728655686740_Mandibular_View,1653.0,1239.0,74.35950151198413,False,
anonymous_003-007-700-01_1729325366305_Mandibular_View,1620.0,1080.0,68.89134365981639,False,
anonymous_003-008-1067-01_1731406697451_Mandibular_View,1424.0,1067.0,79.70084426938064,False,
anonymous_003-007-1040-01_1731310136506_Mandibular_View,2839.0,2128.0,14.136211488279882,False,
anonymous_003-008-1435-01_1734001618377_Mandibular_View,1222.0,686.0,41.11761255932446,False,
anonymous_003-008-724-01_1729504026041_Mandibular_View,890.0,667.0,140.4069066306529,False,
anonymous_003_103_388_01_1728200858482_Mandibular_View,1616.0,1212.0,58.44306368902432,False,
anonymous_003_007_407_01_1728377720875_Mandibular_View,2267.0,1273.0,41.287621387033695,False,
anonymous_003-008-1223-01_1732877412001_Mandibular_View,1267.0,949.0,58.141397382016,False,
anonymous_003-008-1290-01_1733310674518_Mandibular_View,1304.0,978.0,115.19943041318021,False,
anonymous_003-007-1174-01_1732694128852_Mandibular_View,2449.0,1835.0,38.002170088698314,False,
anonymous_003-008-890-01_1730291126413_Mandibular_View,1873.0,1052.0,59.53265222813942,False,
anonymous_003-008-1152-01_1732614762131_Mandibular_View,1258.0,943.0,47.98879303205291,False,
anonymous_003-007-662-01_1729231169609_Mandibular_View,2159.0,1439.0,44.62502402631426,False,
anonymous_003_103_349_01_1728040923424_Mandibular_View,1797.0,1347.0,224.53738515423228,False,
anonymous_003_103_355_01_1728049909248_Mandibular_View,1277.0,957.0,60.014906241175815,False,
anonymous_003_008_560_01_1728899628191_Mandibular_View,1271.0,953.0,30.119110370890393,False,
anonymous_003-008-1252-01_1732970654409_Mandibular_View,1506.0,1128.0,56.77603484784024,False,
anonymous_003-007-1230-01_1732941288726_Mandibular_View,2340.0,1754.0,19.495202171941553,False,
anonymous_003-008-996-01_1730974775488_Mandibular_View,1531.0,860.0,42.0403046596466,False,
anonymous_003-008-1115-01_1732364427758_Mandibular_View,1399.0,1049.0,66.20161049042176,False,
anonymous_003-008-596-01_1729002084186_Mandibular_View,1353.0,1014.0,53.882740558224455,False,
anonymous_003_007_335_01_1728014331472_Mandibular_View,1999.0,1123.0,39.09779106550566,False,
anonymous_004-007-1027-01_1731221247182_Mandibular_View,2544.0,1907.0,71.21999469019514,False,
anonymous_003-007-961-01_1730869046755_Mandibular_View,2704.0,2027.0,41.89605852307459,False,
anonymous_003-008-792-01_1729851646541_Mandibular_View,1356.0,1016.0,59.59020267132625,False,
anonymous_003_103_297_01_1727863917233_Mandibular_View,1812.0,1358.0,163.0445214643857,False,
anonymous_003-008-887-01_1730288682845_Mandibular_View,1520.0,854.0,44.90405416627916,False,
anonymous_003-007-869-01_1730263219442_Mandibular_View,2074.0,1383.0,64.26345477976575,False,
anonymous_003_008_531_01_1728805458452_Mandibular_View,1526.0,1143.0,33.85396922914957,False,
anonymous_003-007-1034-01_1731301095926_Mandibular_View,2563.0,1921.0,27.994555211726187,False,
anonymous_003-007-773-01_1729754981952_Mandibular_View,2276.0,1518.0,24.238455122856113,False,
anonymous_003-008-1162-01_1732627243635_Mandibular_View,1292.0,968.0,132.89282314772205,False,
anonymous_003-008-594-01_1728999670130_Mandibular_View,1624.0,1217.0,40.762222612392385,False,
anonymous_003-009-1193-01_1732775352351_Mandibular_View,3064.0,2043.0,6.870979546545753,False,
anonymous_003-008-978-01_1730897360301_Mandibular_View,1611.0,905.0,64.39404891135902,False,
anonymous_003-008-928-01_1730714069912_Mandibular_View,1292.0,968.0,43.86615876544791,False,
anonymous_003-007-1061-01_1731394531816_Mandibular_View,2726.0,2043.0,33.45928439365588,False,
anonymous_003-008-865-01_1730209437683_Mandibular_View,1529.0,859.0,69.54129789699833,False,
anonymous_003_103_299_01_1727868080003_Mandibular_View,1617.0,1212.0,39.9555103435098,False,
anonymous_003-007-639-01_1729152224776_Mandibular_View,2357.0,1571.0,33.056547839245845,False,
anonymous_003-008-1109-01_1732280538761_Mandibular_View,1396.0,1047.0,35.109883636772345,False,
anonymous_003-008-742-01_1729599198761_Mandibular_View,1052.0,789.0,48.87779383246695,False,
anonymous_003-007-1173-01_1732693678905_Mandibular_View,2130.0,1596.0,27.350028792716195,False,
anonymous_003-007-1091-01_1732249857221_Mandibular_View,2314.0,1735.0,33.7902430720317,False,
anonymous_003-007-657-01_1729225951464_Mandibular_View,2339.0,1559.0,17.62606206281737,False,
anonymous_003-008-848-01_1730119322029_Mandibular_View,1219.0,685.0,105.02411395393032,False,
anonymous_003-007-641-01_1729154257635_Mandibular_View,2919.0,2188.0,26.81515435170854,False,
anonymous_003-008-738-01_1729592002010_Mandibular_View,1092.0,819.0,40.002723721019265,False,
anonymous_003-007-1467-01_1734151211266_Mandibular_View,2556.0,1916.0,15.480760192657822,False,
anonymous_003-007-697-01_1729320929604_Mandibular_View,1658.0,1105.0,80.83359150075046,False,
anonymous_003_007_314_01_1727932176048_Mandibular_View,2740.0,1539.0,17.538956237383882,False,
anonymous_003-007-1387-01_1733816504123_Mandibular_View,2445.0,1833.0,51.42838240494361,False,
anonymous_003-008-647-01_1729163338710_Mandibular_View,1420.0,1065.0,59.07432700745207,False,
anonymous_003_007_359_01_1728101473636_Mandibular_View,2542.0,1905.0,36.658593580085764,False,
anonymous_003-008-744-01_1729601436707_Mandibular_View,1012.0,759.0,70.96931124408856,False,
anonymous_003-009-706-01_1729342700396_Mandibular_View,2279.0,1519.0,14.711886956846252,False,
anonymous_003-007-758-01_1729672372582_Mandibular_View,2900.0,2174.0,42.789448494822516,False,
anonymous_003_008_517_01_1728729948616_Mandibular_View,1648.0,1235.0,43.45002110958492,False,
anonymous_003-007-1316-01_1733462861973_Mandibular_View,2271.0,1702.0,49.68829014461119,False,
anonymous_003_007_503_01_1728710183853_Mandibular_View,2272.0,1515.0,31.309525340942894,False,
anonymous_003-008-955-01_1730801909649_Mandibular_View,1322.0,991.0,40.1803383774866,False,
anonymous_003-007-1403-01_1733899327077_Mandibular_View,3060.0,2293.0,94.6154883827737,False,
anonymous_003-008-842-01_1730112126234_Mandibular_View,1642.0,922.0,34.37927035894203,False,
anonymous_003-007-1280-01_1733292935145_Mandibular_View,2679.0,2008.0,34.05179320041642,False,
anonymous_003-007-1298-01_1733383416338_Mandibular_View,2028.0,1520.0,37.72120898756226,False,
anonymous_003-007-954-01_1730796195637_Mandibular_View,2029.0,1521.0,74.40994133257013,False,
anonymous_003-008-825-01_1729951611564_Mandibular_View,1584.0,890.0,52.299772231663646,False,
anonymous_003-007-845-01_1730180726544_Mandibular_View,2875.0,2155.0,43.944669782997025,False,
anonymous_003-007-1469-01_1734153129262_Mandibular_View,2646.0,1983.0,31.07669968786345,False,
anonymous_003_007_455_01_1728557053118_Mandibular_View,1460.0,1094.0,66.31236322490012,False,
anonymous_003_007_392_01_1728361981214_Mandibular_View,2119.0,1190.0,30.743513359916914,False,
anonymous_003-007-970-01_1730881557728_Mandibular_View,2629.0,1970.0,24.266022770475683,False,
anonymous_003-008-728-01_1729518290110_Mandibular_View,1126.0,844.0,69.08504600085631,False,
anonymous_003-007-1405-01_1733903046895_Mandibular_View,2632.0,1973.0,34.808206549344874,False,
anonymous_003_007_459_01_1728562379363_Mandibular_View,1827.0,1370.0,167.79814304241074,False,
anonymous_003-008-616-01_1729077690116_Mandibular_View,1289.0,966.0,46.54330472343313,False,
anonymous_003-008-1137-01_1732535092563_Mandibular_View,1420.0,1064.0,367.9523321833777,False,
anonymous_003-008-1353-01_1733575066516_Mandibular_View,1113.0,834.0,165.7004580323941,False,
anonymous_003-007-872-01_1730266224083_Mandibular_View,2585.0,1938.0,54.550339330973394,False,
anonymous_003-007-1007-01_1731046187778_Mandibular_View,2148.0,1610.0,16.685858708404094,False,
anonymous_003-008-1439-01_1734006035878_Mandibular_View,1183.0,887.0,130.08840564035003,False,
anonymous_003-007-1129-01_1732521529208_Mandibular_View,1981.0,1485.0,45.91132798002014,False,
anonymous_003_007_317_01_1727937040565_Mandibular_View,2303.0,1293.0,56.72471227712963,False,
anonymous_003_007_451_01_1728544056026_Mandibular_View,2061.0,1157.0,32.02344021038669,False,
anonymous_003-008-885-01_1730285059890_Mandibular_View,1351.0,759.0,89.9224201433247,False,
anonymous_005-007-1029-01_1731225249737_Mandibular_View,2741.0,2054.0,14.308234909517873,False,
anonymous_003_008_533_01_1728808228764_Mandibular_View,1688.0,1265.0,27.316561132104976,False,
anonymous_003-007-949-01_1730791860378_Mandibular_View,2722.0,2040.0,30.89725295057302,False,
anonymous_003_103_370_01_1728125137328_Mandibular_View,1447.0,1084.0,80.84696543423604,False,
anonymous_003-007-982-01_1730953683707_Mandibular_View,2631.0,1972.0,28.561855510353617,False,
anonymous_003-007-841-01_1730175365858_Mandibular_View,2540.0,1693.0,36.75804737949812,False,
anonymous_003-007-604-01_1729056718568_Mandibular_View,2475.0,1650.0,39.55450063271181,False,
anonymous_003_103_351_01_1728045002443_Mandibular_View,1546.0,1159.0,57.802110643454,False,
anonymous_003_007_480_01_1728640623511_Mandibular_View,1878.0,1408.0,48.83547446803001,False,
anonymous_003-008-861-01_1730204968896_Mandibular_View,1526.0,857.0,37.13436258634538,False,
anonymous_003-007-1399-01_1733893694425_Mandibular_View,2560.0,1918.0,23.936151547789812,False,
anonymous_003-008-732-01_1729522210714_Mandibular_View,1282.0,961.0,72.0356856882259,False,
anonymous_003-007-1339-01_1733553558740_Mandibular_View,2401.0,1800.0,20.270545602757537,False,
anonymous_003-007-606-01_1729059021512_Mandibular_View,2775.0,1850.0,33.42972495385026,False,
anonymous_004-007-1264-01_1733126393853_Mandibular_View,2240.0,1679.0,24.340498954847547,False,
anonymous_003-007-1168-01_1732686410487_Mandibular_View,2359.0,1768.0,42.25521296536063,False,
anonymous_003-007-1276-01_1733288260917_Mandibular_View,2605.0,1952.0,36.1467395877395,False,
anonymous_003-007-1401-01_1733896630579_Mandibular_View,2733.0,2049.0,42.15121958034224,False,
anonymous_003-008-1221-01_1732875645470_Mandibular_View,1375.0,1030.0,240.7923385544754,False,
anonymous_003-007-829-01_1730090977294_Mandibular_View,2780.0,2083.0,12.25391173037955,False,
anonymous_003_007_339_01_1728020284845_Mandibular_View,2418.0,1358.0,50.50287512659272,False,
anonymous_003-007-668-01_1729235647349_Mandibular_View,2043.0,1362.0,61.45914264324889,False,
anonymous_003-007-775-01_1729757599473_Mandibular_View,2436.0,1624.0,39.61772379133436,False,
anonymous_003-007-1170-01_1732690605466_Mandibular_View,2664.0,1997.0,12.148939428602857,False,
anonymous_003_103_380_01_1728186942084_Mandibular_View,1456.0,1091.0,43.74258727450982,False,
anonymous_003_007_549_01_1728881829256_Mandibular_View,2218.0,1479.0,42.232147560766535,False,
anonymous_003-007-693-01_1729314947717_Mandibular_View,1778.0,1185.0,74.08844146726923,False,
anonymous_003-007-1009-01_1731048864324_Mandibular_View,2633.0,1974.0,20.621496179959887,False,
anonymous_003-008-819-01_1729943834576_Mandibular_View,1674.0,940.0,34.93808873117978,False,
anonymous_003_103_323_01_1727949601502_Mandibular_View,1589.0,1191.0,26.910717152922434,False,
anonymous_003_103_333_01_1727966562125_Mandibular_View,1404.0,1052.0,70.70769513351203,False,
anonymous_003-007-1099-01_1732262197016_Mandibular_View,2117.0,1587.0,17.63567883522951,False,
anonymous_003-008-622-01_1729087609045_Mandibular_View,1398.0,1048.0,63.7692950942297,False,
anonymous_003-008-1154-01_1732616939998_Mandibular_View,1390.0,781.0,34.922231866778276,False,
anonymous_003-007-1217-01_1732873386455_Mandibular_View,1365.0,1023.0,78.83495871106696,False,
anonymous_003-007-756-01_1729668519608_Mandibular_View,2964.0,1976.0,44.91834316084401,False,
anonymous_003-008-1395-01_1733833399473_Mandibular_View,1439.0,808.0,120.3763354666996,False,
anonymous_003-007-1379-01_1733805335595_Mandibular_View,3060.0,2293.0,33.34091115420396,False,
anonymous_003-007-708-01_1729483204892_Mandibular_View,1627.0,1085.0,46.91597548853397,False,
anonymous_003-008-1242-01_1732960347177_Mandibular_View,1551.0,871.0,50.722257040158134,False,
anonymous_003-007-1123-01_1732512071673_Mandibular_View,2056.0,1541.0,42.427826781654844,False,
anonymous_003-007-695-01_1729317296393_Mandibular_View,1712.0,1141.0,48.45201577120638,False,
anonymous_003-008-1226-01_1732879088276_Mandibular_View,1555.0,873.0,89.30371234403374,False,
anonymous_003-008-844-01_1730114343391_Mandibular_View,1377.0,774.0,55.04794880784356,False,
anonymous_003-008-1478-01_1734169137449_Mandibular_View,1263.0,947.0,68.79380142913539,False,
anonymous_004-008-1015-01_1731064093916_Mandibular_View,1555.0,873.0,38.03395763143186,False,
anonymous_003-008-645-01_1729160496237_Mandibular_View,1205.0,903.0,45.21978602369579,False,
anonymous_003-008-1160-01_1732625597418_Mandibular_View,1311.0,983.0,56.5137316659963,False,
anonymous_003_103_435_01_1728476277104_Mandibular_View,1617.0,1212.0,29.151910285821266,False,
anonymous_003-007-1407-01_1733905373045_Mandibular_View,2347.0,1759.0,55.92795124085453,False,
anonymous_003-008-957-01_1730804895329_Mandibular_View,1545.0,867.0,54.64540285933264,False,
anonymous_003-008-1418-01_1733918863200_Mandibular_View,1063.0,797.0,44.72615077524653,False,
anonymous_003-007-1453-01_1734076182590_Mandibular_View,2727.0,2044.0,10.541689093592868,False,
anonymous_003-007-836-01_1730100372461_Mandibular_View,2713.0,2033.0,68.95730163984092,False,
anonymous_003-007-1063-01_1731397481203_Mandibular_View,2660.0,1993.0,32.41401270954908,False,
anonymous_003-008-1345-01_1733567991677_Mandibular_View,1305.0,733.0,48.32622141721672,False,
anonymous_003-008-730-01_1729520092178_Mandibular_View,1099.0,824.0,67.86258014812293,False,
anonymous_003-008-680-01_1729252793946_Mandibular_View,1322.0,991.0,67.66877081471338,False,
anonymous_003-007-965-01_1730877244468_Mandibular_View,2318.0,1738.0,29.695693657084753,False,
anonymous_003_103_384_01_1728193820992_Mandibular_View,1412.0,1058.0,39.959209339611434,False,
anonymous_003-009-1195-01_1732780033709_Mandibular_View,3224.0,2150.0,8.00445870406944,False,
anonymous_003-008-1347-01_1733569500704_Mandibular_View,1252.0,938.0,109.19720927506336,False,
anonymous_003-008-614-01_1729074200376_Mandibular_View,1461.0,1095.0,29.397032351350095,False,
anonymous_004-008-1465-01_1734100929758_Mandibular_View,1439.0,808.0,75.54278835633848,False,
anonymous_003-008-796-01_1729857528571_Mandibular_View,1543.0,1157.0,22.279835997744538,False,
anonymous_003-007-1254-01_1733114052105_Mandibular_View,2346.0,1758.0,38.836808336234526,False,
anonymous_003-007-1476-01_1734160175819_Mandibular_View,2456.0,1840.0,25.591724963912988,False,
anonymous_003-008-1457-01_1734085909506_Mandibular_View,1462.0,1096.0,309.9878150963408,False,
anonymous_003-008-912-01_1730374226278_Mandibular_View,1528.0,858.0,50.49129219523456,False,
anonymous_003_103_374_01_1728129781510_Mandibular_View,1385.0,1038.0,64.30535556219264,False,
anonymous_003-007-1021-01_1731212419570_Mandibular_View,2733.0,2049.0,24.817332469340915,False,
anonymous_003-008-1199-01_1732786121426_Mandibular_View,1310.0,982.0,68.8304287714006,False,
anonymous_003-007-1256-01_1733116383089_Mandibular_View,2553.0,1914.0,15.40988972571766,False,
anonymous_003_103_368_01_1728121973114_Mandibular_View,1659.0,1244.0,64.17502356567083,False,
anonymous_003-008-1075-01_1731419946961_Mandibular_View,1490.0,1117.0,39.83489964973192,False,
anonymous_003-007-1065-01_1731399889607_Mandibular_View,2236.0,1676.0,33.69329762636173,False,
anonymous_003_103_376_01_1728132928256_Mandibular_View,1526.0,1144.0,39.979205495083,False,
anonymous_003-007-676-01_1729246273597_Mandibular_View,1239.0,928.0,40.081443365708566,False,
anonymous_003_007_337_01_1728017558688_Mandibular_View,2263.0,1696.0,29.653524623681545,False,
anonymous_003_007_557_01_1728893264519_Mandibular_View,2262.0,1270.0,49.44322139368495,False,
anonymous_003-007-635-01_1729148089786_Mandibular_View,2959.0,1973.0,38.65848499908746,False,
anonymous_003-007-994-01_1730968311262_Mandibular_View,2653.0,1988.0,31.03006156422787,False,
anonymous_003-007-874-01_1730269462019_Mandibular_View,2418.0,1612.0,38.52881740445128,False,
anonymous_003_007_418_01_1728450994783_Mandibular_View,1963.0,1103.0,31.131151036171442,False,
anonymous_003_007_361_01_1728105487925_Mandibular_View,2268.0,1700.0,108.73392371506286,False,
anonymous_003_007_524_01_1728796945198_Mandibular_View,2362.0,1575.0,23.708681024911197,False,
anonymous_003-008-794-01_1729854939064_Mandibular_View,1227.0,920.0,48.46140661068356,False,
anonymous_003_008_539_01_1728816064645_Mandibular_View,1343.0,1006.0,26.426209680438458,False,
anonymous_003-008-1369-01_1733737211760_Mandibular_View,1570.0,882.0,54.842920796379516,False,
anonymous_003-008-746-01_1729603652462_Mandibular_View,1075.0,806.0,38.58828769613333,False,
anonymous_003-007-575-01_1728964993041_Mandibular_View,1999.0,1333.0,38.42331145212842,False,
anonymous_003-007-804-01_1729918395380_Mandibular_View,2222.0,1481.0,25.76935969541262,False,
anonymous_003-007-710-01_1729485813570_Mandibular_View,1597.0,1197.0,64.83950612728702,False,
anonymous_003_007_394_01_1728366298014_Mandibular_View,2597.0,1458.0,56.72794281616008,False,
anonymous_003-008-823-01_1729949111612_Mandibular_View,1281.0,719.0,44.67014208933228,False,
anonymous_003-008-678-01_1729248899061_Mandibular_View,1078.0,808.0,60.989639052431215,False,
anonymous_003-008-1071-01_1731415314764_Mandibular_View,1356.0,762.0,37.716759235928905,False,
anonymous_003-008-892-01_1730293561502_Mandibular_View,1394.0,1045.0,72.44162417943365,False,
anonymous_004-008-916-01_1730381009839_Mandibular_View,1365.0,1023.0,59.234453713499335,False,
anonymous_003-007-1146-01_1732601006549_Mandibular_View,2592.0,1942.0,47.02911715177871,False,
anonymous_003-007-1383-01_1733809827682_Mandibular_View,2678.0,2007.0,42.40446990415496,False,
anonymous_003_008_522_01_1728736167560_Mandibular_View,1595.0,1195.0,74.50100519083337,False,
anonymous_003-008-1111-01_1732358129668_Mandibular_View,1613.0,906.0,42.90299734518865,False,
anonymous_003-008-562-01_1728904090342_Mandibular_View,1702.0,1276.0,32.530158969278475,False,
anonymous_003_103_301_01_1727870655318_Mandibular_View,1266.0,949.0,69.98756236277603,False,
anonymous_004-008-1461-01_1734090409186_Mandibular_View,1208.0,905.0,112.59477210524582,False,
anonymous_003-007-633-01_1729145304049_Mandibular_View,2933.0,2198.0,14.79245148220393,False,
anonymous_003-007-608-01_1729061556946_Mandibular_View,3060.0,2040.0,23.381309752313886,False,
anonymous_003_007_424_01_1728461148978_Mandibular_View,2391.0,1343.0,56.3955025649118,False,
anonymous_003-007-918-01_1730692542165_Mandibular_View,2890.0,2166.0,35.42129289387827,False,
anonymous_004-008-1330-01_1733492594752_Mandibular_View,1351.0,1012.0,62.873064650133436,False,
anonymous_003-007-1083-01_1732175835410_Mandibular_View,2105.0,1578.0,38.246404089353746,False,
anonymous_003-007-1211-01_1732860586562_Mandibular_View,2115.0,1585.0,37.54548169773265,False,
anonymous_003-008-1047-01_1731323271524_Mandibular_View,1477.0,830.0,88.33591122033233,False,
anonymous_003-008-1328-01_1733490534115_Mandibular_View,1019.0,763.0,72.26829298410784,False,
anonymous_003_103_327_01_1727957751184_Mandibular_View,1350.0,1012.0,70.71630214780542,False,
anonymous_003-008-566-01_1728910029994_Mandibular_View,1432.0,1073.0,34.441202338897156,False,
anonymous_003-007-1258-01_1733118887519_Mandibular_View,2211.0,1657.0,23.915135323186412,False,
anonymous_003-008-800-01_1729864757748_Mandibular_View,1356.0,761.0,75.0346598151962,False,
anonymous_003_007_510_01_1728719208166_Mandibular_View,2193.0,1232.0,95.68973162547815,False,
anonymous_003-008-748-01_1729605807129_Mandibular_View,1378.0,1033.0,29.05692721533281,False,
anonymous_003-008-821-01_1729946663162_Mandibular_View,1517.0,852.0,48.69403635856566,False,
anonymous_003-008-1266-01_1733132809329_Mandibular_View,1350.0,1012.0,56.98168045348176,False,
anonymous_003-007-1451-01_1734074621913_Mandibular_View,2213.0,1659.0,45.94112287766584,False,
anonymous_003-008-1051-01_1731329026684_Mandibular_View,1373.0,1029.0,60.9728889058689,False,
anonymous_003_007_341_01_1728024477624_Mandibular_View,2499.0,1403.0,39.069796646093955,False,
anonymous_003-008-651-01_1729169672305_Mandibular_View,1009.0,756.0,130.91952212177594,False,
anonymous_003-007-582-01_1728975199886_Mandibular_View,2823.0,1586.0,44.50305943855966,False,
anonymous_003-008-591-01_1728996644646_Mandibular_View,1181.0,885.0,34.56346164217997,False,
anonymous_003_007_461_01_1728565377628_Mandibular_View,1674.0,1255.0,24.02186202741056,False,
anonymous_003-008-936-01_1730726791401_Mandibular_View,1385.0,778.0,68.8351126902495,False,
anonymous_003-007-1215-01_1732863751319_Mandibular_View,2426.0,1819.0,38.46508995893961,False,
anonymous_003-007-1121-01_1732508951515_Mandibular_View,2478.0,1857.0,33.86865282770975,False,
anonymous_003-007-1164-01_1732681409763_Mandibular_View,2414.0,1809.0,37.947279799333366,False,
anonymous_003-007-766-01_1729746443704_Mandibular_View,2425.0,1616.0,49.548488815757665,False,
anonymous_003-007-1143-01_1732598176850_Mandibular_View,2376.0,1781.0,62.64566428189755,False,
anonymous_003-008-815-01_1729938651639_Mandibular_View,1768.0,993.0,38.86657985080582,False,
anonymous_003_007_422_01_1728457270469_Mandibular_View,2146.0,1205.0,46.86480074923132,False,
anonymous_003_007_513_01_1728721702956_Mandibular_View,2411.0,1354.0,38.87270033173602,False,
anonymous_003-007-1362-01_1733725990504_Mandibular_View,2391.0,1792.0,20.54885998122869,False,
anonymous_003-007-953-01_1730795714335_Mandibular_View,2627.0,1969.0,38.83624422950522,False,
anonymous_003-007-1079-01_1731475054270_Mandibular_View,2524.0,1891.0,32.5304803664132,False,
anonymous_003-007-1236-01_1732949543707_Mandibular_View,2453.0,1838.0,57.98509453119545,False,
anonymous_003_007_475_01_1728635243973_Mandibular_View,2251.0,1264.0,16.807953138155487,False,
anonymous_004-008-1463-01_1734099079076_Mandibular_View,1398.0,785.0,87.9141584320544,False,
anonymous_003-007-783-01_1729832403414_Mandibular_View,2296.0,1530.0,75.03545005310451,False,
anonymous_003-008-589-01_1728986264902_Mandibular_View,1482.0,1111.0,60.30241847858072,False,
anonymous_003-008-859-01_1730202467399_Mandibular_View,1295.0,971.0,81.19526131059122,False,
anonymous_003_103_378_01_1728136276498_Mandibular_View,1555.0,1165.0,105.4368975039307,False,
anonymous_003-008-1411-01_1733912476033_Mandibular_View,1236.0,926.0,150.7535924896859,False,
anonymous_003-007-584-01_1728978916496_Mandibular_View,2317.0,1545.0,44.584816722865696,False,
anonymous_003_103_304_01_1727873448702_Mandibular_View,1510.0,1132.0,98.73190266006989,False,
anonymous_003-008-570-01_1728915270013_Mandibular_View,1686.0,1264.0,35.806365972135524,False,
anonymous_003-007-1472-01_1734155123048_Mandibular_View,2328.0,1745.0,23.988038231628835,False,
anonymous_003-007-1262-01_1733124217293_Mandibular_View,2228.0,1670.0,51.22397245151813,False,
anonymous_003-007-785-01_1729835605077_Mandibular_View,2246.0,1497.0,27.137434829102734,False,
anonymous_003_103_428_01_1728465366608_Mandibular_View,1776.0,1331.0,47.65918179227111,False,
anonymous_003-008-726-01_1729515883716_Mandibular_View,1113.0,834.0,104.71009390478288,False,
anonymous_003-008-1272-01_1733140086934_Mandibular_View,1597.0,897.0,32.34678102576923,False,
anonymous_003-008-1246-01_1732965077773_Mandibular_View,1643.0,923.0,50.54718360823709,False,
anonymous_003-009-1191-01_1732772473264_Mandibular_View,3397.0,2265.0,21.51864590503859,False,
anonymous_003-008-798-01_1729861005978_Mandibular_View,1399.0,1048.0,60.03728535470957,False,
anonymous_003_007_555_01_1728890992148_Mandibular_View,2289.0,1716.0,52.30633630449984,False,
anonymous_003_007_499_01_1728704917370_Mandibular_View,2507.0,1408.0,33.60652104223354,False,
anonymous_003-008-762-01_1729680417375_Mandibular_View,1350.0,1012.0,75.41126768841032,False,
anonymous_003-007-690-01_1729312765724_Mandibular_View,2733.0,1822.0,28.733135642998104,False,
anonymous_003-007-1097-01_1732258152530_Mandibular_View,1686.0,1263.0,35.98818838298916,False,
anonymous_003_008_541_01_1728818673620_Mandibular_View,1427.0,1070.0,35.570463782433315,False,
anonymous_003-008-1270-01_1733137830204_Mandibular_View,1318.0,988.0,29.025199203400486,False,
anonymous_003-008-649-01_1729166852284_Mandibular_View,1346.0,1009.0,60.76765261618755,False,
anonymous_003-008-1185-01_1732712307535_Mandibular_View,1357.0,1017.0,50.88561437522473,False,
anonymous_003_103_331_01_1727962772866_Mandibular_View,1554.0,1165.0,62.283817472965104,False,
anonymous_003-008-626-01_1729138704180_Mandibular_View,2451.0,1634.0,93.12123842778077,False,
anonymous_003-008-1103-01_1732271904022_Mandibular_View,1656.0,930.0,38.08046515916208,False,
anonymous_003_008_493_01_1728650545163_Mandibular_View,1730.0,1297.0,28.194134686894483,False,
anonymous_003-007-1284-01_1733298471956_Mandibular_View,1903.0,1426.0,23.40262769792137,False,
anonymous_003-007-1367-01_1733732675177_Mandibular_View,2373.0,1779.0,24.426804157430166,False,
anonymous_003_007_501_01_1728707866443_Mandibular_View,2403.0,1602.0,56.02257276048103,False,
anonymous_003-007-990-01_1730962777095_Mandibular_View,3060.0,2293.0,28.353944638505787,False,
anonymous_003-007-963-01_1730871948653_Mandibular_View,3010.0,2256.0,22.974494439388355,False,
anonymous_003-008-1375-01_1733751325793_Mandibular_View,1111.0,833.0,85.1753813375509,False,
anonymous_003-008-930-01_1730717194382_Mandibular_View,1341.0,753.0,43.38885493885435,False,
anonymous_003-007-1420-01_1733978633675_Mandibular_View,2668.0,2000.0,55.69199737610892,False,
anonymous_004-008-914-01_1730377944083_Mandibular_View,1585.0,890.0,51.71586909128409,False,
anonymous_003_007_366_01_1728116583995_Mandibular_View,2444.0,1373.0,27.09550955208722,False,
anonymous_003-007-787-01_1729839045536_Mandibular_View,2248.0,1499.0,83.9434476327569,False,
anonymous_003-007-1332-01_1733546368703_Mandibular_View,2125.0,1593.0,23.9602617304596,False,
anonymous_003-007-984-01_1730956032325_Mandibular_View,2681.0,2010.0,29.651463659291817,False,
anonymous_003_103_437_01_1728478641989_Mandibular_View,1563.0,1172.0,20.446221660343358,False,
anonymous_003-007-1125-01_1732514795040_Mandibular_View,2151.0,1612.0,50.81305221263162,False,
anonymous_003-008-1294-01_1733315157711_Mandibular_View,1450.0,815.0,87.34221564148677,False,
anonymous_003-007-1232-01_1732943591699_Mandibular_View,2030.0,1521.0,38.1065319800987,False,
anonymous_003-008-620-01_1729083811620_Mandibular_View,1252.0,939.0,42.620609580231424,False,
anonymous_003-008-1351-01_1733572755849_Mandibular_View,1403.0,788.0,33.948737311304974,False,
anonymous_003-008-598-01_1729004550645_Mandibular_View,1249.0,936.0,35.95954704519904,False,
anonymous_003-007-1057-01_1731389144492_Mandibular_View,2840.0,2128.0,11.333444899290324,False,
anonymous_003-008-1187-01_1732714576631_Mandibular_View,1702.0,956.0,57.348432016888324,False,
anonymous_005-007-1023-01_1731214978665_Mandibular_View,2834.0,2124.0,23.133460783697725,False,
anonymous_003-008-1244-01_1732962596526_Mandibular_View,1399.0,1049.0,76.36010184120484,False,
anonymous_003_008_483_01_1728643390848_Mandibular_View,1612.0,1208.0,29.74074401016957,False,
anonymous_003_103_414_01_1728387955658_Mandibular_View,1644.0,1232.0,47.600517694457146,False,
anonymous_003-007-1166-01_1732683540150_Mandibular_View,2213.0,1658.0,39.67430064355794,False,
anonymous_003-007-674-01_1729243660931_Mandibular_View,1176.0,881.0,37.36853122579802,False,
anonymous_003-007-802-01_1729916116649_Mandibular_View,2785.0,2087.0,13.04922427328294,False,
anonymous_003_007_467_01_1728619862956_Mandibular_View,2278.0,1279.0,40.81182242812421,False,
anonymous_003-007-1318-01_1733466353015_Mandibular_View,2317.0,1737.0,18.314114641619934,False,
anonymous_003_007_463_01_1728568132215_Mandibular_View,1617.0,1212.0,175.48371385705417,False,
anonymous_003-008-643-01_1729157850459_Mandibular_View,1281.0,960.0,42.68661627541473,False,
anonymous_003-008-1371-01_1733740064957_Mandibular_View,1188.0,890.0,83.25277065801855,False,
anonymous_003-007-849-01_1730186754981_Mandibular_View,2827.0,2119.0,38.99464376000592,False,
anonymous_003-008-855-01_1730197185524_Mandibular_View,1351.0,1013.0,68.92550700849476,False,
anonymous_003-008-1201-01_1732788434067_Mandibular_View,1388.0,1040.0,65.87061084356033,False,
anonymous_003-007-1141-01_1732595713489_Mandibular_View,2439.0,1828.0,23.906697529893087,False,
anonymous_003-007-1043-01_1731313150655_Mandibular_View,2542.0,1905.0,38.89431203761657,False,
anonymous_003-008-1156-01_1732621514477_Mandibular_View,1873.0,1052.0,36.43188670613362,False,
anonymous_003-007-1445-01_1734067220530_Mandibular_View,2583.0,1936.0,29.81928805241692,False,
anonymous_003-007-843-01_1730177825800_Mandibular_View,2711.0,2032.0,87.6716902407841,False,
anonymous_003-008-1107-01_1732277905849_Mandibular_View,1342.0,1006.0,59.510454277148504,False,
anonymous_003-007-1055-01_1731386400029_Mandibular_View,2895.0,2170.0,26.492862470203715,False,
anonymous_003-007-580-01_1728972003930_Mandibular_View,2561.0,1438.0,25.594891581526124,False,
anonymous_003-007-672-01_1729239360521_Mandibular_View,2084.0,1562.0,41.34691384167791,False,
anonymous_003-008-779-01_1729768960699_Mandibular_View,1432.0,1073.0,44.67039825265234,False,
anonymous_003-008-790-01_1729849195168_Mandibular_View,1478.0,1108.0,53.16844518948316,False,
anonymous_003-007-612-01_1729067426867_Mandibular_View,2217.0,1478.0,53.53709893700013,False,
anonymous_003-007-1343-01_1733556695047_Mandibular_View,2427.0,1819.0,27.29493085843742,False,
anonymous_004-007-1320-01_1733472660011_Mandibular_View,2376.0,1781.0,35.167178989927734,False,
anonymous_003-007-1002-01_1731041206649_Mandibular_View,2737.0,2051.0,27.172506908983642,False,
anonymous_003_008_535_01_1728811127644_Mandibular_View,1507.0,1130.0,46.75104898712266,False,
anonymous_003-008-1322-01_1733477951014_Mandibular_View,1094.0,820.0,63.188687738556446,False,
anonymous_003-008-1113-01_1732361420661_Mandibular_View,1327.0,994.0,68.63146877443307,False,
anonymous_003-008-1013-01_1731060491819_Mandibular_View,1321.0,990.0,36.99734081057816,False,
anonymous_003-008-1158-01_1732623667368_Mandibular_View,1320.0,989.0,108.27675014412361,False,
anonymous_003-007-1397-01_1733892390896_Mandibular_View,2563.0,1921.0,26.75522770892314,False,
anonymous_003_007_345_01_1728030576884_Mandibular_View,2426.0,1363.0,87.8988407542191,False,
anonymous_003_007_447_01_1728537828958_Mandibular_View,2230.0,1252.0,38.88226295904715,False,
anonymous_003-007-736-01_1729574163454_Mandibular_View,2351.0,1567.0,47.721975488734834,False,
anonymous_003-008-1000-01_1730983693489_Mandibular_View,1412.0,1058.0,85.08316015050765,False,
anonymous_003-009-702-01_1729333600227_Mandibular_View,2682.0,1788.0,15.736648338676677,False,
anonymous_003-008-564-01_1728907238496_Mandibular_View,1482.0,1111.0,78.97197141160834,False,
anonymous_003_007_505_01_1728712510089_Mandibular_View,2043.0,1362.0,34.955159733748566,False,
anonymous_003_103_433_01_1728472687427_Mandibular_View,1420.0,1064.0,28.771392816157714,False,
anonymous_003-007-1360-01_1733723628464_Mandibular_View,2615.0,1960.0,33.510625855128076,False,
anonymous_003-007-838-01_1730102704994_Mandibular_View,2438.0,1827.0,20.18029641597766,False,
anonymous_003_007_343_01_1728027138672_Mandibular_View,2651.0,1489.0,64.16117871927919,False,
anonymous_003-008-932-01_1730720082853_Mandibular_View,1605.0,901.0,79.64294636726518,False,
anonymous_003-007-1005-01_1731043890198_Mandibular_View,2613.0,1959.0,23.096895790362513,False,
anonymous_003-007-1341-01_1733555170954_Mandibular_View,2241.0,1680.0,88.92866200194845,False,
anonymous_003-008-846-01_1730116835568_Mandibular_View,1288.0,965.0,47.01335204635293,False,
anonymous_003-007-1449-01_1734071616170_Mandibular_View,2733.0,2048.0,31.16670847270463,False,
anonymous_003_007_449_01_1728540809426_Mandibular_View,1986.0,1116.0,68.7720091742456,False,
anonymous_003_007_473_01_1728630705947_Mandibular_View,2186.0,1227.0,47.65623794337163,False,
anonymous_003-008-972-01_1730889157047_Mandibular_View,1314.0,985.0,73.15322289609753,False,
anonymous_003_007_453_01_1728547539991_Mandibular_View,2698.0,1515.0,37.77972825863055,False,
anonymous_003-007-851-01_1730189874153_Mandibular_View,2453.0,1838.0,37.76160389441824,False,
anonymous_003-008-1087-01_1732184303984_Mandibular_View,1356.0,1016.0,58.497950540394775,False,
anonymous_003-008-1292-01_1733312885543_Mandibular_View,1369.0,769.0,55.239045397050674,False,
anonymous_003_008_543_01_1728821613951_Mandibular_View,1520.0,1139.0,41.57185203198982,False,
anonymous_003-008-1119-01_1732368732116_Mandibular_View,1389.0,1041.0,44.44325897450963,False,
anonymous_003-009-704-01_1729339214008_Mandibular_View,1727.0,1151.0,70.70495361984953,False,
anonymous_003_007_545_01_1728878463369_Mandibular_View,2047.0,1150.0,35.549201794803515,False,
anonymous_003_103_390_01_1728205027431_Mandibular_View,1485.0,1113.0,69.45259782231835,False,
anonymous_003-008-1324-01_1733480246380_Mandibular_View,1034.0,775.0,91.21540741710628,False,
anonymous_003-007-1127-01_1732518180910_Mandibular_View,2180.0,1634.0,50.7333918945233,False,
anonymous_003-007-1282-01_1733296511775_Mandibular_View,2310.0,1731.0,25.538823903511904,False,
anonymous_003-008-910-01_1730371561146_Mandibular_View,1452.0,1089.0,91.34698738996815,False,
anonymous_003-008-568-01_1728912404651_Mandibular_View,1586.0,1189.0,67.27442531505258,False,
anonymous_003-009-1197-01_1732783016757_Mandibular_View,3258.0,2172.0,10.862178741016765,False,
anonymous_004-007-1025-01_1731217458144_Mandibular_View,2601.0,1949.0,50.71427946483998,False,
anonymous_003-007-898-01_1730349798023_Mandibular_View,2181.0,1635.0,20.277816315082536,False,
anonymous_003-007-764-01_1729742719636_Mandibular_View,2276.0,1278.0,51.15924452038615,False,
anonymous_003_007_526_01_1728799140980_Mandibular_View,2251.0,1501.0,50.9334129619917,False,
anonymous_003_007_553_01_1728887457386_Mandibular_View,2376.0,1334.0,51.859660761184514,False,
anonymous_003-008-624-01_1729089681358_Mandibular_View,1488.0,1115.0,91.59729971582847,False,
anonymous_003-007-959-01_1730866448853_Mandibular_View,2776.0,2081.0,15.14049043125931,False,
anonymous_003-008-1205-01_1732794208125_Mandibular_View,1872.0,1051.0,57.41658889811821,False,
anonymous_003-007-610-01_1729062730067_Mandibular_View,2524.0,1682.0,20.413688988920185,False,
anonymous_003-008-1183-01_1732710009967_Mandibular_View,1549.0,1161.0,70.40284276605179,False,
anonymous_003-007-1300-01_1733385300365_Mandibular_View,2400.0,1798.0,40.27773892287721,False,
anonymous_003-007-1077-01_1731472609793_Mandibular_View,2755.0,2065.0,34.66236355220048,False,
anonymous_003-008-1416-01_1733916762406_Mandibular_View,1279.0,718.0,107.67807732345256,False,
anonymous_003-008-1286-01_1733305529690_Mandibular_View,1501.0,1125.0,51.93476681182153,False,
anonymous_003-007-629-01_1729140899689_Mandibular_View,2055.0,1370.0,28.990582191239028,False,
anonymous_003-008-863-01_1730206910719_Mandibular_View,1244.0,932.0,55.30282429566485,False,
anonymous_003-008-850-01_1730122161166_Mandibular_View,1405.0,789.0,56.46150733643442,False,
anonymous_003-008-974-01_1730891946552_Mandibular_View,1171.0,878.0,95.95912121113165,False,
anonymous_003-008-1017-01_1731069493503_Mandibular_View,1526.0,857.0,79.32052444210784,False,
anonymous_004-008-1019-01_1731071445859_Mandibular_View,1270.0,713.0,55.930384205501646,False,
anonymous_003-008-1310-01_1733403923542_Mandibular_View,1124.0,842.0,66.05908232170825,False,
anonymous_003-007-847-01_1730184498927_Mandibular_View,2575.0,1930.0,32.35170119057711,False,
anonymous_003_007_465_01_1728570918885_Mandibular_View,1519.0,1139.0,35.54545187081265,False,
anonymous_003-007-1213-01_1732862150627_Mandibular_View,2155.0,1615.0,40.97544622088378,False,
anonymous_003-008-1432-01_1733999821161_Mandibular_View,1332.0,998.0,31.772227269012216,False,
anonymous_003-007-1234-01_1732946398632_Mandibular_View,2190.0,1642.0,44.68161463379371,False,
anonymous_003-008-1049-01_1731325955755_Mandibular_View,1045.0,783.0,56.77980752271469,False,
anonymous_003-008-686-01_1729259151138_Mandibular_View,1213.0,909.0,56.256362465017446,False,
anonymous_003-007-902-01_1730356318368_Mandibular_View,2280.0,1709.0,63.25392017136572,False,
anonymous_003-007-1443-01_1734064664241_Mandibular_View,2368.0,1775.0,50.17388346383203,False,
anonymous_004-008-1228-01_1732884689153_Mandibular_View,1468.0,1100.0,45.60020239993912,False,
anonymous_003-007-896-01_1730347046750_Mandibular_View,2419.0,1813.0,22.838557904816803,False,
anonymous_003-008-760-01_1729676313536_Mandibular_View,1567.0,880.0,84.92943472354017,False,
anonymous_003-007-926-01_1730706027197_Mandibular_View,2254.0,1690.0,17.14441938828624,False,
anonymous_003-007-867-01_1730261098640_Mandibular_View,2243.0,1681.0,44.86818505363945,False,
anonymous_003_007_315_01_1727934490294_Mandibular_View,2364.0,1328.0,42.615341687995475,False,
anonymous_003-007-809-01_1729924079887_Mandibular_View,2079.0,1386.0,181.62143151337204,False,
anonymous_003-007-718-01_1729496307960_Mandibular_View,1653.0,1239.0,40.54274344328665,False,
anonymous_003-007-1334-01_1733549416124_Mandibular_View,2482.0,1860.0,36.71403935275034,False,
anonymous_003-008-1288-01_1733308646255_Mandibular_View,1411.0,792.0,57.81467377833189,False,
anonymous_003_103_411_01_1728381037968_Mandibular_View,1590.0,1191.0,33.16912554040928,False,
anonymous_003-007-1447-01_1734069643857_Mandibular_View,2246.0,1683.0,42.99915896701502,False,
anonymous_003-008-1437-01_1734003718169_Mandibular_View,1260.0,944.0,83.84524317296213,False,
anonymous_003-008-1377-01_1733753599671_Mandibular_View,1224.0,918.0,74.79453491358603,False,
anonymous_003_007_547_01_1728879822694_Mandibular_View,2392.0,1343.0,53.92060957448357,False,
anonymous_003_007_457_01_1728559826218_Mandibular_View,1693.0,1269.0,18.016472126661693,False,
anonymous_003_103_347_01_1728037641315_Mandibular_View,1483.0,1112.0,64.92853148623064,False,
anonymous_003-007-1038-01_1731307341906_Mandibular_View,2089.0,1566.0,25.418487460706256,False,
anonymous_003-007-831-01_1730093656387_Mandibular_View,2510.0,1673.0,24.38779489600045,False,
anonymous_003_103_431_01_1728468882645_Mandibular_View,1698.0,1273.0,30.917445555376606,False,
anonymous_003-007-1085-01_1732179706392_Mandibular_View,2310.0,1731.0,26.02412870275872,False,
anonymous_003-008-1073-01_1731417937700_Mandibular_View,1415.0,1061.0,86.99859116521267,False,
anonymous_003_008_537_01_1728814010342_Mandibular_View,1457.0,1092.0,57.730107155260534,False,
anonymous_003_008_515_01_1728726784259_Mandibular_View,1865.0,1398.0,36.203646334323494,False,
anonymous_003-007-1422-01_1733982266210_Mandibular_View,2761.0,2070.0,54.816080373853964,False,
anonymous_003-007-1385-01_1733812781705_Mandibular_View,2645.0,1982.0,26.149647774731566,False,
anonymous_003-008-1135-01_1732533044326_Mandibular_View,1496.0,840.0,244.544540668112,False,
anonymous_003_007_469_01_1728623438211_Mandibular_View,1709.0,960.0,34.764279834292786,False,
anonymous_003-007-1424-01_1733984735840_Mandibular_View,2253.0,1689.0,16.84462555789365,False,
anonymous_003_103_430_01_1728467395628_Mandibular_View,1538.0,1153.0,81.42785143087751,False,
anonymous_003-007-637-01_1729150495970_Mandibular_View,2790.0,2091.0,44.86453618334074,False,
anonymous_003-007-1011-01_1731051758521_Mandibular_View,3060.0,2293.0,47.98696387077699,False,
anonymous_003-008-1306-01_1733398824537_Mandibular_View,1285.0,963.0,69.47141265197557,False,
anonymous_003_007_551_01_1728885152080_Mandibular_View,2140.0,1202.0,64.13791927767458,False,
anonymous_003_008_491_01_1728648050075_Mandibular_View,1513.0,1134.0,37.631677852783746,False,
anonymous_003-008-1455-01_1734083939704_Mandibular_View,1275.0,955.0,49.33571154905454,False,
anonymous_003-008-1069-01_1731411877180_Mandibular_View,1500.0,1125.0,90.42782143888714,False,
anonymous_003-008-572-01_1728917641191_Mandibular_View,1642.0,1231.0,36.30009948210231,False,
anonymous_003-008-1268-01_1733135542678_Mandibular_View,1342.0,1006.0,46.83551171428866,False,
anonymous_003-008-1105-01_1732274761826_Mandibular_View,1350.0,1012.0,61.01694920216443,False,
anonymous_003-008-840-01_1730109774881_Mandibular_View,1337.0,751.0,46.12677375728377,False,
anonymous_003_103_416_01_1728447642675_Mandibular_View,1880.0,1056.0,46.92717189014021,False,
anonymous_003-007-720-01_1729497532540_Mandibular_View,1603.0,1069.0,62.647738833446795,False,
anonymous_003-007-688-01_1729310888630_Mandibular_View,2722.0,1815.0,39.15787024622037,False,
anonymous_003-007-752-01_1729658514991_Mandibular_View,2568.0,1925.0,31.869634635113123,False,
anonymous_003-007-1474-01_1734157948894_Mandibular_View,2904.0,2177.0,56.2904382479545,False,
anonymous_003-008-938-01_1730729067026_Mandibular_View,1361.0,764.0,57.065784880052455,False,
anonymous_003-008-1133-01_1732530707494_Mandibular_View,1309.0,981.0,78.22333887113435,False,
anonymous_003-007-900-01_1730353637670_Mandibular_View,2709.0,2030.0,25.096621550863464,False,
anonymous_003_008_495_01_1728653519595_Mandibular_View,1625.0,1218.0,27.227421781074888,False,
anonymous_003_007_478_01_1728636361311_Mandibular_View,2252.0,1265.0,35.67391048402294,False,
anonymous_003-008-1373-01_1733742517125_Mandibular_View,1230.0,922.0,73.51380364253957,False,
anonymous_003-007-716-01_1729494300386_Mandibular_View,1612.0,1075.0,85.40165694899218,False,
anonymous_003-007-1366-01_1733731435587_Mandibular_View,2190.0,1641.0,42.872124988673065,False,
anonymous_003-007-1036-01_1731302733134_Mandibular_View,2600.0,1733.0,31.630655584222886,False,
anonymous_003_103_386_01_1728197609481_Mandibular_View,1605.0,1203.0,30.550060967845322,False,
anonymous_003-007-1207-01_1732855430757_Mandibular_View,2284.0,1712.0,33.59774992135365,False,
anonymous_003-008-1045-01_1731320462211_Mandibular_View,1615.0,907.0,29.07806265357072,False,
anonymous_003_008_520_01_1728733379965_Mandibular_View,1608.0,1205.0,51.03181932845702,False,
anonymous_003-008-980-01_1730900556552_Mandibular_View,1356.0,761.0,63.102898257711836,False,
anonymous_003-008-1203-01_1732790749679_Mandibular_View,1352.0,1014.0,115.58081117148903,False,
anonymous_003_103_382_01_1728189568619_Mandibular_View,1531.0,1147.0,38.07684044628583,False,
anonymous_003-007-1356-01_1733720353831_Mandibular_View,2600.0,1949.0,21.394063221828088,False,
anonymous_003_007_507_01_1728715242584_Mandibular_View,1700.0,1133.0,33.23775774568233,False,
anonymous_003-008-907-01_1730368244807_Mandibular_View,1498.0,841.0,25.96943964295422,False,
anonymous_003-008-1389-01_1733825027941_Mandibular_View,1274.0,715.0,129.53171021957385,False,
anonymous_003-007-1059-01_1731392005920_Mandibular_View,2975.0,2229.0,14.098822774774705,False,
anonymous_003-008-740-01_1729594985183_Mandibular_View,940.0,705.0,57.20140748091932,False,
anonymous_003-008-976-01_1730895164778_Mandibular_View,1243.0,932.0,86.3127390478176,False,
anonymous_003_103_329_01_1727960105370_Mandibular_View,1625.0,1218.0,21.761169742621558,False,
anonymous_003-007-1238-01_1732952726258_Mandibular_View,2458.0,1842.0,35.91848107930628,False,
anonymous_003-007-943-01_1730783589140_Mandibular_View,2368.0,1775.0,237.90750688194387,False,
anonymous_003_103_440_01_1728482030061_Mandibular_View,1614.0,1209.0,31.981420118744612,False,
anonymous_003_007_471_01_1728626198828_Mandibular_View,1926.0,1082.0,59.13233549377352,False,
anonymous_003-007-1427-01_1733987975292_Mandibular_View,2920.0,2189.0,44.330323471633875,False,
anonymous_003-008-857-01_1730199751150_Mandibular_View,1547.0,869.0,43.49333167437097,False,
anonymous_003_007_420_01_1728454313603_Mandibular_View,2338.0,1313.0,46.722883600163,False,
anonymous_003-008-655-01_1729173697243_Mandibular_View,1282.0,720.0,82.14135266451675,False,
anonymous_003-008-777-01_1729764443108_Mandibular_View,1488.0,1115.0,57.407224790088115,False,
anonymous_003-008-1296-01_1733317695628_Mandibular_View,1499.0,842.0,48.6454012570261,False,
anonymous_003-008-1326-01_1733483791924_Mandibular_View,1077.0,807.0,64.53664703558219,False,
anonymous_003-008-1393-01_1733830435002_Mandibular_View,1290.0,724.0,127.8832316121903,False,
anonymous_003-007-947-01_1730789696100_Mandibular_View,2511.0,1882.0,19.968436429345452,False,
anonymous_003-007-1358-01_1733721809632_Mandibular_View,2293.0,1719.0,47.67421015753088,False,
anonymous_003_103_353_01_1728047772900_Mandibular_View,1306.0,978.0,85.05896562570474,False,
anonymous_003-007-1337-01_1733552404003_Mandibular_View,2691.0,2017.0,20.123135223944864,False,
anonymous_003_103_372_01_1728127593861_Mandibular_View,1441.0,1080.0,52.37222015708859,False,
anonymous_003-007-1209-01_1732857661861_Mandibular_View,2356.0,1766.0,20.84581995250416,False,
anonymous_003_008_522_01_1728736167560_Maxillary_Occlusal_View,1668.0,1250.0,148.3809486797955,False,
anonymous_003-008-684-01_1729257374840_Maxillary_Occlusal_View,1603.0,1201.0,14.180385061575201,False,
anonymous_003-008-800-01_1729864757748_Maxillary_Occlusal_View,1605.0,1203.0,18.776804592264536,False,
anonymous_003-008-1203-01_1732790749679_Maxillary_Occlusal_View,1549.0,1161.0,68.07568935125103,False,
anonymous_003-008-740-01_1729594985183_Maxillary_Occlusal_View,1372.0,1028.0,49.864806051836254,False,
anonymous_003_007_359_01_1728101473636_Maxillary_Occlusal_View,3266.0,1834.0,47.135827073795376,False,
anonymous_003-008-614-01_1729074200376_Maxillary_Occlusal_View,1448.0,1085.0,50.54632215676366,False,
anonymous_003-008-1322-01_1733477951014_Maxillary_Occlusal_View,1277.0,957.0,38.808747858055696,False,
anonymous_003-008-792-01_1729851646541_Maxillary_Occlusal_View,1423.0,1067.0,21.2282767860339,False,
anonymous_004-008-914-01_1730377944083_Maxillary_Occlusal_View,1503.0,1126.0,32.898896096357596,False,
anonymous_003-008-645-01_1729160496237_Maxillary_Occlusal_View,1681.0,1260.0,29.596336249921272,False,
anonymous_003-008-647-01_1729163338710_Maxillary_Occlusal_View,1992.0,1493.0,14.08642198815532,False,
anonymous_003-008-744-01_1729601436707_Maxillary_Occlusal_View,1245.0,933.0,34.51195336835454,False,
anonymous_003-008-1187-01_1732714576631_Maxillary_Occlusal_View,1611.0,1208.0,31.80706774514847,False,
anonymous_003_007_453_01_1728547539991_Maxillary_Occlusal_View,2736.0,1536.0,194.16673995580874,False,
anonymous_003-007-1447-01_1734069643857_Maxillary_Occlusal_View,2584.0,1937.0,17.366327563375343,False,
anonymous_003-008-850-01_1730122161166_Maxillary_Occlusal_View,1541.0,1155.0,26.168011993196703,False,
anonymous_003_007_447_01_1728537828958_Maxillary_Occlusal_View,2629.0,1476.0,14.203046822635821,False,
anonymous_003-008-680-01_1729252793946_Maxillary_Occlusal_View,1522.0,1140.0,32.219352234944466,False,
anonymous_003-008-815-01_1729938651639_Maxillary_Occlusal_View,1714.0,1285.0,17.62515097885909,False,
anonymous_003_103_380_01_1728186942084_Maxillary_Occlusal_View,1909.0,1431.0,27.742089606363468,False,
anonymous_003-008-1345-01_1733567991677_Maxillary_Occlusal_View,1480.0,1109.0,48.271306505943826,False,
anonymous_003_007_549_01_1728881829256_Maxillary_Occlusal_View,2239.0,2239.0,106.52968287437355,False,
anonymous_003-007-1065-01_1731399889607_Maxillary_Occlusal_View,2824.0,2117.0,8.812919091439495,False,
anonymous_003-008-1371-01_1733740064957_Maxillary_Occlusal_View,1379.0,1034.0,41.337733292049975,False,
anonymous_003-008-746-01_1729603652462_Maxillary_Occlusal_View,1485.0,1113.0,25.367257079948793,False,
anonymous_004-008-1053-01_1731331541965_Maxillary_Occlusal_View,1297.0,972.0,45.01644819731411,False,
anonymous_003-007-1166-01_1732683540150_Maxillary_Occlusal_View,3186.0,2388.0,8.24308371847186,False,
anonymous_003-008-1478-01_1734169137449_Maxillary_Occlusal_View,1592.0,1193.0,33.411576403696756,False,
anonymous_003-007-710-01_1729485813570_Maxillary_Occlusal_View,2120.0,1414.0,13.517514409683587,False,
anonymous_003-007-631-01_1729143366138_Maxillary_Occlusal_View,3085.0,2057.0,5.22562203795658,False,
anonymous_003-008-678-01_1729248899061_Maxillary_Occlusal_View,1778.0,1333.0,18.402938364785673,False,
anonymous_003-008-1288-01_1733308646255_Maxillary_Occlusal_View,1586.0,1189.0,34.391801895605795,False,
anonymous_004-008-1330-01_1733492594752_Maxillary_Occlusal_View,1721.0,1290.0,159.43999604395697,False,
anonymous_003_103_327_01_1727957751184_Maxillary_Occlusal_View,1844.0,1382.0,38.174317053973596,False,
anonymous_003-008-1221-01_1732875645470_Maxillary_Occlusal_View,1626.0,1219.0,31.337158534674913,False,
anonymous_003-007-807-01_1729920527022_Maxillary_Occlusal_View,3641.0,2729.0,7.579026419873604,False,
anonymous_003-008-825-01_1729951611564_Maxillary_Occlusal_View,1663.0,1246.0,24.64445406664071,False,
anonymous_003_103_374_01_1728129781510_Maxillary_Occlusal_View,1882.0,1410.0,21.421740489224153,False,
anonymous_003-007-1230-01_1732941288726_Maxillary_Occlusal_View,2609.0,1955.0,11.762653406316701,False,
anonymous_003-007-639-01_1729152224776_Maxillary_Occlusal_View,3340.0,2503.0,5.807998158362437,False,
anonymous_003-007-584-01_1728978916496_Maxillary_Occlusal_View,2445.0,2445.0,16.603460321757083,False,
anonymous_003-008-1393-01_1733830435002_Maxillary_Occlusal_View,1504.0,1128.0,41.56927984205726,False,
anonymous_003-007-1424-01_1733984735840_Maxillary_Occlusal_View,2724.0,2041.0,15.542742348818598,False,
anonymous_003-007-1032-01_1731299153842_Maxillary_Occlusal_View,3186.0,2388.0,37.38181000965328,False,
anonymous_003-008-1105-01_1732274761826_Maxillary_Occlusal_View,1515.0,1136.0,64.30246456722503,False,
anonymous_003-008-861-01_1730204968896_Maxillary_Occlusal_View,1841.0,1380.0,22.16845312290007,False,
anonymous_003_007_557_01_1728893264519_Maxillary_Occlusal_View,2143.0,1428.0,21.626000095358226,False,
anonymous_003-007-1217-01_1732873386455_Maxillary_Occlusal_View,1554.0,1165.0,31.170534341924537,False,
anonymous_003-007-629-01_1729140899689_Maxillary_Occlusal_View,3472.0,2314.0,12.222417688076161,False,
anonymous_003-008-1310-01_1733403923542_Maxillary_Occlusal_View,1538.0,1153.0,43.535990225612615,False,
anonymous_003-008-1135-01_1732533044326_Maxillary_Occlusal_View,1684.0,1262.0,27.068585361532264,False,
anonymous_003-007-1467-01_1734151211266_Maxillary_Occlusal_View,2694.0,2019.0,15.181187319516491,False,
anonymous_003-008-930-01_1730717194382_Maxillary_Occlusal_View,1569.0,1176.0,35.79132622269939,False,
anonymous_003-009-1195-01_1732780033709_Maxillary_Occlusal_View,2657.0,1771.0,111.08306545113362,False,
anonymous_003-008-1133-01_1732530707494_Maxillary_Occlusal_View,1703.0,1276.0,52.6799539741008,False,
anonymous_003-008-643-01_1729157850459_Maxillary_Occlusal_View,1441.0,1080.0,23.459012075593964,False,
anonymous_003-007-641-01_1729154257635_Maxillary_Occlusal_View,3497.0,2331.0,41.36226846306807,False,
anonymous_003_007_361_01_1728105487925_Maxillary_Occlusal_View,2969.0,2225.0,64.50542980327913,False,
anonymous_003-008-974-01_1730891946552_Maxillary_Occlusal_View,1612.0,1208.0,21.03946338454121,False,
anonymous_003-008-616-01_1729077690116_Maxillary_Occlusal_View,1596.0,1196.0,34.13842694731855,False,
anonymous_003_103_390_01_1728205027431_Maxillary_Occlusal_View,1805.0,1353.0,17.018525768975106,False,
anonymous_003-007-1276-01_1733288260917_Maxillary_Occlusal_View,3070.0,2301.0,11.32989819158561,False,
anonymous_003-007-758-01_1729672372582_Maxillary_Occlusal_View,3618.0,2712.0,33.63964349661501,False,
anonymous_003-007-1334-01_1733549416124_Maxillary_Occlusal_View,2720.0,2039.0,9.620820983896849,False,
anonymous_003-008-653-01_1729171852238_Maxillary_Occlusal_View,1496.0,1122.0,18.512257268463955,False,
anonymous_003-008-819-01_1729943834576_Maxillary_Occlusal_View,1603.0,1201.0,21.86629854735705,False,
anonymous_003-008-978-01_1730897360301_Maxillary_Occlusal_View,1348.0,1010.0,34.99406601639337,False,
anonymous_003-007-633-01_1729145304049_Maxillary_Occlusal_View,3415.0,2277.0,12.793056906604177,False,
anonymous_003_007_392_01_1728361981214_Maxillary_Occlusal_View,3766.0,2115.0,15.913583627882158,False,
anonymous_003-007-580-01_1728972003930_Maxillary_Occlusal_View,3047.0,2031.0,7.22419142602348,False,
anonymous_003-007-1238-01_1732952726258_Maxillary_Occlusal_View,2914.0,2184.0,12.768717555485932,False,
anonymous_003-008-598-01_1729004550645_Maxillary_Occlusal_View,1548.0,1160.0,39.4086172322992,False,
anonymous_003-008-1432-01_1733999821161_Maxillary_Occlusal_View,1625.0,1218.0,131.06758149172018,False,
anonymous_003_103_428_01_1728465366608_Maxillary_Occlusal_View,1790.0,1341.0,26.90671091765406,False,
anonymous_003-007-635-01_1729148089786_Maxillary_Occlusal_View,3987.0,2658.0,6.173381397743752,False,
anonymous_003_103_384_01_1728193820992_Maxillary_Occlusal_View,1616.0,1211.0,39.402766298804735,False,
anonymous_003-008-1069-01_1731411877180_Maxillary_Occlusal_View,1434.0,1075.0,31.146226981819247,False,
anonymous_003-007-1146-01_1732601006549_Maxillary_Occlusal_View,3269.0,2450.0,7.000234984173153,False,
anonymous_003-007-1341-01_1733555170954_Maxillary_Occlusal_View,2547.0,1909.0,12.627283368728026,False,
anonymous_003-007-1427-01_1733987975292_Maxillary_Occlusal_View,2471.0,1852.0,12.00643027574357,False,
anonymous_003-008-618-01_1729080560019_Maxillary_Occlusal_View,1607.0,1205.0,30.564990628988536,False,
anonymous_003-008-1286-01_1733305529690_Maxillary_Occlusal_View,1455.0,1091.0,31.564594414892312,False,
anonymous_003-008-1205-01_1732794208125_Maxillary_Occlusal_View,1916.0,1076.0,256.23206963966845,False,
anonymous_003-008-562-01_1728904090342_Maxillary_Occlusal_View,1960.0,1469.0,13.010304718350577,False,
anonymous_004-007-1025-01_1731217458144_Maxillary_Occlusal_View,3567.0,2673.0,12.215778362700648,False,
anonymous_003_008_515_01_1728726784259_Maxillary_Occlusal_View,1697.0,1272.0,25.190424352617338,False,
anonymous_003-008-1353-01_1733575066516_Maxillary_Occlusal_View,1253.0,939.0,34.55604550505481,False,
anonymous_003_007_457_01_1728559826218_Maxillary_Occlusal_View,1753.0,1314.0,34.482163204110165,False,
anonymous_003_007_547_01_1728879822694_Maxillary_Occlusal_View,3215.0,2409.0,41.35968809971729,False,
anonymous_003-008-1111-01_1732358129668_Maxillary_Occlusal_View,1486.0,1114.0,28.006823707500164,False,
anonymous_003_007_418_01_1728450994783_Maxillary_Occlusal_View,2863.0,1909.0,14.77787037157941,False,
anonymous_003-007-1097-01_1732258152530_Maxillary_Occlusal_View,3061.0,2294.0,15.44493906617845,False,
anonymous_003-007-982-01_1730953683707_Maxillary_Occlusal_View,3437.0,2576.0,10.580402060047742,False,
anonymous_003-007-716-01_1729494300386_Maxillary_Occlusal_View,2462.0,1641.0,16.895691695713438,False,
anonymous_003-008-1017-01_1731069493503_Maxillary_Occlusal_View,1654.0,1239.0,20.212937449656376,False,
anonymous_003_007_505_01_1728712510089_Maxillary_Occlusal_View,2657.0,1771.0,12.279533257132908,False,
anonymous_003-007-802-01_1729916116649_Maxillary_Occlusal_View,3731.0,2488.0,6.0227434218584275,False,
anonymous_003_007_394_01_1728366298014_Maxillary_Occlusal_View,2307.0,2307.0,12.844017789818329,False,
anonymous_003-007-752-01_1729658514991_Maxillary_Occlusal_View,2936.0,1957.0,17.11464991873689,False,
anonymous_003_007_465_01_1728570918885_Maxillary_Occlusal_View,2228.0,1670.0,13.741667023190265,False,
anonymous_003_007_499_01_1728704917370_Maxillary_Occlusal_View,2359.0,1768.0,10.82321052092382,False,
anonymous_003-007-1387-01_1733816504123_Maxillary_Occlusal_View,2651.0,1987.0,9.516885924753643,False,
anonymous_003-008-1185-01_1732712307535_Maxillary_Occlusal_View,1579.0,1183.0,37.35811476591375,False,
anonymous_003-008-1137-01_1732535092563_Maxillary_Occlusal_View,1505.0,1128.0,38.61988581895856,False,
anonymous_003_007_553_01_1728887457386_Maxillary_Occlusal_View,3093.0,2062.0,12.204346139241844,False,
anonymous_003-008-1377-01_1733753599671_Maxillary_Occlusal_View,1376.0,1031.0,22.573118642217196,False,
anonymous_003-008-1409-01_1733910983435_Maxillary_Occlusal_View,1317.0,987.0,56.35276975300676,False,
anonymous_003-008-1266-01_1733132809329_Maxillary_Occlusal_View,1500.0,1125.0,49.50931180666067,False,
anonymous_003-008-1244-01_1732962596526_Maxillary_Occlusal_View,1545.0,1158.0,22.41292874285091,False,
anonymous_003_007_426_01_1728463017437_Maxillary_Occlusal_View,2666.0,1998.0,8.167542230980006,False,
anonymous_003-007-1057-01_1731389144492_Maxillary_Occlusal_View,3401.0,2549.0,7.827572340344797,False,
anonymous_003-007-575-01_1728964993041_Maxillary_Occlusal_View,2702.0,1801.0,19.109553312504485,False,
anonymous_003_103_331_01_1727962772866_Maxillary_Occlusal_View,1941.0,1455.0,25.157686810740124,False,
anonymous_003-007-900-01_1730353637670_Maxillary_Occlusal_View,2966.0,2223.0,32.27103873540369,False,
anonymous_003-008-1113-01_1732361420661_Maxillary_Occlusal_View,1390.0,1042.0,53.595169750670706,False,
anonymous_003-008-1439-01_1734006035878_Maxillary_Occlusal_View,1565.0,1173.0,44.09720340094914,False,
anonymous_004-008-1228-01_1732884689153_Maxillary_Occlusal_View,1503.0,1127.0,37.07704832809194,False,
anonymous_003_007_337_01_1728017558688_Maxillary_Occlusal_View,2619.0,1471.0,101.79037880431507,False,
anonymous_004-008-1463-01_1734099079076_Maxillary_Occlusal_View,1888.0,1061.0,28.715353704448802,False,
anonymous_003-007-1405-01_1733903046895_Maxillary_Occlusal_View,2924.0,2192.0,9.897649045693596,False,
anonymous_003-007-718-01_1729496307960_Maxillary_Occlusal_View,2529.0,1686.0,9.758245620917803,False,
anonymous_003-008-1223-01_1732877412001_Maxillary_Occlusal_View,1618.0,1213.0,32.34967089576532,False,
anonymous_003-007-610-01_1729062730067_Maxillary_Occlusal_View,3384.0,2256.0,8.564334215074318,False,
anonymous_003_103_386_01_1728197609481_Maxillary_Occlusal_View,1623.0,1217.0,27.17124255990119,False,
anonymous_003-008-892-01_1730293561502_Maxillary_Occlusal_View,1661.0,1245.0,40.6077168088514,False,
anonymous_003_103_388_01_1728200858482_Maxillary_Occlusal_View,1980.0,1484.0,26.062611763244803,False,
anonymous_003-007-1059-01_1731392005920_Maxillary_Occlusal_View,3148.0,2360.0,44.63060604475919,False,
anonymous_003-008-566-01_1728910029994_Maxillary_Occlusal_View,1766.0,1323.0,16.011484215302488,False,
anonymous_003-007-1474-01_1734157948894_Maxillary_Occlusal_View,2751.0,2061.0,14.744747399398621,False,
anonymous_003-007-1091-01_1732249857221_Maxillary_Occlusal_View,2705.0,2028.0,18.064743479404566,False,
anonymous_003-007-1125-01_1732514795040_Maxillary_Occlusal_View,3159.0,2368.0,15.373546047318227,False,
anonymous_003-007-1213-01_1732862150627_Maxillary_Occlusal_View,2635.0,1975.0,13.033450578707551,False,
anonymous_003-008-1324-01_1733480246380_Maxillary_Occlusal_View,1338.0,1003.0,40.2701788673943,False,
anonymous_003-008-934-01_1730723369013_Maxillary_Occlusal_View,1551.0,1162.0,23.143808013883618,False,
anonymous_003_007_341_01_1728024477624_Maxillary_Occlusal_View,2177.0,1631.0,141.23277488994853,False,
anonymous_003_007_507_01_1728715242584_Maxillary_Occlusal_View,2628.0,1752.0,20.235466922019675,False,
anonymous_003-008-1178-01_1732704505600_Maxillary_Occlusal_View,1489.0,1116.0,31.51975216682172,False,
anonymous_003-007-1343-01_1733556695047_Maxillary_Occlusal_View,3019.0,2263.0,7.006656472340849,False,
anonymous_003_007_363_01_1728112740981_Maxillary_Occlusal_View,3060.0,1719.0,30.16907856544936,False,
anonymous_003-008-1437-01_1734003718169_Maxillary_Occlusal_View,1557.0,1167.0,24.674785892586552,False,
anonymous_003_008_541_01_1728818673620_Maxillary_Occlusal_View,1622.0,1216.0,31.393713114801873,False,
anonymous_003-008-855-01_1730197185524_Maxillary_Occlusal_View,1492.0,1118.0,35.13503009974662,False,
anonymous_003-007-1038-01_1731307341906_Maxillary_Occlusal_View,3047.0,2284.0,12.169380184668881,False,
anonymous_004-007-924-01_1730701589918_Maxillary_Occlusal_View,3399.0,2548.0,7.192492294643566,False,
anonymous_003-007-695-01_1729317296393_Maxillary_Occlusal_View,2334.0,1749.0,17.1759051214072,False,
anonymous_003-007-606-01_1729059021512_Maxillary_Occlusal_View,2902.0,1935.0,10.604434918812133,False,
anonymous_003-007-992-01_1730965334194_Maxillary_Occlusal_View,3173.0,2378.0,8.666454260286953,False,
anonymous_003-007-879-01_1730277118197_Maxillary_Occlusal_View,3437.0,2576.0,45.0149281323715,False,
anonymous_003-008-762-01_1729680417375_Maxillary_Occlusal_View,1495.0,1121.0,46.84651900920038,False,
anonymous_003-007-831-01_1730093656387_Maxillary_Occlusal_View,3142.0,2355.0,49.91155794327231,False,
anonymous_003_007_424_01_1728461148978_Maxillary_Occlusal_View,3312.0,1860.0,15.161801641413394,False,
anonymous_003-007-1040-01_1731310136506_Maxillary_Occlusal_View,3191.0,2391.0,8.05008804264139,False,
anonymous_003_007_420_01_1728454313603_Maxillary_Occlusal_View,3084.0,1732.0,7.973253867405616,False,
anonymous_003-008-570-01_1728915270013_Maxillary_Occlusal_View,1661.0,1245.0,22.365429445141956,False,
anonymous_003-007-1337-01_1733552404003_Maxillary_Occlusal_View,2651.0,1987.0,10.129494292085033,False,
anonymous_003-007-926-01_1730706027197_Maxillary_Occlusal_View,3361.0,2519.0,12.30484271186772,False,
anonymous_003_103_347_01_1728037641315_Maxillary_Occlusal_View,1891.0,1417.0,22.93468075510985,False,
anonymous_003-008-572-01_1728917641191_Maxillary_Occlusal_View,1735.0,1300.0,46.824283303672736,False,
anonymous_003_008_491_01_1728648050075_Maxillary_Occlusal_View,1818.0,1362.0,38.30973325171745,False,
anonymous_003_007_526_01_1728799140980_Maxillary_Occlusal_View,2617.0,1744.0,9.648231489237155,False,
anonymous_003-007-1260-01_1733121182290_Maxillary_Occlusal_View,2792.0,2092.0,8.859005103957054,False,
anonymous_003-007-953-01_1730795714335_Maxillary_Occlusal_View,3344.0,2506.0,39.326033902139564,False,
anonymous_003-007-1262-01_1733124217293_Maxillary_Occlusal_View,2807.0,2104.0,15.563357319530953,False,
anonymous_003-007-918-01_1730692542165_Maxillary_Occlusal_View,3431.0,2572.0,70.73083328643466,False,
anonymous_003-007-1420-01_1733978633675_Maxillary_Occlusal_View,2774.0,2079.0,13.385227262659917,False,
anonymous_003_008_497_01_1728655686740_Maxillary_Occlusal_View,1835.0,1376.0,27.174373454607956,False,
anonymous_003-007-943-01_1730783589140_Maxillary_Occlusal_View,3260.0,2443.0,45.01040667992391,False,
anonymous_003-007-1061-01_1731394531816_Maxillary_Occlusal_View,3288.0,2464.0,8.03208316421972,False,
anonymous_003_103_349_01_1728040923424_Maxillary_Occlusal_View,1738.0,1303.0,24.36584958662147,False,
anonymous_003-008-1292-01_1733312885543_Maxillary_Occlusal_View,1433.0,1074.0,30.11144399012004,False,
anonymous_004-008-1465-01_1734100929758_Maxillary_Occlusal_View,1387.0,1040.0,37.42121305359821,False,
anonymous_003-008-1351-01_1733572755849_Maxillary_Occlusal_View,1621.0,910.0,35.18852347754388,False,
anonymous_003-007-766-01_1729746443704_Maxillary_Occlusal_View,3652.0,2435.0,10.60386983356782,False,
anonymous_003_007_449_01_1728540809426_Maxillary_Occlusal_View,2933.0,1647.0,20.30226792714169,False,
anonymous_003-007-1472-01_1734155123048_Maxillary_Occlusal_View,2498.0,1872.0,12.836715663895742,False,
anonymous_003-007-764-01_1729742719636_Maxillary_Occlusal_View,3392.0,2261.0,47.24365627572408,False,
anonymous_003_007_339_01_1728020284845_Maxillary_Occlusal_View,2923.0,2191.0,29.71440280304101,False,
anonymous_003-007-608-01_1729061556946_Maxillary_Occlusal_View,3338.0,2226.0,13.404740898477224,False,
anonymous_003_103_430_01_1728467395628_Maxillary_Occlusal_View,1736.0,1301.0,22.23113807361627,False,
anonymous_003-007-700-01_1729325366305_Maxillary_Occlusal_View,2525.0,1684.0,15.552290567992848,False,
anonymous_003_103_372_01_1728127593861_Maxillary_Occlusal_View,1792.0,1343.0,29.23602942992533,False,
anonymous_003-007-1358-01_1733721809632_Maxillary_Occlusal_View,2686.0,2013.0,16.135658976213954,False,
anonymous_003_007_551_01_1728885152080_Maxillary_Occlusal_View,2407.0,2407.0,16.235449523538232,False,
anonymous_003-007-1316-01_1733462861973_Maxillary_Occlusal_View,2810.0,2106.0,10.601216140221995,False,
anonymous_003-008-624-01_1729089681358_Maxillary_Occlusal_View,1547.0,1159.0,25.827364378512243,False,
anonymous_003-008-857-01_1730199751150_Maxillary_Occlusal_View,1717.0,1287.0,14.552745293972574,False,
anonymous_003-008-1183-01_1732710009967_Maxillary_Occlusal_View,1715.0,1285.0,127.96188034167429,False,
anonymous_003_103_323_01_1727949601502_Maxillary_Occlusal_View,1853.0,1389.0,20.075893863468377,False,
anonymous_003_007_475_01_1728635243973_Maxillary_Occlusal_View,2219.0,1246.0,25.869568737350114,False,
anonymous_003-007-1332-01_1733546368703_Maxillary_Occlusal_View,3048.0,2285.0,8.377164205582465,False,
anonymous_003_103_353_01_1728047772900_Maxillary_Occlusal_View,1957.0,1467.0,39.35395236964801,False,
anonymous_003_007_422_01_1728457270469_Maxillary_Occlusal_View,2801.0,1573.0,20.782469769327427,False,
anonymous_003_103_382_01_1728189568619_Maxillary_Occlusal_View,1897.0,1422.0,36.22214140645652,False,
anonymous_003-008-817-01_1729940998488_Maxillary_Occlusal_View,1665.0,1248.0,17.14800557218997,False,
anonymous_003_007_467_01_1728619862956_Maxillary_Occlusal_View,2032.0,1523.0,15.818164125169307,False,
anonymous_003-007-902-01_1730356318368_Maxillary_Occlusal_View,3688.0,2764.0,34.92632321664248,False,
anonymous_003-007-612-01_1729067426867_Maxillary_Occlusal_View,3690.0,2460.0,48.843644693928496,False,
anonymous_003-007-922-01_1730698705895_Maxillary_Occlusal_View,3147.0,2358.0,6.948199786182917,False,
anonymous_003-008-620-01_1729083811620_Maxillary_Occlusal_View,1417.0,1062.0,43.51332742254061,False,
anonymous_003_103_299_01_1727868080003_Maxillary_Occlusal_View,1838.0,1377.0,24.55746433162508,False,
anonymous_003-008-1270-01_1733137830204_Maxillary_Occlusal_View,1394.0,1045.0,41.55205218564438,False,
anonymous_003-007-1383-01_1733809827682_Maxillary_Occlusal_View,2431.0,1822.0,9.533501574433084,False,
anonymous_003-007-849-01_1730186754981_Maxillary_Occlusal_View,3753.0,2813.0,7.3943720173148675,False,
anonymous_003-007-1451-01_1734074621913_Maxillary_Occlusal_View,2858.0,2142.0,9.427712358614706,False,
anonymous_003-007-898-01_1730349798023_Maxillary_Occlusal_View,3379.0,2533.0,36.65612739630797,False,
anonymous_003-007-722-01_1729499124205_Maxillary_Occlusal_View,2471.0,1647.0,23.98231979494932,False,
anonymous_003_103_297_01_1727863917233_Maxillary_Occlusal_View,1851.0,1388.0,18.213842995348273,False,
anonymous_003_103_440_01_1728482030061_Maxillary_Occlusal_View,1956.0,1466.0,17.33350347686591,False,
anonymous_003-007-672-01_1729239360521_Maxillary_Occlusal_View,3324.0,2216.0,34.88819945463456,False,
anonymous_003_007_555_01_1728890992148_Maxillary_Occlusal_View,3054.0,2036.0,10.429264816280567,False,
anonymous_003_007_510_01_1728719208166_Maxillary_Occlusal_View,2651.0,1768.0,14.320648645170992,False,
anonymous_003_007_451_01_1728544056026_Maxillary_Occlusal_View,2254.0,1503.0,11.279774024898737,False,
anonymous_003-008-1107-01_1732277905849_Maxillary_Occlusal_View,1199.0,899.0,23.55604873275673,False,
anonymous_003_103_368_01_1728121973114_Maxillary_Occlusal_View,1865.0,1398.0,23.1674732479779,False,
anonymous_003-007-838-01_1730102704994_Maxillary_Occlusal_View,3622.0,2714.0,21.57052720023565,False,
anonymous_003-007-1449-01_1734071616170_Maxillary_Occlusal_View,3164.0,2372.0,12.27301995331308,False,
anonymous_003-007-1367-01_1733732675177_Maxillary_Occlusal_View,2630.0,1971.0,8.169348326364679,False,
anonymous_003_103_414_01_1728387955658_Maxillary_Occlusal_View,1751.0,1313.0,26.260331675196852,False,
anonymous_003-007-720-01_1729497532540_Maxillary_Occlusal_View,2234.0,1674.0,25.212635367023964,False,
anonymous_003-008-1272-01_1733140086934_Maxillary_Occlusal_View,1391.0,1042.0,19.966151736620724,False,
anonymous_003-008-730-01_1729520092178_Maxillary_Occlusal_View,1769.0,1326.0,105.63577840096829,False,
anonymous_003-008-686-01_1729259151138_Maxillary_Occlusal_View,1587.0,1190.0,34.081247473521124,False,
anonymous_003_007_315_01_1727934490294_Maxillary_Occlusal_View,2513.0,1411.0,33.26963858760714,False,
anonymous_003-007-965-01_1730877244468_Maxillary_Occlusal_View,3049.0,2286.0,14.88713521398448,False,
anonymous_003-008-726-01_1729515883716_Maxillary_Occlusal_View,1352.0,1013.0,39.78279911550479,False,
anonymous_003_103_411_01_1728381037968_Maxillary_Occlusal_View,1702.0,1276.0,25.944759805403137,False,
anonymous_003_007_471_01_1728626198828_Maxillary_Occlusal_View,2835.0,1592.0,45.94254026910631,False,
anonymous_003-007-1164-01_1732681409763_Maxillary_Occlusal_View,2755.0,2065.0,9.283650061551565,False,
anonymous_003-007-877-01_1730274074804_Maxillary_Occlusal_View,3455.0,2590.0,9.348551983535403,False,
anonymous_003-007-637-01_1729150495970_Maxillary_Occlusal_View,3877.0,2584.0,6.4319844603892875,False,
anonymous_003-008-596-01_1729002084186_Maxillary_Occlusal_View,1512.0,1133.0,42.03178350749399,False,
anonymous_003-008-1416-01_1733916762406_Maxillary_Occlusal_View,1602.0,1200.0,16.678028500266212,False,
anonymous_003_103_357_01_1728053115007_Maxillary_Occlusal_View,1957.0,1467.0,19.948108878152773,False,
anonymous_003-007-1280-01_1733292935145_Maxillary_Occlusal_View,3224.0,2416.0,10.83012918685337,False,
anonymous_003-008-1268-01_1733135542678_Maxillary_Occlusal_View,1645.0,1233.0,21.80972670996855,False,
anonymous_003-007-949-01_1730791860378_Maxillary_Occlusal_View,3203.0,2401.0,11.907441883772242,False,
anonymous_003-008-1306-01_1733398824537_Maxillary_Occlusal_View,1397.0,1047.0,45.59760092649789,False,
anonymous_004-007-1027-01_1731221247182_Maxillary_Occlusal_View,3422.0,2565.0,13.84411233757619,False,
anonymous_003-008-798-01_1729861005978_Maxillary_Occlusal_View,1743.0,1307.0,27.604341071439926,False,
anonymous_003-008-1455-01_1734083939704_Maxillary_Occlusal_View,1633.0,1224.0,36.3579494636762,False,
anonymous_003-008-1274-01_1733141893914_Maxillary_Occlusal_View,1629.0,1221.0,28.50051702094174,False,
anonymous_003-007-986-01_1730958260724_Maxillary_Occlusal_View,3577.0,2681.0,11.792281429997866,False,
anonymous_003-008-1073-01_1731417937700_Maxillary_Occlusal_View,1591.0,1192.0,34.05494671549467,False,
anonymous_003_007_366_01_1728116583995_Maxillary_Occlusal_View,3559.0,1999.0,13.652953473845711,False,
anonymous_003-007-1422-01_1733982266210_Maxillary_Occlusal_View,2866.0,2148.0,20.160217994545054,False,
anonymous_003-008-1411-01_1733912476033_Maxillary_Occlusal_View,1752.0,1313.0,37.4693772790039,False,
anonymous_003-007-872-01_1730266224083_Maxillary_Occlusal_View,3566.0,2673.0,26.631758783455513,False,
anonymous_003-007-657-01_1729225951464_Maxillary_Occlusal_View,3639.0,2426.0,11.185755211590722,False,
anonymous_003-007-954-01_1730796195637_Maxillary_Occlusal_View,2988.0,2239.0,56.84120040953635,False,
anonymous_003-008-626-01_1729138704180_Maxillary_Occlusal_View,2963.0,1975.0,32.95400448949821,False,
anonymous_003-008-682-01_1729255280803_Maxillary_Occlusal_View,1540.0,1154.0,21.67386052449609,False,
anonymous_003-008-1457-01_1734085909506_Maxillary_Occlusal_View,1618.0,1213.0,34.553466327458715,False,
anonymous_003_007_478_01_1728636361311_Maxillary_Occlusal_View,3046.0,1711.0,10.610078335036869,False,
anonymous_003_008_535_01_1728811127644_Maxillary_Occlusal_View,1682.0,1260.0,18.728241199431828,False,
anonymous_003_103_435_01_1728476277104_Maxillary_Occlusal_View,1797.0,1347.0,30.221022255212755,False,
anonymous_003_103_416_01_1728447642675_Maxillary_Occlusal_View,2719.0,1527.0,111.93005628218383,False,
anonymous_003_007_335_01_1728014331472_Maxillary_Occlusal_View,2783.0,1855.0,98.59475790648803,False,
anonymous_003_103_325_01_1727953120242_Maxillary_Occlusal_View,2149.0,1611.0,26.781343006253884,False,
anonymous_003-008-1369-01_1733737211760_Maxillary_Occlusal_View,1723.0,1292.0,32.359499246502516,False,
anonymous_003_008_531_01_1728805458452_Maxillary_Occlusal_View,1450.0,1087.0,71.3822015826275,False,
anonymous_003-007-829-01_1730090977294_Maxillary_Occlusal_View,3555.0,2664.0,7.979957277447226,False,
anonymous_003-007-1397-01_1733892390896_Maxillary_Occlusal_View,2552.0,1912.0,13.751567187333293,False,
anonymous_004-008-916-01_1730381009839_Maxillary_Occlusal_View,1555.0,1165.0,37.70409223449445,False,
anonymous_003-007-674-01_1729243660931_Maxillary_Occlusal_View,1618.0,1213.0,38.535940980907355,False,
anonymous_003-008-976-01_1730895164778_Maxillary_Occlusal_View,1345.0,1008.0,38.95274384637746,False,
anonymous_003-007-1362-01_1733725990504_Maxillary_Occlusal_View,3253.0,2438.0,8.414067962548742,False,
anonymous_003-008-1395-01_1733833399473_Maxillary_Occlusal_View,1670.0,1252.0,30.114962604396602,False,
anonymous_003-007-963-01_1730871948653_Maxillary_Occlusal_View,3621.0,2714.0,10.11046468538549,False,
anonymous_003-007-662-01_1729231169609_Maxillary_Occlusal_View,3686.0,2762.0,13.570135715217829,False,
anonymous_003-008-1435-01_1734001618377_Maxillary_Occlusal_View,1593.0,1194.0,16.075736688613834,False,
anonymous_003-008-1000-01_1730983693489_Maxillary_Occlusal_View,1262.0,946.0,44.95576907779432,False,
anonymous_003-007-1236-01_1732949543707_Maxillary_Occlusal_View,2651.0,1987.0,10.656758706142243,False,
anonymous_003-008-859-01_1730202467399_Maxillary_Occlusal_View,1544.0,1157.0,35.772626313222425,False,
anonymous_003-007-773-01_1729754981952_Maxillary_Occlusal_View,3643.0,2429.0,6.272369035941664,False,
anonymous_003-008-1246-01_1732965077773_Maxillary_Occlusal_View,1792.0,1343.0,136.11996925077403,False,
anonymous_003-007-756-01_1729668519608_Maxillary_Occlusal_View,3772.0,2827.0,8.776566838991444,False,
anonymous_003-007-1445-01_1734067220530_Maxillary_Occlusal_View,2486.0,1864.0,15.392960444220327,False,
anonymous_003-008-790-01_1729849195168_Maxillary_Occlusal_View,1627.0,1219.0,37.144017467553965,False,
anonymous_003-007-1469-01_1734153129262_Maxillary_Occlusal_View,2536.0,1901.0,10.958052542599996,False,
anonymous_003-007-1282-01_1733296511775_Maxillary_Occlusal_View,2676.0,2005.0,13.323025911482617,False,
anonymous_003-007-1095-01_1732255771018_Maxillary_Occlusal_View,3441.0,2579.0,13.805584478890601,False,
anonymous_003-008-821-01_1729946663162_Maxillary_Occlusal_View,2152.0,1613.0,11.544732367443563,False,
anonymous_003-007-688-01_1729310888630_Maxillary_Occlusal_View,3699.0,2466.0,50.18539662952156,False,
anonymous_003-007-1443-01_1734064664241_Maxillary_Occlusal_View,2470.0,1851.0,8.40428283193372,False,
anonymous_003-008-1290-01_1733310674518_Maxillary_Occlusal_View,1393.0,1044.0,54.10640847872313,False,
anonymous_003-008-1162-01_1732627243635_Maxillary_Occlusal_View,1661.0,1245.0,18.573534952495734,False,
anonymous_003-008-1294-01_1733315157711_Maxillary_Occlusal_View,1322.0,991.0,40.95524313893201,False,
anonymous_003-008-777-01_1729764443108_Maxillary_Occlusal_View,1686.0,1264.0,28.75786399175526,False,
anonymous_003-008-564-01_1728907238496_Maxillary_Occlusal_View,1818.0,1362.0,28.41189705380052,False,
anonymous_003_103_370_01_1728125137328_Maxillary_Occlusal_View,1914.0,1435.0,24.555369747457526,False,
anonymous_003-007-869-01_1730263219442_Maxillary_Occlusal_View,3204.0,2402.0,9.895610942232455,False,
anonymous_003_008_537_01_1728814010342_Maxillary_Occlusal_View,1884.0,1412.0,20.702272454379663,False,
anonymous_003_007_455_01_1728557053118_Maxillary_Occlusal_View,1682.0,1261.0,35.874690285884185,False,
anonymous_003-007-1258-01_1733118887519_Maxillary_Occlusal_View,2731.0,2047.0,9.362934601989306,False,
anonymous_003-007-768-01_1729750209134_Maxillary_Occlusal_View,3790.0,2527.0,35.4098990009979,False,
anonymous_003-008-1152-01_1732614762131_Maxillary_Occlusal_View,1738.0,1303.0,20.59962225073303,False,
anonymous_003-008-1119-01_1732368732116_Maxillary_Occlusal_View,1612.0,1208.0,18.757135413333977,False,
anonymous_003-007-874-01_1730269462019_Maxillary_Occlusal_View,3274.0,2454.0,8.198749962488078,False,
anonymous_004-007-1264-01_1733126393853_Maxillary_Occlusal_View,2589.0,1941.0,10.94499624774876,False,
anonymous_003-009-702-01_1729333600227_Maxillary_Occlusal_View,2312.0,1541.0,25.743226941100353,False,
anonymous_003_007_343_01_1728027138672_Maxillary_Occlusal_View,2463.0,1383.0,151.2303103154698,False,
anonymous_003-008-1109-01_1732280538761_Maxillary_Occlusal_View,1743.0,1306.0,15.210829213392136,False,
anonymous_003-007-1407-01_1733905373045_Maxillary_Occlusal_View,2546.0,1908.0,14.464339453925602,False,
anonymous_003-008-823-01_1729949111612_Maxillary_Occlusal_View,1932.0,1448.0,17.72682622949425,False,
anonymous_003-008-936-01_1730726791401_Maxillary_Occlusal_View,1895.0,1421.0,28.587929641347557,False,
anonymous_003-007-668-01_1729235647349_Maxillary_Occlusal_View,3387.0,2258.0,40.31048637743215,False,
anonymous_003_008_517_01_1728729948616_Maxillary_Occlusal_View,1869.0,1401.0,25.82645965109044,False,
anonymous_003-007-1079-01_1731475054270_Maxillary_Occlusal_View,3409.0,2555.0,10.43882365186819,False,
anonymous_003-007-775-01_1729757599473_Maxillary_Occlusal_View,3112.0,2332.0,9.856270110950698,False,
anonymous_003-008-622-01_1729087609045_Maxillary_Occlusal_View,1841.0,1380.0,42.65368844297707,False,
anonymous_003-008-1071-01_1731415314764_Maxillary_Occlusal_View,1628.0,1220.0,28.561532760153163,False,
anonymous_003-008-1328-01_1733490534115_Maxillary_Occlusal_View,1308.0,980.0,29.306664941848194,False,
anonymous_003-008-912-01_1730374226278_Maxillary_Occlusal_View,1662.0,1245.0,45.38585966964777,False,
anonymous_003-008-568-01_1728912404651_Maxillary_Occlusal_View,1875.0,1406.0,14.024710774239365,False,
anonymous_003_007_469_01_1728623438211_Maxillary_Occlusal_View,3004.0,1687.0,15.893066193951318,False,
anonymous_003-007-1385-01_1733812781705_Maxillary_Occlusal_View,2572.0,1927.0,9.374385924181965,False,
anonymous_003-008-748-01_1729605807129_Maxillary_Occlusal_View,1704.0,1277.0,25.92221304883202,False,
anonymous_003-007-1403-01_1733899327077_Maxillary_Occlusal_View,2814.0,2109.0,22.995224713112275,False,
anonymous_003-007-1453-01_1734076182590_Maxillary_Occlusal_View,2586.0,1938.0,12.306462621179397,False,
anonymous_003-008-591-01_1728996644646_Maxillary_Occlusal_View,1513.0,1134.0,20.092419481376602,False,
anonymous_003_008_533_01_1728808228764_Maxillary_Occlusal_View,1687.0,1265.0,32.02491638732167,False,
anonymous_003-008-1459-01_1734087695402_Maxillary_Occlusal_View,1399.0,1048.0,39.47719686964796,False,
anonymous_003-008-649-01_1729166852284_Maxillary_Occlusal_View,1590.0,1192.0,37.7997928408375,False,
anonymous_003-007-1099-01_1732262197016_Maxillary_Occlusal_View,2808.0,2105.0,7.90071219509276,False,
anonymous_003-008-996-01_1730974775488_Maxillary_Occlusal_View,1308.0,980.0,83.04105229726035,False,
anonymous_003-007-1215-01_1732863751319_Maxillary_Occlusal_View,2676.0,2006.0,6.720895685841504,False,
anonymous_003_103_351_01_1728045002443_Maxillary_Occlusal_View,1960.0,1469.0,19.41087393823087,False,
anonymous_003-007-809-01_1729924079887_Maxillary_Occlusal_View,3461.0,2594.0,8.909149904470427,False,
anonymous_003_103_304_01_1727873448702_Maxillary_Occlusal_View,1696.0,1271.0,14.557576348141554,False,
anonymous_003_008_539_01_1728816064645_Maxillary_Occlusal_View,1678.0,1257.0,19.21262522497136,False,
anonymous_003-007-1399-01_1733893694425_Maxillary_Occlusal_View,2496.0,1871.0,13.023066500244923,False,
anonymous_003-007-1168-01_1732686410487_Maxillary_Occlusal_View,3058.0,2292.0,10.249336801491255,False,
anonymous_003-008-728-01_1729518290110_Maxillary_Occlusal_View,1508.0,1130.0,11.999843597375495,False,
anonymous_003-007-1401-01_1733896630579_Maxillary_Occlusal_View,2593.0,1944.0,10.713208753041316,False,
anonymous_003-007-1009-01_1731048864324_Maxillary_Occlusal_View,2520.0,1888.0,50.14066405499281,False,
anonymous_003_103_431_01_1728468882645_Maxillary_Occlusal_View,1543.0,1156.0,25.836299987577867,False,
anonymous_003-007-1476-01_1734160175819_Maxillary_Occlusal_View,2499.0,1873.0,12.20954152455481,False,
anonymous_003-008-1051-01_1731329026684_Maxillary_Occlusal_View,1618.0,1212.0,30.428832272380905,False,
anonymous_003-007-697-01_1729320929604_Maxillary_Occlusal_View,2754.0,1836.0,30.934959313874817,False,
anonymous_003-009-706-01_1729342700396_Maxillary_Occlusal_View,1978.0,1318.0,15.656628058287309,False,
anonymous_003-008-955-01_1730801909649_Maxillary_Occlusal_View,1541.0,1155.0,21.0020664526892,False,
anonymous_003-007-754-01_1729664945866_Maxillary_Occlusal_View,3287.0,2463.0,7.887855811689473,False,
anonymous_003-007-959-01_1730866448853_Maxillary_Occlusal_View,3172.0,2377.0,7.5654705845274925,False,
anonymous_003-008-1389-01_1733825027941_Maxillary_Occlusal_View,1617.0,1212.0,43.67667589088201,False,
anonymous_003-007-604-01_1729056718568_Maxillary_Occlusal_View,3705.0,2470.0,16.25207679265811,False,
anonymous_003-008-1103-01_1732271904022_Maxillary_Occlusal_View,1669.0,1251.0,23.081529503755704,False,
anonymous_003_007_503_01_1728710183853_Maxillary_Occlusal_View,2287.0,1525.0,18.118689201755917,False,
anonymous_003_007_459_01_1728562379363_Maxillary_Occlusal_View,1910.0,1432.0,244.2813807016818,False,
anonymous_003-008-651-01_1729169672305_Maxillary_Occlusal_View,1285.0,963.0,28.178076895191985,False,
anonymous_003_007_513_01_1728721702956_Maxillary_Occlusal_View,2016.0,1511.0,12.604082076055704,False,
anonymous_003-007-1021-01_1731212419570_Maxillary_Occlusal_View,3127.0,2344.0,17.260006773341207,False,
anonymous_003-007-1298-01_1733383416338_Maxillary_Occlusal_View,2866.0,2148.0,10.949164966245583,False,
anonymous_003_007_524_01_1728796945198_Maxillary_Occlusal_View,3807.0,2138.0,37.42520375610558,False,
anonymous_003_008_543_01_1728821613951_Maxillary_Occlusal_View,1719.0,1288.0,13.678374952708225,False,
anonymous_003-007-1300-01_1733385300365_Maxillary_Occlusal_View,2925.0,2193.0,15.476519143148279,False,
anonymous_003_103_376_01_1728132928256_Maxillary_Occlusal_View,1574.0,1180.0,15.514207149065752,False,
anonymous_003-008-594-01_1728999670130_Maxillary_Occlusal_View,1715.0,1286.0,19.310109314898448,False,
anonymous_003-007-676-01_1729246273597_Maxillary_Occlusal_View,1746.0,1309.0,12.923468378763022,False,
anonymous_003-007-690-01_1729312765724_Maxillary_Occlusal_View,3639.0,2727.0,11.02237684499268,False,
anonymous_003-008-589-01_1728986264902_Maxillary_Occlusal_View,1964.0,1472.0,14.700174685230738,False,
anonymous_003_103_378_01_1728136276498_Maxillary_Occlusal_View,1999.0,1498.0,15.023211468175639,False,
anonymous_003-008-1226-01_1732879088276_Maxillary_Occlusal_View,1639.0,1229.0,32.12684505029004,False,
anonymous_003-007-693-01_1729314947717_Maxillary_Occlusal_View,2378.0,1586.0,33.15751682275405,False,
anonymous_003_007_480_01_1728640623511_Maxillary_Occlusal_View,1834.0,1374.0,30.94967084925058,False,
anonymous_003-007-804-01_1729918395380_Maxillary_Occlusal_View,3296.0,2470.0,42.658020885610604,False,
anonymous_004-007-1320-01_1733472660011_Maxillary_Occlusal_View,2737.0,2052.0,17.008841900988525,False,
anonymous_003-008-887-01_1730288682845_Maxillary_Occlusal_View,1599.0,1198.0,24.71040800224361,False,
anonymous_003-008-957-01_1730804895329_Maxillary_Occlusal_View,1436.0,1076.0,27.076683607924192,False,
anonymous_003-007-1007-01_1731046187778_Maxillary_Occlusal_View,3558.0,2667.0,7.731950770052453,False,
anonymous_003-008-1115-01_1732364427758_Maxillary_Occlusal_View,1561.0,1170.0,37.10845981922964,False,
anonymous_003-007-836-01_1730100372461_Maxillary_Occlusal_View,3478.0,2607.0,8.131154830122487,False,
anonymous_003-007-1381-01_1733807088132_Maxillary_Occlusal_View,2494.0,1870.0,13.43815551581598,False,
anonymous_003-007-947-01_1730789696100_Maxillary_Occlusal_View,3277.0,2456.0,6.6642330707809165,False,
anonymous_003_007_407_01_1728377720875_Maxillary_Occlusal_View,2585.0,1723.0,17.728995447437537,False,
anonymous_003-007-787-01_1729839045536_Maxillary_Occlusal_View,3446.0,2583.0,8.88637231338412,False,
anonymous_003-008-742-01_1729599198761_Maxillary_Occlusal_View,1728.0,1295.0,25.781105402880957,False,
anonymous_003-008-1087-01_1732184303984_Maxillary_Occlusal_View,1427.0,1069.0,29.04726072244948,False,
anonymous_003_007_418_01_1728450994783_Right_Lateral_View,1693.0,1693.0,8.827920183351585,False,
anonymous_003-008-620-01_1729083811620_Right_Lateral_View,1041.0,584.0,76.2931167661663,False,
anonymous_003-007-1065-01_1731399889607_Right_Lateral_View,1876.0,1876.0,6.821341606964351,False,
anonymous_003-007-1399-01_1733893694425_Right_Lateral_View,1683.0,1683.0,8.44153604793976,False,
anonymous_003-008-1437-01_1734003718169_Right_Lateral_View,989.0,555.0,65.67432315427304,False,
anonymous_003_007_524_01_1728796945198_Right_Lateral_View,1770.0,1770.0,6.710798288095243,False,
anonymous_003-007-829-01_1730090977294_Right_Lateral_View,1329.0,1329.0,9.338085229319141,False,
anonymous_003_103_347_01_1728037641315_Right_Lateral_View,1307.0,980.0,16.020513955717146,False,
anonymous_003-008-1290-01_1733310674518_Right_Lateral_View,990.0,556.0,28.20019593739956,False,
anonymous_003_007_510_01_1728719208166_Right_Lateral_View,1495.0,1495.0,11.984212704363484,False,
anonymous_003_007_505_01_1728712510089_Right_Lateral_View,1171.0,1171.0,21.313641761999197,False,
anonymous_003-007-1213-01_1732862150627_Right_Lateral_View,1282.0,1282.0,25.45129868939649,False,
anonymous_003-007-1215-01_1732863751319_Right_Lateral_View,1310.0,1310.0,14.057711071134726,False,
anonymous_003_007_422_01_1728457270469_Right_Lateral_View,1929.0,1929.0,13.147958297501932,False,
anonymous_003-007-608-01_1729061556946_Right_Lateral_View,1688.0,1688.0,13.70659562266429,False,
anonymous_003-007-610-01_1729062730067_Right_Lateral_View,1360.0,1360.0,21.079328759758024,False,
anonymous_003_007_366_01_1728116583995_Right_Lateral_View,1714.0,1714.0,7.185421649505183,False,
anonymous_003-007-768-01_1729750209134_Right_Lateral_View,1800.0,1800.0,7.8882089300197205,False,
anonymous_003_103_299_01_1727868080003_Right_Lateral_View,1588.0,892.0,13.429095984036575,False,
anonymous_003-007-697-01_1729320929604_Right_Lateral_View,1126.0,1126.0,24.80555730681322,False,
anonymous_003-008-1187-01_1732714576631_Right_Lateral_View,1007.0,566.0,26.384726302074043,False,
anonymous_004-007-1027-01_1731221247182_Right_Lateral_View,2034.0,2034.0,40.52126387446534,False,
anonymous_003_007_558_01_1728894179706_Right_Lateral_View,1533.0,1022.0,10.120217574463263,False,
anonymous_003_008_517_01_1728729948616_Right_Lateral_View,1192.0,669.0,190.60796119081726,False,
anonymous_003-007-1168-01_1732686410487_Right_Lateral_View,1415.0,1415.0,15.206089706589879,False,
anonymous_003-008-815-01_1729938651639_Right_Lateral_View,1080.0,607.0,35.54669378325605,False,
anonymous_003_103_430_01_1728467395628_Right_Lateral_View,1304.0,977.0,34.05832663077836,False,
anonymous_003-007-1097-01_1732258152530_Right_Lateral_View,1738.0,1738.0,10.054355944168577,False,
anonymous_003-009-1193-01_1732775352351_Right_Lateral_View,1595.0,1063.0,6.051444158770429,False,
anonymous_003_007_507_01_1728715242584_Right_Lateral_View,1534.0,2046.0,11.352577154402278,False,
anonymous_003-008-568-01_1728912404651_Right_Lateral_View,1215.0,683.0,27.800979698931634,False,
anonymous_003_007_501_01_1728707866443_Right_Lateral_View,2017.0,2017.0,10.339052307724236,False,
anonymous_005-007-1023-01_1731214978665_Right_Lateral_View,1953.0,1953.0,5.560999933370534,False,
anonymous_003-007-662-01_1729231169609_Right_Lateral_View,1483.0,1483.0,16.30394095494648,False,
anonymous_003-008-976-01_1730895164778_Right_Lateral_View,880.0,494.0,110.89798946762814,False,
anonymous_003-007-809-01_1729924079887_Right_Lateral_View,2069.0,2069.0,7.014099358578916,False,
anonymous_003-007-847-01_1730184498927_Right_Lateral_View,1865.0,1865.0,5.916858166930326,False,
anonymous_003_008_522_01_1728736167560_Right_Lateral_View,1493.0,1119.0,27.47422376286627,False,
anonymous_003_103_368_01_1728121973114_Right_Lateral_View,1065.0,798.0,31.674071305516556,False,
anonymous_003-007-1034-01_1731301095926_Right_Lateral_View,1636.0,1636.0,8.413314271005625,False,
anonymous_003-007-1230-01_1732941288726_Right_Lateral_View,1700.0,1700.0,8.757089953592983,False,
anonymous_003-008-1051-01_1731329026684_Right_Lateral_View,885.0,497.0,47.27393677577419,False,
anonymous_003_008_543_01_1728821613951_Right_Lateral_View,1425.0,1068.0,40.247914317965616,False,
anonymous_003-008-727-00_1729516303649_Left_Lateral_View,,,,True,resolucion_baja(787x442)
anonymous_003-008-1052-00_1731329608354_Left_Lateral_View,,,,True,resolucion_baja(745x418)
anonymous_003-008-1140-00_1732538036389_Left_Lateral_View,,,,True,resolucion_baja(819x460)
anonymous_003-008-977-00_1730895561784_Left_Lateral_View,,,,True,resolucion_baja(741x416)
anonymous_003-008-860-00_1730202956330_Left_Lateral_View,,,,True,resolucion_baja(727x408)
anonymous_003-008-1116-00_1732364867658_Left_Lateral_View,,,,True,resolucion_baja(779x438)
anonymous_003-008-935-00_1730724141122_Right_Lateral_View,,,,True,resolucion_baja(727x408)
anonymous_003-008-1437-01_1734003718169_Left_Lateral_View,,,,True,resolucion_baja(814x457)
anonymous_003-008-859-01_1730202467399_Left_Lateral_View,,,,True,resolucion_baja(727x408)
anonymous_003-008-1051-01_1731329026684_Left_Lateral_View,,,,True,resolucion_baja(748x420)
anonymous_003-008-1139-01_1732537527555_Left_Lateral_View,,,,True,resolucion_baja(816x458)
anonymous_003-008-976-01_1730895164778_Left_Lateral_View,,,,True,resolucion_baja(807x453)
anonymous_003-008-1133-01_1732530707494_Left_Lateral_View,,,,True,resolucion_baja(753x423)
anonymous_003-008-726-01_1729515883716_Left_Lateral_View,,,,True,resolucion_baja(771x433)
anonymous_003-008-1115-01_1732364427758_Right_Lateral_View,,,,True,resolucion_baja(797x447)
anonymous_003-008-1133-01_1732530707494_Right_Lateral_View,,,,True,resolucion_baja(791x444)
anonymous_003-008-934-01_1730723369013_Right_Lateral_View,,,,True,resolucion_baja(794x446)
anonymous_003-008-1131-01_1732527801310_Right_Lateral_View,,,,True,resolucion_baja(797x448)
anonymous_003-008-930-01_1730717194382_Right_Lateral_View,,,,True,resolucion_baja(729x410)
