imagen,caja_idx_pipeline,bbox,conf,fuente
healthy_Upper_Right_UR 0744.jpg,0,"(np.float32(50.185577), np.float32(400.6617), np.float32(225.47101), np.float32(550.0))",0.29468095302581787,pipeline_imagen_a_imagen
no_retractors_Left_Lateral_anonymous_003-007-810-00_1729925219683_Left_Lateral_View.jpg,0,"(np.float32(723.89343), np.float32(331.97134), np.float32(922.5986), np.float32(476.88074))",0.8757927417755127,pipeline_imagen_a_imagen
no_retractors_Left_Lateral_anonymous_003_103_412_00_1728381408086_Left_Lateral_View.jpg,0,"(np.float32(730.0476), np.float32(379.97385), np.float32(940.4476), np.float32(495.4554))",0.8632845878601074,pipeline_imagen_a_imagen
no_retractors_Mandibular_anonymous_003-007-1037-00_1731303473745_Mandibular_View.jpg,0,"(np.float32(74.70062), np.float32(371.20514), np.float32(474.78732), np.float32(754.3945))",0.9127699732780457,pipeline_imagen_a_imagen
no_retractors_Mandibular_anonymous_003-007-1037-00_1731303473745_Mandibular_View.jpg,1,"(np.float32(213.32666), np.float32(665.58356), np.float32(590.792), np.float32(1032.8209))",0.8998161554336548,pipeline_imagen_a_imagen
no_retractors_Mandibular_anonymous_003-007-1037-00_1731303473745_Mandibular_View.jpg,2,"(np.float32(1616.616), np.float32(943.4591), np.float32(1917.9657), np.float32(1314.4204))",0.8528361320495605,pipeline_imagen_a_imagen
no_retractors_Mandibular_anonymous_003-007-1078-00_1731473228593_Mandibular_View.jpg,0,"(np.float32(1871.5045), np.float32(404.83124), np.float32(2272.8577), np.float32(793.6298))",0.9234862327575684,pipeline_imagen_a_imagen
no_retractors_Mandibular_anonymous_003-007-1078-00_1731473228593_Mandibular_View.jpg,1,"(np.float32(242.73596), np.float32(487.15668), np.float32(628.2141), np.float32(862.69196))",0.9104270339012146,pipeline_imagen_a_imagen
no_retractors_Mandibular_anonymous_003-007-1078-00_1731473228593_Mandibular_View.jpg,2,"(np.float32(1899.6157), np.float32(759.84326), np.float32(2229.4465), np.float32(1031.0254))",0.9020770192146301,pipeline_imagen_a_imagen
no_retractors_Mandibular_anonymous_003-007-1078-00_1731473228593_Mandibular_View.jpg,3,"(np.float32(1934.775), np.float32(63.040894), np.float32(2296.627), np.float32(427.87717))",0.8969110250473022,pipeline_imagen_a_imagen
no_retractors_Mandibular_anonymous_003-007-1086-00_1732180719427_Mandibular_View.jpg,0,"(np.float32(1680.3962), np.float32(452.9348), np.float32(2053.898), np.float32(796.9488))",0.9081112742424011,pipeline_imagen_a_imagen
no_retractors_Mandibular_anonymous_003-007-1086-00_1732180719427_Mandibular_View.jpg,1,"(np.float32(1758.7596), np.float32(158.46602), np.float32(2100.0671), np.float32(475.77264))",0.7627899050712585,pipeline_imagen_a_imagen
no_retractors_Mandibular_anonymous_003-007-1086-00_1732180719427_Mandibular_View.jpg,2,"(np.float32(1652.9762), np.float32(756.5434), np.float32(1951.5154), np.float32(1023.9714))",0.6862248778343201,pipeline_imagen_a_imagen
no_retractors_Mandibular_anonymous_003-007-1086-00_1732180719427_Mandibular_View.jpg,3,"(np.float32(153.82008), np.float32(566.91125), np.float32(527.9612), np.float32(940.4775))",0.433056116104126,pipeline_imagen_a_imagen
no_retractors_Mandibular_anonymous_003-007-1092-00_1732250439677_Mandibular_View.jpg,0,"(np.float32(70.70546), np.float32(472.7769), np.float32(460.9641), np.float32(827.2717))",0.9276842474937439,pipeline_imagen_a_imagen
no_retractors_Mandibular_anonymous_003-007-1092-00_1732250439677_Mandibular_View.jpg,1,"(np.float32(1647.1049), np.float32(376.05145), np.float32(2071.3496), np.float32(780.8534))",0.9219828248023987,pipeline_imagen_a_imagen
no_retractors_Mandibular_anonymous_003-007-1092-00_1732250439677_Mandibular_View.jpg,2,"(np.float32(27.914192), np.float32(152.53912), np.float32(407.15793), np.float32(534.10925))",0.9111247658729553,pipeline_imagen_a_imagen
no_retractors_Mandibular_anonymous_003-007-1092-00_1732250439677_Mandibular_View.jpg,3,"(np.float32(1700.3484), np.float32(52.26328), np.float32(2109.2693), np.float32(399.5856))",0.8055455088615417,pipeline_imagen_a_imagen
no_retractors_Mandibular_anonymous_003-007-1092-00_1732250439677_Mandibular_View.jpg,4,"(np.float32(1570.1537), np.float32(697.4002), np.float32(1898.7556), np.float32(975.3215))",0.38031473755836487,pipeline_imagen_a_imagen
no_retractors_Mandibular_anonymous_003-007-1098-00_1732258945547_Mandibular_View.jpg,0,"(np.float32(50.699604), np.float32(362.67526), np.float32(344.39017), np.float32(637.9465))",0.8924028277397156,pipeline_imagen_a_imagen
no_retractors_Mandibular_anonymous_003-007-1098-00_1732258945547_Mandibular_View.jpg,1,"(np.float32(1339.9653), np.float32(319.87466), np.float32(1643.0), np.float32(612.7204))",0.8638954758644104,pipeline_imagen_a_imagen
no_retractors_Mandibular_anonymous_003-007-1098-00_1732258945547_Mandibular_View.jpg,2,"(np.float32(2.3068883), np.float32(175.1992), np.float32(276.05988), np.float32(409.62668))",0.6853718757629395,pipeline_imagen_a_imagen
no_retractors_Mandibular_anonymous_003-007-1147-00_1732601448785_Mandibular_View.jpg,0,"(np.float32(41.569805), np.float32(109.583), np.float32(396.8), np.float32(413.714))",0.9289354681968689,pipeline_imagen_a_imagen
no_retractors_Mandibular_anonymous_003-007-1147-00_1732601448785_Mandibular_View.jpg,1,"(np.float32(79.320915), np.float32(368.8352), np.float32(453.97522), np.float32(699.0763))",0.905399739742279,pipeline_imagen_a_imagen
no_retractors_Mandibular_anonymous_003-007-1147-00_1732601448785_Mandibular_View.jpg,2,"(np.float32(1825.5571), np.float32(145.80748), np.float32(2182.4377), np.float32(456.52103))",0.8994325399398804,pipeline_imagen_a_imagen
no_retractors_Mandibular_anonymous_003-007-1147-00_1732601448785_Mandibular_View.jpg,3,"(np.float32(1779.1901), np.float32(411.24435), np.float32(2164.9202), np.float32(746.87585))",0.79916912317276,pipeline_imagen_a_imagen
no_retractors_Mandibular_anonymous_003-007-1237-00_1732950198369_Mandibular_View.jpg,0,"(np.float32(1850.4064), np.float32(369.96375), np.float32(2241.9583), np.float32(736.6171))",0.9054563641548157,pipeline_imagen_a_imagen
no_retractors_Mandibular_anonymous_003-007-1237-00_1732950198369_Mandibular_View.jpg,1,"(np.float32(1955.6272), np.float32(75.81387), np.float32(2311.1333), np.float32(427.2676))",0.9004644751548767,pipeline_imagen_a_imagen
no_retractors_Mandibular_anonymous_003-007-1237-00_1732950198369_Mandibular_View.jpg,2,"(np.float32(113.117516), np.float32(434.02893), np.float32(495.13974), np.float32(796.0999))",0.8936055898666382,pipeline_imagen_a_imagen
no_retractors_Mandibular_anonymous_003-007-1239-00_1732953329744_Mandibular_View.jpg,0,"(np.float32(1779.5304), np.float32(112.487625), np.float32(2130.5835), np.float32(467.2877))",0.9292640686035156,pipeline_imagen_a_imagen
no_retractors_Mandibular_anonymous_003-007-1239-00_1732953329744_Mandibular_View.jpg,1,"(np.float32(32.91828), np.float32(201.27998), np.float32(391.37845), np.float32(574.2355))",0.9259626865386963,pipeline_imagen_a_imagen
no_retractors_Mandibular_anonymous_003-007-1239-00_1732953329744_Mandibular_View.jpg,2,"(np.float32(1720.995), np.float32(427.4429), np.float32(2097.243), np.float32(803.52924))",0.9245896935462952,pipeline_imagen_a_imagen
no_retractors_Mandibular_anonymous_003-007-1239-00_1732953329744_Mandibular_View.jpg,3,"(np.float32(153.70496), np.float32(491.41275), np.float32(563.5252), np.float32(914.8692))",0.8700594902038574,pipeline_imagen_a_imagen
no_retractors_Mandibular_anonymous_003-007-1263-00_1733124846881_Mandibular_View.jpg,0,"(np.float32(290.41998), np.float32(579.691), np.float32(698.86646), np.float32(998.0676))",0.9264929294586182,pipeline_imagen_a_imagen
no_retractors_Mandibular_anonymous_003-007-1263-00_1733124846881_Mandibular_View.jpg,1,"(np.float32(1990.873), np.float32(413.46732), np.float32(2430.3123), np.float32(814.9087))",0.8932235240936279,pipeline_imagen_a_imagen
no_retractors_Mandibular_anonymous_003-007-1303-00_1733387722479_Mandibular_View.jpg,0,"(np.float32(2071.8833), np.float32(218.22751), np.float32(2478.9355), np.float32(587.9701))",0.9176375269889832,pipeline_imagen_a_imagen
no_retractors_Mandibular_anonymous_003-007-1303-00_1733387722479_Mandibular_View.jpg,1,"(np.float32(42.866657), np.float32(259.2513), np.float32(419.415), np.float32(629.55005))",0.9068489074707031,pipeline_imagen_a_imagen
no_retractors_Mandibular_anonymous_003-007-1303-00_1733387722479_Mandibular_View.jpg,2,"(np.float32(74.854935), np.float32(573.21136), np.float32(502.30063), np.float32(960.871))",0.8574536442756653,pipeline_imagen_a_imagen
no_retractors_Mandibular_anonymous_003-007-1303-00_1733387722479_Mandibular_View.jpg,3,"(np.float32(1996.257), np.float32(542.5684), np.float32(2446.9133), np.float32(969.0052))",0.5971575975418091,pipeline_imagen_a_imagen
no_retractors_Mandibular_anonymous_003-007-1340-00_1733554137729_Mandibular_View.jpg,0,"(np.float32(1842.7728), np.float32(114.36991), np.float32(2229.1118), np.float32(461.0515))",0.9253240823745728,pipeline_imagen_a_imagen
no_retractors_Mandibular_anonymous_003-007-1340-00_1733554137729_Mandibular_View.jpg,1,"(np.float32(121.43943), np.float32(561.156), np.float32(515.5075), np.float32(920.3725))",0.9192236661911011,pipeline_imagen_a_imagen
no_retractors_Mandibular_anonymous_003-007-1340-00_1733554137729_Mandibular_View.jpg,2,"(np.float32(64.43228), np.float32(298.56036), np.float32(439.67307), np.float32(628.9716))",0.9166738390922546,pipeline_imagen_a_imagen
no_retractors_Mandibular_anonymous_003-007-1340-00_1733554137729_Mandibular_View.jpg,3,"(np.float32(1774.3691), np.float32(413.76868), np.float32(2191.0874), np.float32(771.277))",0.9095896482467651,pipeline_imagen_a_imagen
no_retractors_Mandibular_anonymous_003-007-1340-00_1733554137729_Mandibular_View.jpg,4,"(np.float32(216.61024), np.float32(832.43945), np.float32(545.03046), np.float32(1119.8823))",0.8787270784378052,pipeline_imagen_a_imagen
no_retractors_Mandibular_anonymous_003-007-1340-00_1733554137729_Mandibular_View.jpg,5,"(np.float32(1752.9952), np.float32(705.81805), np.float32(2094.4863), np.float32(989.6677))",0.8258773684501648,pipeline_imagen_a_imagen
no_retractors_Mandibular_anonymous_003-007-1342-00_1733555666542_Mandibular_View.jpg,0,"(np.float32(64.338165), np.float32(436.437), np.float32(447.9902), np.float32(803.54156))",0.9116398096084595,pipeline_imagen_a_imagen
no_retractors_Mandibular_anonymous_003-007-1361-00_1733724284664_Mandibular_View.jpg,0,"(np.float32(265.6842), np.float32(528.882), np.float32(557.53723), np.float32(882.07715))",0.9181597828865051,pipeline_imagen_a_imagen
no_retractors_Mandibular_anonymous_003-007-1361-00_1733724284664_Mandibular_View.jpg,1,"(np.float32(1722.9138), np.float32(37.29308), np.float32(2057.9062), np.float32(377.71097))",0.4718877971172333,pipeline_imagen_a_imagen
no_retractors_Mandibular_anonymous_003-007-1361-00_1733724284664_Mandibular_View.jpg,2,"(np.float32(1646.7023), np.float32(367.62125), np.float32(2029.8334), np.float32(764.3505))",0.4135313034057617,pipeline_imagen_a_imagen
no_retractors_Mandibular_anonymous_003-007-1384-00_1733810523480_Mandibular_View.jpg,0,"(np.float32(84.672554), np.float32(496.00842), np.float32(524.60803), np.float32(878.91156))",0.9213037490844727,pipeline_imagen_a_imagen
no_retractors_Mandibular_anonymous_003-007-1384-00_1733810523480_Mandibular_View.jpg,1,"(np.float32(2113.6794), np.float32(177.41206), np.float32(2528.2595), np.float32(487.458))",0.9107935428619385,pipeline_imagen_a_imagen
no_retractors_Mandibular_anonymous_003-007-1384-00_1733810523480_Mandibular_View.jpg,2,"(np.float32(2032.9456), np.float32(429.03815), np.float32(2500.9104), np.float32(835.55096))",0.758230447769165,pipeline_imagen_a_imagen
no_retractors_Mandibular_anonymous_003-007-1384-00_1733810523480_Mandibular_View.jpg,3,"(np.float32(52.99179), np.float32(238.52081), np.float32(445.8824), np.float32(551.4632))",0.7474759221076965,pipeline_imagen_a_imagen
no_retractors_Mandibular_anonymous_003-007-1400-00_1733894193696_Mandibular_View.jpg,0,"(np.float32(2129.7302), np.float32(205.8023), np.float32(2588.916), np.float32(655.2085))",0.9000992178916931,pipeline_imagen_a_imagen
no_retractors_Mandibular_anonymous_003-007-1400-00_1733894193696_Mandibular_View.jpg,1,"(np.float32(100.72213), np.float32(598.17224), np.float32(550.3277), np.float32(1026.1387))",0.7069913744926453,pipeline_imagen_a_imagen
no_retractors_Mandibular_anonymous_003-007-1400-00_1733894193696_Mandibular_View.jpg,2,"(np.float32(2002.0481), np.float32(608.9221), np.float32(2496.1433), np.float32(1068.8623))",0.6780457496643066,pipeline_imagen_a_imagen
no_retractors_Mandibular_anonymous_003-007-1421-00_1733979671839_Mandibular_View.jpg,0,"(np.float32(223.01462), np.float32(447.42752), np.float32(566.40875), np.float32(756.7148))",0.9217749238014221,pipeline_imagen_a_imagen
no_retractors_Mandibular_anonymous_003-007-1421-00_1733979671839_Mandibular_View.jpg,1,"(np.float32(2094.781), np.float32(93.50804), np.float32(2436.6062), np.float32(428.72928))",0.9063945412635803,pipeline_imagen_a_imagen
no_retractors_Mandibular_anonymous_003-007-1421-00_1733979671839_Mandibular_View.jpg,2,"(np.float32(277.79166), np.float32(695.85406), np.float32(597.68665), np.float32(1003.6824))",0.901226282119751,pipeline_imagen_a_imagen
no_retractors_Mandibular_anonymous_003-007-1421-00_1733979671839_Mandibular_View.jpg,3,"(np.float32(194.09392), np.float32(210.42535), np.float32(467.06506), np.float32(481.56274))",0.8740183711051941,pipeline_imagen_a_imagen
no_retractors_Mandibular_anonymous_003-007-1421-00_1733979671839_Mandibular_View.jpg,4,"(np.float32(1921.512), np.float32(652.74255), np.float32(2271.3796), np.float32(1009.5213))",0.8733229041099548,pipeline_imagen_a_imagen
no_retractors_Mandibular_anonymous_003-007-1421-00_1733979671839_Mandibular_View.jpg,5,"(np.float32(1951.7378), np.float32(366.60098), np.float32(2395.9924), np.float32(758.829))",0.8317030668258667,pipeline_imagen_a_imagen
no_retractors_Mandibular_anonymous_003-007-577-00_1728965843715_Mandibular_View.jpg,0,"(np.float32(370.87518), np.float32(346.7713), np.float32(758.04626), np.float32(687.95056))",0.9325361251831055,pipeline_imagen_a_imagen
no_retractors_Mandibular_anonymous_003-007-577-00_1728965843715_Mandibular_View.jpg,1,"(np.float32(2018.3151), np.float32(341.36108), np.float32(2393.7468), np.float32(667.5647))",0.9247722625732422,pipeline_imagen_a_imagen
no_retractors_Mandibular_anonymous_003-007-577-00_1728965843715_Mandibular_View.jpg,2,"(np.float32(2054.476), np.float32(67.13394), np.float32(2413.2761), np.float32(380.2502))",0.9225227236747742,pipeline_imagen_a_imagen
no_retractors_Mandibular_anonymous_003-007-577-00_1728965843715_Mandibular_View.jpg,3,"(np.float32(317.51886), np.float32(68.44222), np.float32(659.7797), np.float32(376.77676))",0.8866463303565979,pipeline_imagen_a_imagen
no_retractors_Mandibular_anonymous_003-007-577-00_1728965843715_Mandibular_View.jpg,4,"(np.float32(1953.9543), np.float32(602.0284), np.float32(2313.6646), np.float32(964.8434))",0.8486645817756653,pipeline_imagen_a_imagen
no_retractors_Mandibular_anonymous_003-007-577-00_1728965843715_Mandibular_View.jpg,5,"(np.float32(460.81378), np.float32(616.8477), np.float32(827.0699), np.float32(1006.4642))",0.7969515919685364,pipeline_imagen_a_imagen
no_retractors_Mandibular_anonymous_003-007-583-00_1728975790763_Mandibular_View.jpg,0,"(np.float32(2198.9685), np.float32(78.35753), np.float32(2571.8215), np.float32(352.31836))",0.8008441925048828,pipeline_imagen_a_imagen
no_retractors_Mandibular_anonymous_003-007-632-00_1729144134892_Mandibular_View.jpg,0,"(np.float32(0.0), np.float32(211.83215), np.float32(372.82382), np.float32(505.78314))",0.9212257266044617,pipeline_imagen_a_imagen
no_retractors_Mandibular_anonymous_003-007-632-00_1729144134892_Mandibular_View.jpg,1,"(np.float32(1638.3744), np.float32(231.95961), np.float32(2023.52), np.float32(596.2315))",0.9115707874298096,pipeline_imagen_a_imagen
no_retractors_Mandibular_anonymous_003-007-660-00_1729228102787_Mandibular_View.jpg,0,"(np.float32(66.53824), np.float32(596.2389), np.float32(498.10855), np.float32(986.9802))",0.785231351852417,pipeline_imagen_a_imagen
no_retractors_Mandibular_anonymous_003-007-660-00_1729228102787_Mandibular_View.jpg,1,"(np.float32(1829.448), np.float32(345.07397), np.float32(2223.4917), np.float32(679.99506))",0.7672925591468811,pipeline_imagen_a_imagen
no_retractors_Mandibular_anonymous_003-007-660-00_1729228102787_Mandibular_View.jpg,2,"(np.float32(199.63994), np.float32(916.9616), np.float32(571.7476), np.float32(1226.8973))",0.677181601524353,pipeline_imagen_a_imagen
no_retractors_Mandibular_anonymous_003-007-660-00_1729228102787_Mandibular_View.jpg,3,"(np.float32(5.260809), np.float32(272.40372), np.float32(384.9516), np.float32(632.801))",0.551464855670929,pipeline_imagen_a_imagen
no_retractors_Mandibular_anonymous_003-007-660-00_1729228102787_Mandibular_View.jpg,4,"(np.float32(1803.3297), np.float32(20.836296), np.float32(2166.77), np.float32(360.959))",0.5355142951011658,pipeline_imagen_a_imagen
no_retractors_Mandibular_anonymous_003-007-663-00_1729231959410_Mandibular_View.jpg,0,"(np.float32(119.373055), np.float32(445.9822), np.float32(513.9628), np.float32(839.17816))",0.93600994348526,pipeline_imagen_a_imagen
no_retractors_Mandibular_anonymous_003-007-663-00_1729231959410_Mandibular_View.jpg,1,"(np.float32(1775.3701), np.float32(395.98315), np.float32(2140.994), np.float32(778.52246))",0.9242483973503113,pipeline_imagen_a_imagen
no_retractors_Mandibular_anonymous_003-007-663-00_1729231959410_Mandibular_View.jpg,2,"(np.float32(1820.6995), np.float32(90.42527), np.float32(2152.92), np.float32(423.6102))",0.9168892502784729,pipeline_imagen_a_imagen
no_retractors_Mandibular_anonymous_003-007-663-00_1729231959410_Mandibular_View.jpg,3,"(np.float32(66.57123), np.float32(153.43582), np.float32(433.3255), np.float32(490.07236))",0.8388809561729431,pipeline_imagen_a_imagen
no_retractors_Mandibular_anonymous_003-007-669-00_1729236271453_Mandibular_View.jpg,0,"(np.float32(114.90023), np.float32(381.4965), np.float32(527.5663), np.float32(760.6223))",0.9069995284080505,pipeline_imagen_a_imagen
no_retractors_Mandibular_anonymous_003-007-669-00_1729236271453_Mandibular_View.jpg,1,"(np.float32(2048.6323), np.float32(573.8167), np.float32(2501.0005), np.float32(999.2123))",0.9044754505157471,pipeline_imagen_a_imagen
no_retractors_Mandibular_anonymous_003-007-669-00_1729236271453_Mandibular_View.jpg,2,"(np.float32(205.9632), np.float32(711.3714), np.float32(682.81287), np.float32(1168.1687))",0.8868561387062073,pipeline_imagen_a_imagen
no_retractors_Mandibular_anonymous_003-007-709-00_1729484054385_Mandibular_View.jpg,0,"(np.float32(1326.2881), np.float32(52.63572), np.float32(1594.2825), np.float32(275.8015))",0.9292398691177368,pipeline_imagen_a_imagen
no_retractors_Mandibular_anonymous_003-007-709-00_1729484054385_Mandibular_View.jpg,1,"(np.float32(14.458434), np.float32(272.20807), np.float32(286.2413), np.float32(516.4286))",0.9204304218292236,pipeline_imagen_a_imagen
no_retractors_Mandibular_anonymous_003-007-709-00_1729484054385_Mandibular_View.jpg,2,"(np.float32(102.89673), np.float32(455.6195), np.float32(391.7446), np.float32(729.8052))",0.9169748425483704,pipeline_imagen_a_imagen
no_retractors_Mandibular_anonymous_003-007-709-00_1729484054385_Mandibular_View.jpg,3,"(np.float32(1279.2439), np.float32(253.06445), np.float32(1580.5729), np.float32(502.06955))",0.8572778105735779,pipeline_imagen_a_imagen
no_retractors_Mandibular_anonymous_003-007-709-00_1729484054385_Mandibular_View.jpg,4,"(np.float32(1255.4458), np.float32(436.93433), np.float32(1492.2422), np.float32(636.1455))",0.7938409447669983,pipeline_imagen_a_imagen
no_retractors_Mandibular_anonymous_003-007-723-00_1729499837526_Mandibular_View.jpg,0,"(np.float32(1316.003), np.float32(180.59038), np.float32(1602.254), np.float32(412.3605))",0.9109019637107849,pipeline_imagen_a_imagen
no_retractors_Mandibular_anonymous_003-007-723-00_1729499837526_Mandibular_View.jpg,1,"(np.float32(103.68694), np.float32(169.07114), np.float32(378.91238), np.float32(427.53687))",0.9064800143241882,pipeline_imagen_a_imagen
no_retractors_Mandibular_anonymous_003-007-723-00_1729499837526_Mandibular_View.jpg,2,"(np.float32(187.91765), np.float32(372.6449), np.float32(475.2192), np.float32(634.21515))",0.8890178799629211,pipeline_imagen_a_imagen
no_retractors_Mandibular_anonymous_003-007-723-00_1729499837526_Mandibular_View.jpg,3,"(np.float32(274.43295), np.float32(585.2755), np.float32(506.60083), np.float32(811.6636))",0.8742865324020386,pipeline_imagen_a_imagen
no_retractors_Mandibular_anonymous_003-007-786-00_1729836270232_Mandibular_View.jpg,0,"(np.float32(1690.877), np.float32(392.19162), np.float32(2089.6401), np.float32(793.8873))",0.9350736141204834,pipeline_imagen_a_imagen
no_retractors_Mandibular_anonymous_003-007-786-00_1729836270232_Mandibular_View.jpg,1,"(np.float32(45.6939), np.float32(339.1825), np.float32(441.19315), np.float32(705.22473))",0.9312824010848999,pipeline_imagen_a_imagen
no_retractors_Mandibular_anonymous_003-007-786-00_1729836270232_Mandibular_View.jpg,2,"(np.float32(1641.9937), np.float32(684.6959), np.float32(1958.8882), np.float32(1001.5549))",0.7420589923858643,pipeline_imagen_a_imagen
no_retractors_Mandibular_anonymous_003-007-788-00_1729839721436_Mandibular_View.jpg,0,"(np.float32(1263.2286), np.float32(231.89047), np.float32(1547.6102), np.float32(470.02844))",0.9265546798706055,pipeline_imagen_a_imagen
no_retractors_Mandibular_anonymous_003-007-788-00_1729839721436_Mandibular_View.jpg,1,"(np.float32(38.841206), np.float32(107.4965), np.float32(314.2861), np.float32(358.98846))",0.9227086305618286,pipeline_imagen_a_imagen
no_retractors_Mandibular_anonymous_003-007-788-00_1729839721436_Mandibular_View.jpg,2,"(np.float32(119.91274), np.float32(307.85855), np.float32(430.44858), np.float32(587.2416))",0.9183093309402466,pipeline_imagen_a_imagen
no_retractors_Mandibular_anonymous_003-007-788-00_1729839721436_Mandibular_View.jpg,3,"(np.float32(1285.5842), np.float32(44.524136), np.float32(1525.7283), np.float32(273.03506))",0.905146598815918,pipeline_imagen_a_imagen
no_retractors_Mandibular_anonymous_003-007-788-00_1729839721436_Mandibular_View.jpg,4,"(np.float32(1293.8624), np.float32(429.467), np.float32(1527.7937), np.float32(594.7572))",0.683085560798645,pipeline_imagen_a_imagen
no_retractors_Mandibular_anonymous_003-007-788-00_1729839721436_Mandibular_View.jpg,5,"(np.float32(1280.3954), np.float32(557.2719), np.float32(1498.6327), np.float32(749.36127))",0.6211401224136353,pipeline_imagen_a_imagen
no_retractors_Mandibular_anonymous_003-007-788-00_1729839721436_Mandibular_View.jpg,6,"(np.float32(224.67781), np.float32(525.5456), np.float32(469.61835), np.float32(741.64343))",0.5852329730987549,pipeline_imagen_a_imagen
no_retractors_Mandibular_anonymous_003-007-810-00_1729925219683_Mandibular_View.jpg,0,"(np.float32(216.67871), np.float32(408.82318), np.float32(619.3186), np.float32(816.2116))",0.920067310333252,pipeline_imagen_a_imagen
no_retractors_Mandibular_anonymous_003-007-810-00_1729925219683_Mandibular_View.jpg,1,"(np.float32(15.595919), np.float32(62.03642), np.float32(471.3509), np.float32(487.391))",0.9184649586677551,pipeline_imagen_a_imagen
no_retractors_Mandibular_anonymous_003-007-810-00_1729925219683_Mandibular_View.jpg,2,"(np.float32(1765.9391), np.float32(51.600452), np.float32(2172.8872), np.float32(440.12518))",0.91819828748703,pipeline_imagen_a_imagen
no_retractors_Mandibular_anonymous_003-007-810-00_1729925219683_Mandibular_View.jpg,3,"(np.float32(1718.818), np.float32(382.4914), np.float32(2083.9233), np.float32(735.7232))",0.9165302515029907,pipeline_imagen_a_imagen
no_retractors_Mandibular_anonymous_003-007-810-00_1729925219683_Mandibular_View.jpg,4,"(np.float32(382.00586), np.float32(740.60095), np.float32(708.91095), np.float32(1100.4935))",0.722996711730957,pipeline_imagen_a_imagen
no_retractors_Mandibular_anonymous_003-007-810-00_1729925219683_Mandibular_View.jpg,5,"(np.float32(1705.251), np.float32(693.34015), np.float32(2006.9194), np.float32(1032.0306))",0.6951096653938293,pipeline_imagen_a_imagen
no_retractors_Mandibular_anonymous_003-007-921-00_1730696794338_Mandibular_View.jpg,0,"(np.float32(1993.4783), np.float32(84.340775), np.float32(2488.37), np.float32(484.98404))",0.898090660572052,pipeline_imagen_a_imagen
no_retractors_Mandibular_anonymous_003-007-921-00_1730696794338_Mandibular_View.jpg,1,"(np.float32(1922.8752), np.float32(446.41998), np.float32(2456.5918), np.float32(940.2625))",0.8963688611984253,pipeline_imagen_a_imagen
no_retractors_Mandibular_anonymous_003-007-921-00_1730696794338_Mandibular_View.jpg,2,"(np.float32(163.7458), np.float32(905.41583), np.float32(511.4951), np.float32(1203.3716))",0.8298779726028442,pipeline_imagen_a_imagen
no_retractors_Mandibular_anonymous_003-007-921-00_1730696794338_Mandibular_View.jpg,3,"(np.float32(59.678654), np.float32(575.4861), np.float32(532.315), np.float32(979.64905))",0.8135082125663757,pipeline_imagen_a_imagen
no_retractors_Mandibular_anonymous_003-007-921-00_1730696794338_Mandibular_View.jpg,4,"(np.float32(53.91221), np.float32(244.18504), np.float32(477.59662), np.float32(620.73456))",0.6336263418197632,pipeline_imagen_a_imagen
no_retractors_Mandibular_anonymous_003-007-925-00_1730702265650_Mandibular_View.jpg,0,"(np.float32(6.9196734), np.float32(382.33817), np.float32(409.42874), np.float32(766.99976))",0.9202035665512085,pipeline_imagen_a_imagen
no_retractors_Mandibular_anonymous_003-007-925-00_1730702265650_Mandibular_View.jpg,1,"(np.float32(1702.8074), np.float32(560.8615), np.float32(2114.3845), np.float32(970.29675))",0.9119391441345215,pipeline_imagen_a_imagen
no_retractors_Mandibular_anonymous_003-007-925-00_1730702265650_Mandibular_View.jpg,2,"(np.float32(1798.2733), np.float32(220.85963), np.float32(2235.4934), np.float32(646.69666))",0.911063015460968,pipeline_imagen_a_imagen
no_retractors_Mandibular_anonymous_003-007-925-00_1730702265650_Mandibular_View.jpg,3,"(np.float32(127.47736), np.float32(703.5388), np.float32(484.73096), np.float32(1084.143))",0.8959046602249146,pipeline_imagen_a_imagen
no_retractors_Mandibular_anonymous_003-007-925-00_1730702265650_Mandibular_View.jpg,4,"(np.float32(1627.2822), np.float32(880.59625), np.float32(1947.4655), np.float32(1246.547))",0.8428636193275452,pipeline_imagen_a_imagen
no_retractors_Mandibular_anonymous_003-007-925-00_1730702265650_Mandibular_View.jpg,5,"(np.float32(269.37967), np.float32(991.21295), np.float32(541.60724), np.float32(1348.561))",0.3587561845779419,pipeline_imagen_a_imagen
no_retractors_Mandibular_anonymous_003-007-927-00_1730706613383_Mandibular_View.jpg,0,"(np.float32(2087.854), np.float32(173.21579), np.float32(2551.229), np.float32(563.2659))",0.8976002335548401,pipeline_imagen_a_imagen
no_retractors_Mandibular_anonymous_003-007-927-00_1730706613383_Mandibular_View.jpg,1,"(np.float32(207.95595), np.float32(370.81296), np.float32(572.24524), np.float32(708.83264))",0.8965312242507935,pipeline_imagen_a_imagen
no_retractors_Mandibular_anonymous_003-007-927-00_1730706613383_Mandibular_View.jpg,2,"(np.float32(260.20645), np.float32(652.665), np.float32(635.1243), np.float32(1044.5592))",0.893622636795044,pipeline_imagen_a_imagen
no_retractors_Mandibular_anonymous_003-007-927-00_1730706613383_Mandibular_View.jpg,3,"(np.float32(1993.3564), np.float32(517.11505), np.float32(2464.0693), np.float32(927.3393))",0.7459933161735535,pipeline_imagen_a_imagen
no_retractors_Mandibular_anonymous_003-007-946-00_1730786337286_Mandibular_View.jpg,0,"(np.float32(1689.7776), np.float32(315.09344), np.float32(2166.5706), np.float32(788.2811))",0.8677403926849365,pipeline_imagen_a_imagen
no_retractors_Mandibular_anonymous_003-007-946-00_1730786337286_Mandibular_View.jpg,1,"(np.float32(87.08422), np.float32(351.28815), np.float32(522.7864), np.float32(800.5315))",0.4637276232242584,pipeline_imagen_a_imagen
no_retractors_Mandibular_anonymous_003-007-946-00_1730786337286_Mandibular_View.jpg,2,"(np.float32(215.68068), np.float32(740.382), np.float32(605.90955), np.float32(1169.122))",0.33592790365219116,pipeline_imagen_a_imagen
no_retractors_Mandibular_anonymous_003-007-946-00_1730786337286_Mandibular_View.jpg,3,"(np.float32(1606.6014), np.float32(1133.7595), np.float32(1828.368), np.float32(1433.3))",0.288360059261322,pipeline_imagen_a_imagen
no_retractors_Mandibular_anonymous_003-007-971-00_1730882176306_Mandibular_View.jpg,0,"(np.float32(2068.5127), np.float32(215.59793), np.float32(2475.5042), np.float32(602.5159))",0.7589507102966309,pipeline_imagen_a_imagen
no_retractors_Mandibular_anonymous_003-007-971-00_1730882176306_Mandibular_View.jpg,1,"(np.float32(3.1538577), np.float32(233.08617), np.float32(443.86206), np.float32(642.8823))",0.4409405291080475,pipeline_imagen_a_imagen
no_retractors_Mandibular_anonymous_003-007-971-00_1730882176306_Mandibular_View.jpg,2,"(np.float32(1995.0156), np.float32(550.0038), np.float32(2415.81), np.float32(942.57263))",0.41226842999458313,pipeline_imagen_a_imagen
no_retractors_Mandibular_anonymous_003-008-1046-00_1731321007329_Mandibular_View.jpg,0,"(np.float32(107.15283), np.float32(217.99574), np.float32(364.16263), np.float32(433.06134))",0.9141668677330017,pipeline_imagen_a_imagen
no_retractors_Mandibular_anonymous_003-008-1046-00_1731321007329_Mandibular_View.jpg,1,"(np.float32(1134.1606), np.float32(241.68379), np.float32(1378.8402), np.float32(440.65982))",0.8651155829429626,pipeline_imagen_a_imagen
no_retractors_Mandibular_anonymous_003-008-1050-00_1731326583496_Mandibular_View.jpg,0,"(np.float32(971.69244), np.float32(433.45175), np.float32(1148.7506), np.float32(616.609))",0.7307671904563904,pipeline_imagen_a_imagen
no_retractors_Mandibular_anonymous_003-008-1050-00_1731326583496_Mandibular_View.jpg,1,"(np.float32(943.1946), np.float32(572.2484), np.float32(1086.292), np.float32(746.8094))",0.721065104007721,pipeline_imagen_a_imagen
no_retractors_Mandibular_anonymous_003-008-1050-00_1731326583496_Mandibular_View.jpg,2,"(np.float32(49.15819), np.float32(245.51755), np.float32(256.23575), np.float32(435.9552))",0.5806610584259033,pipeline_imagen_a_imagen
no_retractors_Mandibular_anonymous_003-008-1050-00_1731326583496_Mandibular_View.jpg,3,"(np.float32(1004.1594), np.float32(263.83228), np.float32(1197.4636), np.float32(452.77756))",0.39628079533576965,pipeline_imagen_a_imagen
no_retractors_Mandibular_anonymous_003-008-1068-00_1731407626620_Mandibular_View.jpg,0,"(np.float32(953.93604), np.float32(346.43604), np.float32(1159.6375), np.float32(526.9036))",0.90596604347229,pipeline_imagen_a_imagen
no_retractors_Mandibular_anonymous_003-008-1068-00_1731407626620_Mandibular_View.jpg,1,"(np.float32(81.83394), np.float32(328.80518), np.float32(277.76056), np.float32(508.65924))",0.8934382796287537,pipeline_imagen_a_imagen
no_retractors_Mandibular_anonymous_003-008-1068-00_1731407626620_Mandibular_View.jpg,2,"(np.float32(1008.558), np.float32(197.73239), np.float32(1214.7539), np.float32(383.30472))",0.8573009371757507,pipeline_imagen_a_imagen
no_retractors_Mandibular_anonymous_003-008-1068-00_1731407626620_Mandibular_View.jpg,3,"(np.float32(26.278456), np.float32(183.45714), np.float32(222.09914), np.float32(353.84387))",0.2661806344985962,pipeline_imagen_a_imagen
no_retractors_Mandibular_anonymous_003-008-1110-00_1732280871545_Mandibular_View.jpg,0,"(np.float32(25.66813), np.float32(110.18411), np.float32(220.93655), np.float32(268.53876))",0.9327926635742188,pipeline_imagen_a_imagen
no_retractors_Mandibular_anonymous_003-008-1110-00_1732280871545_Mandibular_View.jpg,1,"(np.float32(969.1509), np.float32(209.52466), np.float32(1177.2582), np.float32(376.57843))",0.774894118309021,pipeline_imagen_a_imagen
no_retractors_Mandibular_anonymous_003-008-1110-00_1732280871545_Mandibular_View.jpg,2,"(np.float32(933.75665), np.float32(345.81885), np.float32(1147.653), np.float32(549.4682))",0.5204704999923706,pipeline_imagen_a_imagen
no_retractors_Mandibular_anonymous_003-008-1110-00_1732280871545_Mandibular_View.jpg,3,"(np.float32(55.899128), np.float32(247.29376), np.float32(284.04263), np.float32(449.38303))",0.3460007309913635,pipeline_imagen_a_imagen
no_retractors_Mandibular_anonymous_003-008-1138-00_1732535496374_Mandibular_View.jpg,0,"(np.float32(877.08453), np.float32(379.81754), np.float32(1080.6458), np.float32(576.43036))",0.8990623950958252,pipeline_imagen_a_imagen
no_retractors_Mandibular_anonymous_003-008-1138-00_1732535496374_Mandibular_View.jpg,1,"(np.float32(126.68663), np.float32(376.6157), np.float32(320.14548), np.float32(566.5375))",0.8804062008857727,pipeline_imagen_a_imagen
no_retractors_Mandibular_anonymous_003-008-1138-00_1732535496374_Mandibular_View.jpg,2,"(np.float32(894.09424), np.float32(552.2541), np.float32(1054.866), np.float32(724.40405))",0.7237579822540283,pipeline_imagen_a_imagen
no_retractors_Mandibular_anonymous_003-008-1138-00_1732535496374_Mandibular_View.jpg,3,"(np.float32(65.82968), np.float32(53.57442), np.float32(240.39517), np.float32(242.14876))",0.6090036630630493,pipeline_imagen_a_imagen
no_retractors_Mandibular_anonymous_003-008-1138-00_1732535496374_Mandibular_View.jpg,4,"(np.float32(65.060715), np.float32(224.6547), np.float32(279.86697), np.float32(407.63486))",0.2633136808872223,pipeline_imagen_a_imagen
no_retractors_Mandibular_anonymous_003-008-1184-00_1732710518322_Mandibular_View.jpg,0,"(np.float32(44.793365), np.float32(289.64102), np.float32(276.72446), np.float32(505.98383))",0.9253575801849365,pipeline_imagen_a_imagen
no_retractors_Mandibular_anonymous_003-008-1184-00_1732710518322_Mandibular_View.jpg,1,"(np.float32(977.053), np.float32(298.68283), np.float32(1201.3395), np.float32(511.87216))",0.9024348855018616,pipeline_imagen_a_imagen
no_retractors_Mandibular_anonymous_003-008-1184-00_1732710518322_Mandibular_View.jpg,2,"(np.float32(1034.5928), np.float32(184.80255), np.float32(1213.8462), np.float32(321.4162))",0.8583839535713196,pipeline_imagen_a_imagen
no_retractors_Mandibular_anonymous_003-008-1206-00_1732794547718_Mandibular_View.jpg,0,"(np.float32(104.25515), np.float32(116.93687), np.float32(322.81506), np.float32(306.07895))",0.9212494492530823,pipeline_imagen_a_imagen
no_retractors_Mandibular_anonymous_003-008-1206-00_1732794547718_Mandibular_View.jpg,1,"(np.float32(1142.6377), np.float32(253.72176), np.float32(1380.3601), np.float32(447.8002))",0.7938576340675354,pipeline_imagen_a_imagen
no_retractors_Mandibular_anonymous_003-008-1206-00_1732794547718_Mandibular_View.jpg,2,"(np.float32(139.26), np.float32(289.8741), np.float32(376.69043), np.float32(481.71866))",0.5532200932502747,pipeline_imagen_a_imagen
no_retractors_Mandibular_anonymous_003-008-1222-00_1732876045526_Mandibular_View.jpg,0,"(np.float32(131.18007), np.float32(369.44138), np.float32(332.5241), np.float32(574.9254))",0.9391440153121948,pipeline_imagen_a_imagen
no_retractors_Mandibular_anonymous_003-008-1222-00_1732876045526_Mandibular_View.jpg,1,"(np.float32(910.0543), np.float32(388.43634), np.float32(1104.716), np.float32(597.81104))",0.9326587319374084,pipeline_imagen_a_imagen
no_retractors_Mandibular_anonymous_003-008-1222-00_1732876045526_Mandibular_View.jpg,2,"(np.float32(73.516426), np.float32(200.8242), np.float32(292.264), np.float32(397.39578))",0.9302021861076355,pipeline_imagen_a_imagen
no_retractors_Mandibular_anonymous_003-008-1222-00_1732876045526_Mandibular_View.jpg,3,"(np.float32(925.8441), np.float32(227.76558), np.float32(1141.6823), np.float32(419.6539))",0.9248978495597839,pipeline_imagen_a_imagen
no_retractors_Mandibular_anonymous_003-008-1222-00_1732876045526_Mandibular_View.jpg,4,"(np.float32(867.3102), np.float32(512.06903), np.float32(1031.6013), np.float32(680.9164))",0.8955733180046082,pipeline_imagen_a_imagen
no_retractors_Mandibular_anonymous_003-008-1229-00_1732885041482_Mandibular_View.jpg,0,"(np.float32(971.7735), np.float32(198.76994), np.float32(1188.1533), np.float32(405.811))",0.932498037815094,pipeline_imagen_a_imagen
no_retractors_Mandibular_anonymous_003-008-1229-00_1732885041482_Mandibular_View.jpg,1,"(np.float32(32.875782), np.float32(226.15236), np.float32(257.77142), np.float32(434.17633))",0.9270564913749695,pipeline_imagen_a_imagen
no_retractors_Mandibular_anonymous_003-008-1229-00_1732885041482_Mandibular_View.jpg,2,"(np.float32(973.1861), np.float32(366.95526), np.float32(1129.1776), np.float32(517.0427))",0.34893539547920227,pipeline_imagen_a_imagen
no_retractors_Mandibular_anonymous_003-008-1251-00_1732969328065_Mandibular_View.jpg,0,"(np.float32(981.9983), np.float32(250.21516), np.float32(1210.0166), np.float32(463.0077))",0.9094229936599731,pipeline_imagen_a_imagen
no_retractors_Mandibular_anonymous_003-008-1251-00_1732969328065_Mandibular_View.jpg,1,"(np.float32(130.10864), np.float32(344.3158), np.float32(330.85452), np.float32(527.98254))",0.5133228898048401,pipeline_imagen_a_imagen
no_retractors_Mandibular_anonymous_003-008-1251-00_1732969328065_Mandibular_View.jpg,2,"(np.float32(932.602), np.float32(412.5755), np.float32(1129.6692), np.float32(608.8539))",0.29137709736824036,pipeline_imagen_a_imagen
no_retractors_Mandibular_anonymous_003-008-1273-00_1733140554614_Mandibular_View.jpg,0,"(np.float32(1017.2191), np.float32(59.007233), np.float32(1226.1951), np.float32(246.17026))",0.9141113758087158,pipeline_imagen_a_imagen
no_retractors_Mandibular_anonymous_003-008-1273-00_1733140554614_Mandibular_View.jpg,1,"(np.float32(137.43224), np.float32(27.40193), np.float32(328.23288), np.float32(207.32854))",0.9104533791542053,pipeline_imagen_a_imagen
no_retractors_Mandibular_anonymous_003-008-1273-00_1733140554614_Mandibular_View.jpg,2,"(np.float32(964.9375), np.float32(219.23863), np.float32(1188.0464), np.float32(413.23898))",0.9072231650352478,pipeline_imagen_a_imagen
no_retractors_Mandibular_anonymous_003-008-1273-00_1733140554614_Mandibular_View.jpg,3,"(np.float32(156.29416), np.float32(189.20775), np.float32(380.41028), np.float32(378.09094))",0.8886904716491699,pipeline_imagen_a_imagen
no_retractors_Mandibular_anonymous_003-008-1289-00_1733308999573_Mandibular_View.jpg,0,"(np.float32(117.40215), np.float32(171.92526), np.float32(331.09665), np.float32(371.1152))",0.9071946740150452,pipeline_imagen_a_imagen
no_retractors_Mandibular_anonymous_003-008-1289-00_1733308999573_Mandibular_View.jpg,1,"(np.float32(1006.2772), np.float32(49.268257), np.float32(1203.6031), np.float32(231.1018))",0.8971361517906189,pipeline_imagen_a_imagen
no_retractors_Mandibular_anonymous_003-008-1289-00_1733308999573_Mandibular_View.jpg,2,"(np.float32(958.10406), np.float32(196.1747), np.float32(1171.864), np.float32(390.52957))",0.4197947680950165,pipeline_imagen_a_imagen
no_retractors_Mandibular_anonymous_003-008-1295-00_1733315710222_Mandibular_View.jpg,0,"(np.float32(883.42285), np.float32(269.06433), np.float32(1080.0273), np.float32(458.19727))",0.9344854950904846,pipeline_imagen_a_imagen
no_retractors_Mandibular_anonymous_003-008-1295-00_1733315710222_Mandibular_View.jpg,1,"(np.float32(69.65653), np.float32(306.0333), np.float32(264.86438), np.float32(496.7854))",0.9186661839485168,pipeline_imagen_a_imagen
no_retractors_Mandibular_anonymous_003-008-1295-00_1733315710222_Mandibular_View.jpg,2,"(np.float32(36.691673), np.float32(169.11697), np.float32(188.69211), np.float32(333.43994))",0.6355918645858765,pipeline_imagen_a_imagen
no_retractors_Mandibular_anonymous_003-008-1308-00_1733401560725_Mandibular_View.jpg,0,"(np.float32(56.750103), np.float32(319.0176), np.float32(272.41357), np.float32(514.0431))",0.9059152007102966,pipeline_imagen_a_imagen
no_retractors_Mandibular_anonymous_003-008-1308-00_1733401560725_Mandibular_View.jpg,1,"(np.float32(914.98065), np.float32(236.57706), np.float32(1130.232), np.float32(438.47635))",0.8215441107749939,pipeline_imagen_a_imagen
no_retractors_Mandibular_anonymous_003-008-1308-00_1733401560725_Mandibular_View.jpg,2,"(np.float32(15.357825), np.float32(146.49503), np.float32(219.56688), np.float32(340.00525))",0.3283292055130005,pipeline_imagen_a_imagen
no_retractors_Mandibular_anonymous_003-008-1311-00_1733404330359_Mandibular_View.jpg,0,"(np.float32(865.3308), np.float32(277.5698), np.float32(1039.2782), np.float32(416.67606))",0.9319103956222534,pipeline_imagen_a_imagen
no_retractors_Mandibular_anonymous_003-008-1311-00_1733404330359_Mandibular_View.jpg,1,"(np.float32(86.09426), np.float32(234.19202), np.float32(252.65097), np.float32(371.98837))",0.9287092685699463,pipeline_imagen_a_imagen
no_retractors_Mandibular_anonymous_003-008-1311-00_1733404330359_Mandibular_View.jpg,2,"(np.float32(108.27938), np.float32(349.09875), np.float32(286.21512), np.float32(498.8385))",0.9246898889541626,pipeline_imagen_a_imagen
no_retractors_Mandibular_anonymous_003-008-1311-00_1733404330359_Mandibular_View.jpg,3,"(np.float32(822.7956), np.float32(389.78195), np.float32(1011.8804), np.float32(540.7948))",0.9231482148170471,pipeline_imagen_a_imagen
no_retractors_Mandibular_anonymous_003-008-1311-00_1733404330359_Mandibular_View.jpg,4,"(np.float32(62.591694), np.float32(103.59756), np.float32(210.93326), np.float32(242.96457))",0.7336891293525696,pipeline_imagen_a_imagen
no_retractors_Mandibular_anonymous_003-008-1394-00_1733831166816_Mandibular_View.jpg,0,"(np.float32(93.17758), np.float32(274.2641), np.float32(316.938), np.float32(462.71796))",0.7223601341247559,pipeline_imagen_a_imagen
no_retractors_Mandibular_anonymous_003-008-1419-00_1733919354561_Mandibular_View.jpg,0,"(np.float32(74.75473), np.float32(337.1462), np.float32(291.10382), np.float32(515.6832))",0.9209272265434265,pipeline_imagen_a_imagen
no_retractors_Mandibular_anonymous_003-008-1419-00_1733919354561_Mandibular_View.jpg,1,"(np.float32(910.0367), np.float32(369.4403), np.float32(1112.6211), np.float32(547.2645))",0.9165997505187988,pipeline_imagen_a_imagen
no_retractors_Mandibular_anonymous_003-008-1419-00_1733919354561_Mandibular_View.jpg,2,"(np.float32(875.44135), np.float32(498.4443), np.float32(1072.133), np.float32(635.33496))",0.2608831822872162,pipeline_imagen_a_imagen
no_retractors_Mandibular_anonymous_003-008-1458-00_1734086368021_Mandibular_View.jpg,0,"(np.float32(124.30694), np.float32(193.53854), np.float32(324.14758), np.float32(375.47937))",0.9148638248443604,pipeline_imagen_a_imagen
no_retractors_Mandibular_anonymous_003-008-1458-00_1734086368021_Mandibular_View.jpg,1,"(np.float32(985.0033), np.float32(208.57704), np.float32(1193.727), np.float32(404.47223))",0.5306515097618103,pipeline_imagen_a_imagen
no_retractors_Mandibular_anonymous_003-008-567-00_1728910691586_Mandibular_View.jpg,0,"(np.float32(42.566338), np.float32(278.06604), np.float32(270.8679), np.float32(470.708))",0.9184622764587402,pipeline_imagen_a_imagen
no_retractors_Mandibular_anonymous_003-008-567-00_1728910691586_Mandibular_View.jpg,1,"(np.float32(1191.3037), np.float32(201.83446), np.float32(1434.1787), np.float32(410.41196))",0.9172695279121399,pipeline_imagen_a_imagen
no_retractors_Mandibular_anonymous_003-008-567-00_1728910691586_Mandibular_View.jpg,2,"(np.float32(1139.4512), np.float32(391.37872), np.float32(1401.5627), np.float32(602.08105))",0.8989550471305847,pipeline_imagen_a_imagen
no_retractors_Mandibular_anonymous_003-008-567-00_1728910691586_Mandibular_View.jpg,3,"(np.float32(80.071175), np.float32(450.8288), np.float32(327.9731), np.float32(657.11304))",0.7983051538467407,pipeline_imagen_a_imagen
no_retractors_Mandibular_anonymous_003-008-615-00_1729074735259_Mandibular_View.jpg,0,"(np.float32(102.36077), np.float32(351.7601), np.float32(322.289), np.float32(548.9508))",0.916472852230072,pipeline_imagen_a_imagen
no_retractors_Mandibular_anonymous_003-008-615-00_1729074735259_Mandibular_View.jpg,1,"(np.float32(1064.0217), np.float32(212.2423), np.float32(1257.8887), np.float32(410.2955))",0.9048715233802795,pipeline_imagen_a_imagen
no_retractors_Mandibular_anonymous_003-008-615-00_1729074735259_Mandibular_View.jpg,2,"(np.float32(995.2359), np.float32(350.19592), np.float32(1221.5236), np.float32(551.8913))",0.900107741355896,pipeline_imagen_a_imagen
no_retractors_Mandibular_anonymous_003-008-615-00_1729074735259_Mandibular_View.jpg,3,"(np.float32(60.70846), np.float32(205.42783), np.float32(257.56265), np.float32(377.77875))",0.8930280208587646,pipeline_imagen_a_imagen
no_retractors_Mandibular_anonymous_003-008-615-00_1729074735259_Mandibular_View.jpg,4,"(np.float32(968.6016), np.float32(503.17838), np.float32(1160.9135), np.float32(659.7176))",0.8772842884063721,pipeline_imagen_a_imagen
no_retractors_Mandibular_anonymous_003-008-679-00_1729249395420_Mandibular_View.jpg,0,"(np.float32(9.524894), np.float32(207.05132), np.float32(186.35707), np.float32(359.85184))",0.924263596534729,pipeline_imagen_a_imagen
no_retractors_Mandibular_anonymous_003-008-679-00_1729249395420_Mandibular_View.jpg,1,"(np.float32(47.69412), np.float32(334.67346), np.float32(231.31038), np.float32(499.33084))",0.9145544767379761,pipeline_imagen_a_imagen
no_retractors_Mandibular_anonymous_003-008-679-00_1729249395420_Mandibular_View.jpg,2,"(np.float32(838.9855), np.float32(179.84013), np.float32(1019.29297), np.float32(332.81528))",0.8645583391189575,pipeline_imagen_a_imagen
no_retractors_Mandibular_anonymous_003-008-679-00_1729249395420_Mandibular_View.jpg,3,"(np.float32(125.55538), np.float32(455.74033), np.float32(281.76657), np.float32(587.1614))",0.4306963086128235,pipeline_imagen_a_imagen
no_retractors_Mandibular_anonymous_003-008-741-00_1729595555946_Mandibular_View.jpg,0,"(np.float32(26.699486), np.float32(94.85088), np.float32(177.1922), np.float32(228.70618))",0.9158321022987366,pipeline_imagen_a_imagen
no_retractors_Mandibular_anonymous_003-008-741-00_1729595555946_Mandibular_View.jpg,1,"(np.float32(752.8506), np.float32(155.99289), np.float32(914.8888), np.float32(309.23743))",0.8888304233551025,pipeline_imagen_a_imagen
no_retractors_Mandibular_anonymous_003-008-741-00_1729595555946_Mandibular_View.jpg,2,"(np.float32(722.9074), np.float32(253.63507), np.float32(881.66376), np.float32(403.0051))",0.88297039270401,pipeline_imagen_a_imagen
no_retractors_Mandibular_anonymous_003-008-741-00_1729595555946_Mandibular_View.jpg,3,"(np.float32(29.089277), np.float32(210.56007), np.float32(207.48705), np.float32(347.36612))",0.8273611664772034,pipeline_imagen_a_imagen
no_retractors_Mandibular_anonymous_003-008-743-00_1729599647750_Mandibular_View.jpg,0,"(np.float32(49.114986), np.float32(236.4289), np.float32(232.02626), np.float32(398.9334))",0.931712806224823,pipeline_imagen_a_imagen
no_retractors_Mandibular_anonymous_003-008-743-00_1729599647750_Mandibular_View.jpg,1,"(np.float32(98.575615), np.float32(368.417), np.float32(298.9444), np.float32(521.9053))",0.9228342771530151,pipeline_imagen_a_imagen
no_retractors_Mandibular_anonymous_003-008-743-00_1729599647750_Mandibular_View.jpg,2,"(np.float32(961.78906), np.float32(250.62471), np.float32(1142.2394), np.float32(417.65964))",0.9172987341880798,pipeline_imagen_a_imagen
no_retractors_Mandibular_anonymous_003-008-743-00_1729599647750_Mandibular_View.jpg,3,"(np.float32(921.951), np.float32(377.5919), np.float32(1112.4381), np.float32(545.62994))",0.7766489386558533,pipeline_imagen_a_imagen
no_retractors_Mandibular_anonymous_003-008-799-00_1729861944603_Mandibular_View.jpg,0,"(np.float32(43.64505), np.float32(264.87268), np.float32(274.9434), np.float32(442.25732))",0.9260061383247375,pipeline_imagen_a_imagen
no_retractors_Mandibular_anonymous_003-008-799-00_1729861944603_Mandibular_View.jpg,1,"(np.float32(973.55994), np.float32(297.89746), np.float32(1203.9155), np.float32(502.06305))",0.9252468347549438,pipeline_imagen_a_imagen
no_retractors_Mandibular_anonymous_003-008-799-00_1729861944603_Mandibular_View.jpg,2,"(np.float32(33.337795), np.float32(112.46448), np.float32(238.0532), np.float32(288.22388))",0.9124454259872437,pipeline_imagen_a_imagen
no_retractors_Mandibular_anonymous_003-008-799-00_1729861944603_Mandibular_View.jpg,3,"(np.float32(92.47511), np.float32(413.15585), np.float32(296.73254), np.float32(593.2118))",0.8970773816108704,pipeline_imagen_a_imagen
no_retractors_Mandibular_anonymous_003-008-799-00_1729861944603_Mandibular_View.jpg,4,"(np.float32(940.9892), np.float32(450.29727), np.float32(1149.0157), np.float32(635.5731))",0.8879929184913635,pipeline_imagen_a_imagen
no_retractors_Mandibular_anonymous_003-008-799-00_1729861944603_Mandibular_View.jpg,5,"(np.float32(926.49493), np.float32(585.8126), np.float32(1091.2698), np.float32(754.62756))",0.7832650542259216,pipeline_imagen_a_imagen
no_retractors_Mandibular_anonymous_003-008-799-00_1729861944603_Mandibular_View.jpg,6,"(np.float32(1025.982), np.float32(152.46999), np.float32(1246.3411), np.float32(332.74005))",0.42993345856666565,pipeline_imagen_a_imagen
no_retractors_Mandibular_anonymous_003-008-826-00_1729951922030_Mandibular_View.jpg,0,"(np.float32(5.7632246), np.float32(96.70764), np.float32(196.84206), np.float32(246.62892))",0.9231253266334534,pipeline_imagen_a_imagen
no_retractors_Mandibular_anonymous_003-008-826-00_1729951922030_Mandibular_View.jpg,1,"(np.float32(929.8664), np.float32(153.60527), np.float32(1116.0332), np.float32(323.18854))",0.9201898574829102,pipeline_imagen_a_imagen
no_retractors_Mandibular_anonymous_003-008-826-00_1729951922030_Mandibular_View.jpg,2,"(np.float32(35.385704), np.float32(224.83794), np.float32(255.11453), np.float32(393.17227))",0.8592371940612793,pipeline_imagen_a_imagen
no_retractors_Mandibular_anonymous_003-008-826-00_1729951922030_Mandibular_View.jpg,3,"(np.float32(875.43427), np.float32(279.865), np.float32(1081.3899), np.float32(460.17264))",0.8410782814025879,pipeline_imagen_a_imagen
no_retractors_Mandibular_anonymous_003-008-826-00_1729951922030_Mandibular_View.jpg,4,"(np.float32(873.3124), np.float32(423.90933), np.float32(1022.5052), np.float32(555.7869))",0.4216112196445465,pipeline_imagen_a_imagen
no_retractors_Mandibular_anonymous_003-008-845-00_1730114764937_Mandibular_View.jpg,0,"(np.float32(99.41667), np.float32(275.7797), np.float32(274.23105), np.float32(427.33374))",0.8845874071121216,pipeline_imagen_a_imagen
no_retractors_Mandibular_anonymous_003-008-845-00_1730114764937_Mandibular_View.jpg,1,"(np.float32(30.344864), np.float32(144.5197), np.float32(233.6436), np.float32(307.75833))",0.8821789622306824,pipeline_imagen_a_imagen
no_retractors_Mandibular_anonymous_003-008-845-00_1730114764937_Mandibular_View.jpg,2,"(np.float32(795.52386), np.float32(194.4134), np.float32(980.5868), np.float32(369.08878))",0.7164611220359802,pipeline_imagen_a_imagen
no_retractors_Mandibular_anonymous_003-008-866-00_1730209761250_Mandibular_View.jpg,0,"(np.float32(1008.0828), np.float32(210.68124), np.float32(1189.4242), np.float32(379.33823))",0.8863437175750732,pipeline_imagen_a_imagen
no_retractors_Mandibular_anonymous_003-008-866-00_1730209761250_Mandibular_View.jpg,1,"(np.float32(26.571653), np.float32(277.93405), np.float32(243.49799), np.float32(470.79883))",0.7032185792922974,pipeline_imagen_a_imagen
no_retractors_Mandibular_anonymous_003-008-866-00_1730209761250_Mandibular_View.jpg,2,"(np.float32(961.51935), np.float32(343.0037), np.float32(1167.1969), np.float32(550.8903))",0.6552225351333618,pipeline_imagen_a_imagen
no_retractors_Mandibular_anonymous_003-008-886-00_1730285789339_Mandibular_View.jpg,0,"(np.float32(773.8477), np.float32(347.7586), np.float32(975.5427), np.float32(536.7626))",0.9344573020935059,pipeline_imagen_a_imagen
no_retractors_Mandibular_anonymous_003-008-886-00_1730285789339_Mandibular_View.jpg,1,"(np.float32(111.30334), np.float32(316.3235), np.float32(299.8596), np.float32(506.90424))",0.9276105761528015,pipeline_imagen_a_imagen
no_retractors_Mandibular_anonymous_003-008-886-00_1730285789339_Mandibular_View.jpg,2,"(np.float32(35.05956), np.float32(163.77063), np.float32(247.90034), np.float32(346.30026))",0.9187488555908203,pipeline_imagen_a_imagen
no_retractors_Mandibular_anonymous_003-008-886-00_1730285789339_Mandibular_View.jpg,3,"(np.float32(810.4416), np.float32(199.11732), np.float32(1030.6455), np.float32(379.9764))",0.9005410075187683,pipeline_imagen_a_imagen
no_retractors_Mandibular_anonymous_003-008-929-00_1730714657405_Mandibular_View.jpg,0,"(np.float32(968.48114), np.float32(300.72925), np.float32(1156.3428), np.float32(472.93716))",0.5595662593841553,pipeline_imagen_a_imagen
no_retractors_Mandibular_anonymous_003_007_468_00_1728620859733_Mandibular_View.jpg,0,"(np.float32(203.83362), np.float32(250.36172), np.float32(482.29138), np.float32(466.90768))",0.909904420375824,pipeline_imagen_a_imagen
no_retractors_Mandibular_anonymous_003_007_468_00_1728620859733_Mandibular_View.jpg,1,"(np.float32(1539.648), np.float32(234.88016), np.float32(1808.3396), np.float32(417.506))",0.887439489364624,pipeline_imagen_a_imagen
no_retractors_Mandibular_anonymous_003_007_468_00_1728620859733_Mandibular_View.jpg,2,"(np.float32(241.03491), np.float32(378.04276), np.float32(571.8887), np.float32(646.7166))",0.8639933466911316,pipeline_imagen_a_imagen
no_retractors_Mandibular_anonymous_003_007_468_00_1728620859733_Mandibular_View.jpg,3,"(np.float32(160.77875), np.float32(89.265045), np.float32(390.65506), np.float32(281.8007))",0.752610981464386,pipeline_imagen_a_imagen
no_retractors_Mandibular_anonymous_003_007_468_00_1728620859733_Mandibular_View.jpg,4,"(np.float32(1511.056), np.float32(539.22046), np.float32(1794.0752), np.float32(706.5094))",0.3717430531978607,pipeline_imagen_a_imagen
no_retractors_Mandibular_anonymous_003_007_468_00_1728620859733_Mandibular_View.jpg,5,"(np.float32(1572.0823), np.float32(63.765152), np.float32(1804.745), np.float32(254.24551))",0.286243200302124,pipeline_imagen_a_imagen
no_retractors_Mandibular_anonymous_003_007_474_00_1728631659919_Mandibular_View.jpg,0,"(np.float32(1271.1119), np.float32(247.69739), np.float32(1567.5393), np.float32(496.55637))",0.9073590636253357,pipeline_imagen_a_imagen
no_retractors_Mandibular_anonymous_003_007_474_00_1728631659919_Mandibular_View.jpg,1,"(np.float32(1362.081), np.float32(83.480774), np.float32(1606.2816), np.float32(295.99866))",0.8942139744758606,pipeline_imagen_a_imagen
no_retractors_Mandibular_anonymous_003_007_474_00_1728631659919_Mandibular_View.jpg,2,"(np.float32(141.20065), np.float32(14.797886), np.float32(351.35483), np.float32(220.34407))",0.8813139796257019,pipeline_imagen_a_imagen
no_retractors_Mandibular_anonymous_003_007_474_00_1728631659919_Mandibular_View.jpg,3,"(np.float32(157.79053), np.float32(190.67615), np.float32(432.63553), np.float32(403.42178))",0.7684887647628784,pipeline_imagen_a_imagen
no_retractors_Mandibular_anonymous_003_007_474_00_1728631659919_Mandibular_View.jpg,4,"(np.float32(237.33345), np.float32(375.45352), np.float32(459.76212), np.float32(538.10815))",0.3724302053451538,pipeline_imagen_a_imagen
no_retractors_Mandibular_anonymous_003_007_504_00_1728710905876_Mandibular_View.jpg,0,"(np.float32(1687.7758), np.float32(338.4176), np.float32(2106.916), np.float32(693.4108))",0.9267019629478455,pipeline_imagen_a_imagen
no_retractors_Mandibular_anonymous_003_007_504_00_1728710905876_Mandibular_View.jpg,1,"(np.float32(102.28407), np.float32(159.00813), np.float32(478.78036), np.float32(474.33215))",0.9191162586212158,pipeline_imagen_a_imagen
no_retractors_Mandibular_anonymous_003_007_504_00_1728710905876_Mandibular_View.jpg,2,"(np.float32(1796.9595), np.float32(76.72921), np.float32(2184.8887), np.float32(405.42453))",0.9182072281837463,pipeline_imagen_a_imagen
no_retractors_Mandibular_anonymous_003_007_504_00_1728710905876_Mandibular_View.jpg,3,"(np.float32(152.98116), np.float32(418.87836), np.float32(541.40027), np.float32(747.1601))",0.9047538638114929,pipeline_imagen_a_imagen
no_retractors_Mandibular_anonymous_003_007_504_00_1728710905876_Mandibular_View.jpg,4,"(np.float32(242.58868), np.float32(685.4362), np.float32(564.5246), np.float32(931.10254))",0.794877827167511,pipeline_imagen_a_imagen
no_retractors_Mandibular_anonymous_003_007_514_00_1728722215801_Mandibular_View.jpg,0,"(np.float32(426.05716), np.float32(596.60535), np.float32(763.73456), np.float32(898.69354))",0.9197022318840027,pipeline_imagen_a_imagen
no_retractors_Mandibular_anonymous_003_007_514_00_1728722215801_Mandibular_View.jpg,1,"(np.float32(331.8676), np.float32(370.95468), np.float32(660.53503), np.float32(662.8996))",0.9184122085571289,pipeline_imagen_a_imagen
no_retractors_Mandibular_anonymous_003_007_514_00_1728722215801_Mandibular_View.jpg,2,"(np.float32(1743.1515), np.float32(350.25122), np.float32(2032.8602), np.float32(588.2922))",0.9133992195129395,pipeline_imagen_a_imagen
no_retractors_Mandibular_anonymous_003_007_514_00_1728722215801_Mandibular_View.jpg,3,"(np.float32(1727.391), np.float32(551.7967), np.float32(2033.4314), np.float32(817.9437))",0.5437679290771484,pipeline_imagen_a_imagen
no_retractors_Mandibular_anonymous_003_007_514_00_1728722215801_Mandibular_View.jpg,4,"(np.float32(263.78348), np.float32(123.41257), np.float32(581.948), np.float32(403.9042))",0.29283541440963745,pipeline_imagen_a_imagen
no_retractors_Mandibular_anonymous_003_008_492_00_1728648396729_Mandibular_View.jpg,0,"(np.float32(112.78065), np.float32(242.59059), np.float32(317.87384), np.float32(417.44046))",0.897016167640686,pipeline_imagen_a_imagen
no_retractors_Mandibular_anonymous_003_008_492_00_1728648396729_Mandibular_View.jpg,1,"(np.float32(1074.8362), np.float32(232.36606), np.float32(1303.7084), np.float32(425.1987))",0.8937093615531921,pipeline_imagen_a_imagen
no_retractors_Mandibular_anonymous_003_008_492_00_1728648396729_Mandibular_View.jpg,2,"(np.float32(1031.696), np.float32(387.0804), np.float32(1282.6428), np.float32(600.70966))",0.7544345855712891,pipeline_imagen_a_imagen
no_retractors_Mandibular_anonymous_003_008_492_00_1728648396729_Mandibular_View.jpg,3,"(np.float32(134.02817), np.float32(379.78723), np.float32(352.67828), np.float32(582.1262))",0.7069668769836426,pipeline_imagen_a_imagen
no_retractors_Mandibular_anonymous_003_008_498_00_1728656110446_Mandibular_View.jpg,0,"(np.float32(965.3814), np.float32(341.57437), np.float32(1201.4806), np.float32(559.5473))",0.9206917881965637,pipeline_imagen_a_imagen
no_retractors_Mandibular_anonymous_003_008_498_00_1728656110446_Mandibular_View.jpg,1,"(np.float32(21.477856), np.float32(323.3164), np.float32(271.33557), np.float32(537.83813))",0.9124575257301331,pipeline_imagen_a_imagen
no_retractors_Mandibular_anonymous_003_008_498_00_1728656110446_Mandibular_View.jpg,2,"(np.float32(1024.0715), np.float32(176.15761), np.float32(1205.5541), np.float32(357.98257))",0.8920543789863586,pipeline_imagen_a_imagen
no_retractors_Mandibular_anonymous_003_008_498_00_1728656110446_Mandibular_View.jpg,3,"(np.float32(24.601389), np.float32(160.51358), np.float32(187.462), np.float32(336.47617))",0.35995957255363464,pipeline_imagen_a_imagen
no_retractors_Mandibular_anonymous_003_008_532_00_1728806117003_Mandibular_View.jpg,0,"(np.float32(142.39568), np.float32(420.93704), np.float32(390.6336), np.float32(631.8617))",0.8827643990516663,pipeline_imagen_a_imagen
no_retractors_Mandibular_anonymous_003_008_532_00_1728806117003_Mandibular_View.jpg,1,"(np.float32(102.96141), np.float32(260.60886), np.float32(334.88348), np.float32(457.2799))",0.7695668339729309,pipeline_imagen_a_imagen
no_retractors_Mandibular_anonymous_003_008_532_00_1728806117003_Mandibular_View.jpg,2,"(np.float32(219.4434), np.float32(587.49866), np.float32(431.97327), np.float32(753.8106))",0.644402027130127,pipeline_imagen_a_imagen
no_retractors_Mandibular_anonymous_003_008_532_00_1728806117003_Mandibular_View.jpg,3,"(np.float32(1138.5066), np.float32(590.8097), np.float32(1351.5168), np.float32(751.324))",0.5692579746246338,pipeline_imagen_a_imagen
no_retractors_Mandibular_anonymous_003_008_534_00_1728809131094_Mandibular_View.jpg,0,"(np.float32(85.496956), np.float32(411.01978), np.float32(357.92844), np.float32(653.25946))",0.9256071448326111,pipeline_imagen_a_imagen
no_retractors_Mandibular_anonymous_003_008_534_00_1728809131094_Mandibular_View.jpg,1,"(np.float32(1240.1437), np.float32(441.07446), np.float32(1515.4343), np.float32(697.56366))",0.9253020286560059,pipeline_imagen_a_imagen
no_retractors_Mandibular_anonymous_003_008_534_00_1728809131094_Mandibular_View.jpg,2,"(np.float32(1299.6177), np.float32(258.4029), np.float32(1543.9283), np.float32(479.4252))",0.9223601222038269,pipeline_imagen_a_imagen
no_retractors_Mandibular_anonymous_003_008_534_00_1728809131094_Mandibular_View.jpg,3,"(np.float32(60.043007), np.float32(232.80663), np.float32(309.1994), np.float32(441.88248))",0.9176811575889587,pipeline_imagen_a_imagen
no_retractors_Mandibular_anonymous_003_008_534_00_1728809131094_Mandibular_View.jpg,4,"(np.float32(184.15508), np.float32(588.9066), np.float32(400.6067), np.float32(780.5846))",0.8774768710136414,pipeline_imagen_a_imagen
no_retractors_Mandibular_anonymous_003_008_534_00_1728809131094_Mandibular_View.jpg,5,"(np.float32(1199.3556), np.float32(623.2457), np.float32(1417.7354), np.float32(835.31946))",0.8104768395423889,pipeline_imagen_a_imagen
no_retractors_Mandibular_anonymous_003_008_540_00_1728816533325_Mandibular_View.jpg,0,"(np.float32(41.19675), np.float32(199.84517), np.float32(280.82855), np.float32(424.9377))",0.9304361939430237,pipeline_imagen_a_imagen
no_retractors_Mandibular_anonymous_003_008_540_00_1728816533325_Mandibular_View.jpg,1,"(np.float32(1024.1615), np.float32(226.39857), np.float32(1273.6877), np.float32(470.9961))",0.9251932501792908,pipeline_imagen_a_imagen
no_retractors_Mandibular_anonymous_003_008_540_00_1728816533325_Mandibular_View.jpg,2,"(np.float32(982.249), np.float32(405.1056), np.float32(1205.9314), np.float32(609.0988))",0.9251430630683899,pipeline_imagen_a_imagen
no_retractors_Mandibular_anonymous_003_008_540_00_1728816533325_Mandibular_View.jpg,3,"(np.float32(111.77724), np.float32(385.01932), np.float32(321.33786), np.float32(576.71594))",0.9207243323326111,pipeline_imagen_a_imagen
no_retractors_Mandibular_anonymous_003_008_561_00_1728900258396_Mandibular_View.jpg,0,"(np.float32(27.492373), np.float32(369.5299), np.float32(220.35971), np.float32(570.5485))",0.9130809307098389,pipeline_imagen_a_imagen
no_retractors_Mandibular_anonymous_003_008_561_00_1728900258396_Mandibular_View.jpg,1,"(np.float32(1135.7538), np.float32(480.85977), np.float32(1383.6099), np.float32(704.26746))",0.9091897010803223,pipeline_imagen_a_imagen
no_retractors_Mandibular_anonymous_003_008_561_00_1728900258396_Mandibular_View.jpg,2,"(np.float32(38.986515), np.float32(534.5668), np.float32(281.83676), np.float32(757.00085))",0.896219789981842,pipeline_imagen_a_imagen
no_retractors_Mandibular_anonymous_003_008_561_00_1728900258396_Mandibular_View.jpg,3,"(np.float32(1167.8329), np.float32(311.71753), np.float32(1407.1016), np.float32(514.4635))",0.7455841302871704,pipeline_imagen_a_imagen
no_retractors_Mandibular_anonymous_003_103_298_00_1727864717921_Mandibular_View.jpg,0,"(np.float32(104.679756), np.float32(278.75418), np.float32(303.56436), np.float32(457.88345))",0.9258958697319031,pipeline_imagen_a_imagen
no_retractors_Mandibular_anonymous_003_103_298_00_1727864717921_Mandibular_View.jpg,1,"(np.float32(1095.4111), np.float32(250.00822), np.float32(1290.8754), np.float32(422.10748))",0.9115959405899048,pipeline_imagen_a_imagen
no_retractors_Mandibular_anonymous_003_103_298_00_1727864717921_Mandibular_View.jpg,2,"(np.float32(1036.5757), np.float32(401.32758), np.float32(1247.4528), np.float32(590.9882))",0.860491931438446,pipeline_imagen_a_imagen
no_retractors_Mandibular_anonymous_003_103_298_00_1727864717921_Mandibular_View.jpg,3,"(np.float32(122.904045), np.float32(437.35898), np.float32(335.8929), np.float32(613.24066))",0.8214039206504822,pipeline_imagen_a_imagen
no_retractors_Mandibular_anonymous_003_103_379_00_1728136654331_Mandibular_View.jpg,0,"(np.float32(973.1488), np.float32(351.14496), np.float32(1212.0476), np.float32(566.47))",0.919348955154419,pipeline_imagen_a_imagen
no_retractors_Mandibular_anonymous_003_103_379_00_1728136654331_Mandibular_View.jpg,1,"(np.float32(67.58943), np.float32(374.6917), np.float32(289.3305), np.float32(585.89417))",0.9147440195083618,pipeline_imagen_a_imagen
no_retractors_Mandibular_anonymous_003_103_379_00_1728136654331_Mandibular_View.jpg,2,"(np.float32(1003.8123), np.float32(205.20406), np.float32(1209.9906), np.float32(384.4578))",0.9133392572402954,pipeline_imagen_a_imagen
no_retractors_Mandibular_anonymous_003_103_379_00_1728136654331_Mandibular_View.jpg,3,"(np.float32(41.878548), np.float32(249.72322), np.float32(239.37164), np.float32(416.64313))",0.9039728045463562,pipeline_imagen_a_imagen
no_retractors_Mandibular_anonymous_003_103_412_00_1728381408086_Mandibular_View.jpg,0,"(np.float32(94.22741), np.float32(365.5974), np.float32(274.9005), np.float32(555.5733))",0.9330325126647949,pipeline_imagen_a_imagen
no_retractors_Mandibular_anonymous_003_103_412_00_1728381408086_Mandibular_View.jpg,1,"(np.float32(990.9921), np.float32(218.73412), np.float32(1176.1487), np.float32(401.2832))",0.894932746887207,pipeline_imagen_a_imagen
no_retractors_Mandibular_anonymous_003_103_412_00_1728381408086_Mandibular_View.jpg,2,"(np.float32(61.529655), np.float32(207.9301), np.float32(233.75153), np.float32(382.6835))",0.8939322233200073,pipeline_imagen_a_imagen
no_retractors_Mandibular_anonymous_003_103_412_00_1728381408086_Mandibular_View.jpg,3,"(np.float32(936.3812), np.float32(373.43158), np.float32(1134.2032), np.float32(592.87866))",0.8931321501731873,pipeline_imagen_a_imagen
no_retractors_Maxillary_Occlusal_anonymous_003-007-788-00_1729839721436_Maxillary_Occlusal_View.jpg,0,"(np.float32(2862.5986), np.float32(1755.965), np.float32(3469.4463), np.float32(2099.1433))",0.8750389218330383,pipeline_imagen_a_imagen
no_retractors_Maxillary_Occlusal_anonymous_003-007-788-00_1729839721436_Maxillary_Occlusal_View.jpg,1,"(np.float32(256.51016), np.float32(1512.7412), np.float32(965.2466), np.float32(2095.8289))",0.8708875179290771,pipeline_imagen_a_imagen
no_retractors_Maxillary_Occlusal_anonymous_003-007-788-00_1729839721436_Maxillary_Occlusal_View.jpg,2,"(np.float32(2875.2048), np.float32(1424.7128), np.float32(3504.842), np.float32(1812.9758))",0.5498768091201782,pipeline_imagen_a_imagen
no_retractors_Maxillary_Occlusal_anonymous_003-008-1110-00_1732280871545_Maxillary_Occlusal_View.jpg,0,"(np.float32(1325.3666), np.float32(972.9757), np.float32(1584.5038), np.float32(1143.903))",0.8917321562767029,pipeline_imagen_a_imagen
no_retractors_Maxillary_Occlusal_anonymous_003-008-1110-00_1732280871545_Maxillary_Occlusal_View.jpg,1,"(np.float32(100.28007), np.float32(943.9485), np.float32(373.28918), np.float32(1110.8662))",0.8657875657081604,pipeline_imagen_a_imagen
no_retractors_Maxillary_Occlusal_anonymous_003-008-1110-00_1732280871545_Maxillary_Occlusal_View.jpg,2,"(np.float32(85.829155), np.float32(745.59265), np.float32(364.45898), np.float32(989.1838))",0.7754194140434265,pipeline_imagen_a_imagen
no_retractors_Maxillary_Occlusal_anonymous_003-008-1110-00_1732280871545_Maxillary_Occlusal_View.jpg,3,"(np.float32(1298.5616), np.float32(763.9786), np.float32(1578.6652), np.float32(1012.69434))",0.7716273665428162,pipeline_imagen_a_imagen
no_retractors_Maxillary_Occlusal_anonymous_003-008-1110-00_1732280871545_Maxillary_Occlusal_View.jpg,4,"(np.float32(132.85896), np.float32(649.1309), np.float32(338.98828), np.float32(772.4962))",0.5970334410667419,pipeline_imagen_a_imagen
no_retractors_Maxillary_Occlusal_anonymous_003-008-1138-00_1732535496374_Maxillary_Occlusal_View.jpg,0,"(np.float32(54.71407), np.float32(562.06824), np.float32(306.72003), np.float32(754.8723))",0.9030571579933167,pipeline_imagen_a_imagen
no_retractors_Maxillary_Occlusal_anonymous_003-008-1179-00_1732704974831_Maxillary_Occlusal_View.jpg,0,"(np.float32(22.002176), np.float32(757.1625), np.float32(350.34067), np.float32(1037.6428))",0.8868170380592346,pipeline_imagen_a_imagen
no_retractors_Maxillary_Occlusal_anonymous_003-008-1179-00_1732704974831_Maxillary_Occlusal_View.jpg,1,"(np.float32(1378.7203), np.float32(686.65485), np.float32(1709.2499), np.float32(988.9122))",0.7866224646568298,pipeline_imagen_a_imagen
no_retractors_Maxillary_Occlusal_anonymous_003-008-1179-00_1732704974831_Maxillary_Occlusal_View.jpg,2,"(np.float32(1412.6368), np.float32(918.0874), np.float32(1702.2869), np.float32(1119.9801))",0.7262853384017944,pipeline_imagen_a_imagen
no_retractors_Maxillary_Occlusal_anonymous_003-008-1184-00_1732710518322_Maxillary_Occlusal_View.jpg,0,"(np.float32(2.504076), np.float32(700.5742), np.float32(334.8493), np.float32(941.65247))",0.8551267385482788,pipeline_imagen_a_imagen
no_retractors_Maxillary_Occlusal_anonymous_003-008-1184-00_1732710518322_Maxillary_Occlusal_View.jpg,1,"(np.float32(1297.8496), np.float32(676.3802), np.float32(1588.8378), np.float32(911.8778))",0.8303045034408569,pipeline_imagen_a_imagen
no_retractors_Maxillary_Occlusal_anonymous_003-008-1206-00_1732794547718_Maxillary_Occlusal_View.jpg,0,"(np.float32(111.807755), np.float32(891.0489), np.float32(344.32327), np.float32(1077.8911))",0.8794425129890442,pipeline_imagen_a_imagen
no_retractors_Maxillary_Occlusal_anonymous_003-008-1206-00_1732794547718_Maxillary_Occlusal_View.jpg,1,"(np.float32(1297.2012), np.float32(946.68787), np.float32(1552.1884), np.float32(1113.7028))",0.7017302513122559,pipeline_imagen_a_imagen
no_retractors_Maxillary_Occlusal_anonymous_003-008-1206-00_1732794547718_Maxillary_Occlusal_View.jpg,2,"(np.float32(1282.148), np.float32(778.00385), np.float32(1551.7599), np.float32(983.1078))",0.6043095588684082,pipeline_imagen_a_imagen
no_retractors_Maxillary_Occlusal_anonymous_003-008-1206-00_1732794547718_Maxillary_Occlusal_View.jpg,3,"(np.float32(1275.9042), np.float32(666.2785), np.float32(1516.2534), np.float32(806.8612))",0.5993951559066772,pipeline_imagen_a_imagen
no_retractors_Maxillary_Occlusal_anonymous_003-008-1229-00_1732885041482_Maxillary_Occlusal_View.jpg,0,"(np.float32(32.466957), np.float32(829.7279), np.float32(362.5443), np.float32(1105.0939))",0.9155793190002441,pipeline_imagen_a_imagen
no_retractors_Maxillary_Occlusal_anonymous_003-008-1229-00_1732885041482_Maxillary_Occlusal_View.jpg,1,"(np.float32(1425.3718), np.float32(815.483), np.float32(1733.3988), np.float32(1094.214))",0.850109338760376,pipeline_imagen_a_imagen
no_retractors_Maxillary_Occlusal_anonymous_003-008-1273-00_1733140554614_Maxillary_Occlusal_View.jpg,0,"(np.float32(1099.8073), np.float32(662.5301), np.float32(1381.9678), np.float32(873.01666))",0.858160674571991,pipeline_imagen_a_imagen
no_retractors_Maxillary_Occlusal_anonymous_003-008-1273-00_1733140554614_Maxillary_Occlusal_View.jpg,1,"(np.float32(1067.9272), np.float32(547.22754), np.float32(1342.116), np.float32(707.3779))",0.6665143966674805,pipeline_imagen_a_imagen
no_retractors_Maxillary_Occlusal_anonymous_003-008-1273-00_1733140554614_Maxillary_Occlusal_View.jpg,2,"(np.float32(54.03503), np.float32(634.26685), np.float32(331.21716), np.float32(865.1493))",0.5730620622634888,pipeline_imagen_a_imagen
no_retractors_Maxillary_Occlusal_anonymous_003-008-1273-00_1733140554614_Maxillary_Occlusal_View.jpg,3,"(np.float32(1104.5533), np.float32(827.9812), np.float32(1374.4651), np.float32(981.7701))",0.3015844523906708,pipeline_imagen_a_imagen
no_retractors_Maxillary_Occlusal_anonymous_003-008-1289-00_1733308999573_Maxillary_Occlusal_View.jpg,0,"(np.float32(1097.4564), np.float32(528.6193), np.float32(1346.7374), np.float32(763.6213))",0.904183030128479,pipeline_imagen_a_imagen
no_retractors_Maxillary_Occlusal_anonymous_003-008-1289-00_1733308999573_Maxillary_Occlusal_View.jpg,1,"(np.float32(41.518692), np.float32(526.5065), np.float32(285.8524), np.float32(744.2151))",0.9036720991134644,pipeline_imagen_a_imagen
no_retractors_Maxillary_Occlusal_anonymous_003-008-1289-00_1733308999573_Maxillary_Occlusal_View.jpg,2,"(np.float32(1071.5168), np.float32(431.71884), np.float32(1279.4786), np.float32(579.4962))",0.7484661936759949,pipeline_imagen_a_imagen
no_retractors_Maxillary_Occlusal_anonymous_003-008-1289-00_1733308999573_Maxillary_Occlusal_View.jpg,3,"(np.float32(92.97084), np.float32(423.51932), np.float32(296.4021), np.float32(575.57104))",0.581610381603241,pipeline_imagen_a_imagen
no_retractors_Maxillary_Occlusal_anonymous_003-008-1295-00_1733315710222_Maxillary_Occlusal_View.jpg,0,"(np.float32(1074.9177), np.float32(656.5871), np.float32(1318.2087), np.float32(849.94745))",0.8998109102249146,pipeline_imagen_a_imagen
no_retractors_Maxillary_Occlusal_anonymous_003-008-1295-00_1733315710222_Maxillary_Occlusal_View.jpg,1,"(np.float32(88.30525), np.float32(623.5456), np.float32(329.28342), np.float32(829.69226))",0.7333545684814453,pipeline_imagen_a_imagen
no_retractors_Maxillary_Occlusal_anonymous_003-008-1295-00_1733315710222_Maxillary_Occlusal_View.jpg,2,"(np.float32(150.6002), np.float32(555.78357), np.float32(356.4894), np.float32(671.0245))",0.3519943356513977,pipeline_imagen_a_imagen
no_retractors_Maxillary_Occlusal_anonymous_003-008-1308-00_1733401560725_Maxillary_Occlusal_View.jpg,0,"(np.float32(1118.3), np.float32(605.9937), np.float32(1358.775), np.float32(750.89545))",0.8986411690711975,pipeline_imagen_a_imagen
no_retractors_Maxillary_Occlusal_anonymous_003-008-1308-00_1733401560725_Maxillary_Occlusal_View.jpg,1,"(np.float32(110.44234), np.float32(530.7881), np.float32(353.37393), np.float32(685.0843))",0.8968563675880432,pipeline_imagen_a_imagen
no_retractors_Maxillary_Occlusal_anonymous_003-008-1308-00_1733401560725_Maxillary_Occlusal_View.jpg,2,"(np.float32(1134.4829), np.float32(717.1436), np.float32(1411.3231), np.float32(933.86615))",0.8638230562210083,pipeline_imagen_a_imagen
no_retractors_Maxillary_Occlusal_anonymous_003-008-1308-00_1733401560725_Maxillary_Occlusal_View.jpg,3,"(np.float32(70.891655), np.float32(658.0237), np.float32(338.4331), np.float32(886.412))",0.8424459099769592,pipeline_imagen_a_imagen
no_retractors_Maxillary_Occlusal_anonymous_003-008-1308-00_1733401560725_Maxillary_Occlusal_View.jpg,4,"(np.float32(86.25461), np.float32(835.6347), np.float32(317.33133), np.float32(988.97864))",0.4773769974708557,pipeline_imagen_a_imagen
no_retractors_Maxillary_Occlusal_anonymous_003-008-1311-00_1733404330359_Maxillary_Occlusal_View.jpg,0,"(np.float32(1259.1387), np.float32(701.90454), np.float32(1571.9325), np.float32(979.13556))",0.9266751408576965,pipeline_imagen_a_imagen
no_retractors_Maxillary_Occlusal_anonymous_003-008-1311-00_1733404330359_Maxillary_Occlusal_View.jpg,1,"(np.float32(109.42842), np.float32(763.88995), np.float32(376.81696), np.float32(991.9063))",0.9171391725540161,pipeline_imagen_a_imagen
no_retractors_Maxillary_Occlusal_anonymous_003-008-1311-00_1733404330359_Maxillary_Occlusal_View.jpg,2,"(np.float32(114.55839), np.float32(955.94147), np.float32(364.99158), np.float32(1127.8794))",0.9068399667739868,pipeline_imagen_a_imagen
no_retractors_Maxillary_Occlusal_anonymous_003-008-1311-00_1733404330359_Maxillary_Occlusal_View.jpg,3,"(np.float32(1321.95), np.float32(899.2496), np.float32(1606.6033), np.float32(1121.9214))",0.9043201804161072,pipeline_imagen_a_imagen
no_retractors_Maxillary_Occlusal_anonymous_003-008-1311-00_1733404330359_Maxillary_Occlusal_View.jpg,4,"(np.float32(1236.5934), np.float32(565.8086), np.float32(1493.1309), np.float32(734.35126))",0.7806035876274109,pipeline_imagen_a_imagen
no_retractors_Maxillary_Occlusal_anonymous_003-008-1311-00_1733404330359_Maxillary_Occlusal_View.jpg,5,"(np.float32(1172.3452), np.float32(389.92667), np.float32(1433.0857), np.float32(584.60736))",0.6666199564933777,pipeline_imagen_a_imagen
no_retractors_Maxillary_Occlusal_anonymous_003-008-1311-00_1733404330359_Maxillary_Occlusal_View.jpg,6,"(np.float32(150.37762), np.float32(634.0683), np.float32(369.4227), np.float32(775.24426))",0.2530125677585602,pipeline_imagen_a_imagen
no_retractors_Maxillary_Occlusal_anonymous_003-008-1394-00_1733831166816_Maxillary_Occlusal_View.jpg,0,"(np.float32(62.4515), np.float32(684.6383), np.float32(346.10922), np.float32(910.6023))",0.8924092650413513,pipeline_imagen_a_imagen
no_retractors_Maxillary_Occlusal_anonymous_003-008-615-00_1729074735259_Maxillary_Occlusal_View.jpg,0,"(np.float32(1341.9255), np.float32(674.25946), np.float32(1617.7882), np.float32(950.7063))",0.9149444699287415,pipeline_imagen_a_imagen
no_retractors_Maxillary_Occlusal_anonymous_003-008-615-00_1729074735259_Maxillary_Occlusal_View.jpg,1,"(np.float32(125.96985), np.float32(747.75256), np.float32(416.8365), np.float32(995.7287))",0.8953978419303894,pipeline_imagen_a_imagen
no_retractors_Maxillary_Occlusal_anonymous_003-008-615-00_1729074735259_Maxillary_Occlusal_View.jpg,2,"(np.float32(1306.0748), np.float32(573.2557), np.float32(1536.6395), np.float32(744.6394))",0.889984130859375,pipeline_imagen_a_imagen
no_retractors_Maxillary_Occlusal_anonymous_003-008-615-00_1729074735259_Maxillary_Occlusal_View.jpg,3,"(np.float32(1378.7137), np.float32(882.0486), np.float32(1641.7145), np.float32(1093.1039))",0.8869062662124634,pipeline_imagen_a_imagen
no_retractors_Maxillary_Occlusal_anonymous_003-008-615-00_1729074735259_Maxillary_Occlusal_View.jpg,4,"(np.float32(175.8039), np.float32(637.8508), np.float32(420.8132), np.float32(786.84973))",0.7647214531898499,pipeline_imagen_a_imagen
no_retractors_Maxillary_Occlusal_anonymous_003-008-679-00_1729249395420_Maxillary_Occlusal_View.jpg,0,"(np.float32(132.06221), np.float32(768.281), np.float32(438.49704), np.float32(1051.7021))",0.8281782865524292,pipeline_imagen_a_imagen
no_retractors_Maxillary_Occlusal_anonymous_003-008-679-00_1729249395420_Maxillary_Occlusal_View.jpg,1,"(np.float32(206.5013), np.float32(650.47253), np.float32(489.6691), np.float32(841.62225))",0.7695251703262329,pipeline_imagen_a_imagen
no_retractors_Maxillary_Occlusal_anonymous_003-008-679-00_1729249395420_Maxillary_Occlusal_View.jpg,2,"(np.float32(1354.7157), np.float32(805.7907), np.float32(1625.1248), np.float32(1050.3657))",0.6529389023780823,pipeline_imagen_a_imagen
no_retractors_Maxillary_Occlusal_anonymous_003-008-679-00_1729249395420_Maxillary_Occlusal_View.jpg,3,"(np.float32(114.2022), np.float32(977.47546), np.float32(388.6987), np.float32(1172.6166))",0.47606781125068665,pipeline_imagen_a_imagen
no_retractors_Maxillary_Occlusal_anonymous_003-008-679-00_1729249395420_Maxillary_Occlusal_View.jpg,4,"(np.float32(1390.6423), np.float32(967.1408), np.float32(1646.139), np.float32(1186.2999))",0.3619420528411865,pipeline_imagen_a_imagen
no_retractors_Maxillary_Occlusal_anonymous_003-008-741-00_1729595555946_Maxillary_Occlusal_View.jpg,0,"(np.float32(187.43195), np.float32(372.95746), np.float32(460.1332), np.float32(562.5358))",0.9140800833702087,pipeline_imagen_a_imagen
no_retractors_Maxillary_Occlusal_anonymous_003-008-741-00_1729595555946_Maxillary_Occlusal_View.jpg,1,"(np.float32(57.30124), np.float32(867.86487), np.float32(335.4176), np.float32(1031.4934))",0.9089905023574829,pipeline_imagen_a_imagen
no_retractors_Maxillary_Occlusal_anonymous_003-008-741-00_1729595555946_Maxillary_Occlusal_View.jpg,2,"(np.float32(75.39445), np.float32(659.8022), np.float32(364.64648), np.float32(908.7758))",0.9078081250190735,pipeline_imagen_a_imagen
no_retractors_Maxillary_Occlusal_anonymous_003-008-741-00_1729595555946_Maxillary_Occlusal_View.jpg,3,"(np.float32(1255.7241), np.float32(573.6952), np.float32(1489.8328), np.float32(720.6468))",0.8968023061752319,pipeline_imagen_a_imagen
no_retractors_Maxillary_Occlusal_anonymous_003-008-741-00_1729595555946_Maxillary_Occlusal_View.jpg,4,"(np.float32(144.24902), np.float32(542.8017), np.float32(397.81955), np.float32(698.529))",0.8936967849731445,pipeline_imagen_a_imagen
no_retractors_Maxillary_Occlusal_anonymous_003-008-741-00_1729595555946_Maxillary_Occlusal_View.jpg,5,"(np.float32(1281.1256), np.float32(690.86224), np.float32(1545.3801), np.float32(919.64185))",0.87259840965271,pipeline_imagen_a_imagen
no_retractors_Maxillary_Occlusal_anonymous_003-008-741-00_1729595555946_Maxillary_Occlusal_View.jpg,6,"(np.float32(1307.7769), np.float32(860.48364), np.float32(1562.353), np.float32(1031.7192))",0.8669950366020203,pipeline_imagen_a_imagen
no_retractors_Maxillary_Occlusal_anonymous_003-008-741-00_1729595555946_Maxillary_Occlusal_View.jpg,7,"(np.float32(1189.903), np.float32(416.8525), np.float32(1428.7495), np.float32(591.9686))",0.7794467210769653,pipeline_imagen_a_imagen
no_retractors_Maxillary_Occlusal_anonymous_003-008-743-00_1729599647750_Maxillary_Occlusal_View.jpg,0,"(np.float32(15.536292), np.float32(516.45337), np.float32(293.5129), np.float32(768.5324))",0.9114513397216797,pipeline_imagen_a_imagen
no_retractors_Maxillary_Occlusal_anonymous_003-008-743-00_1729599647750_Maxillary_Occlusal_View.jpg,1,"(np.float32(1179.9933), np.float32(570.11884), np.float32(1424.5077), np.float32(807.5294))",0.8709280490875244,pipeline_imagen_a_imagen
no_retractors_Maxillary_Occlusal_anonymous_003-008-743-00_1729599647750_Maxillary_Occlusal_View.jpg,2,"(np.float32(1151.697), np.float32(465.31277), np.float32(1365.2279), np.float32(634.42633))",0.8414920568466187,pipeline_imagen_a_imagen
no_retractors_Maxillary_Occlusal_anonymous_003-008-743-00_1729599647750_Maxillary_Occlusal_View.jpg,3,"(np.float32(0.0), np.float32(702.1326), np.float32(226.05089), np.float32(855.91296))",0.8165925741195679,pipeline_imagen_a_imagen
no_retractors_Maxillary_Occlusal_anonymous_003-008-743-00_1729599647750_Maxillary_Occlusal_View.jpg,4,"(np.float32(95.685616), np.float32(401.4069), np.float32(329.92398), np.float32(584.0073))",0.7161194086074829,pipeline_imagen_a_imagen
no_retractors_Maxillary_Occlusal_anonymous_003-008-743-00_1729599647750_Maxillary_Occlusal_View.jpg,5,"(np.float32(1236.2418), np.float32(758.9837), np.float32(1439.5968), np.float32(902.35944))",0.6444331407546997,pipeline_imagen_a_imagen
no_retractors_Maxillary_Occlusal_anonymous_003-008-799-00_1729861944603_Maxillary_Occlusal_View.jpg,0,"(np.float32(1307.29), np.float32(636.87067), np.float32(1567.215), np.float32(843.5708))",0.8901557326316833,pipeline_imagen_a_imagen
no_retractors_Maxillary_Occlusal_anonymous_003-008-799-00_1729861944603_Maxillary_Occlusal_View.jpg,1,"(np.float32(119.81781), np.float32(391.0387), np.float32(366.67194), np.float32(615.9775))",0.33101221919059753,pipeline_imagen_a_imagen
no_retractors_Maxillary_Occlusal_anonymous_003-008-886-00_1730285789339_Maxillary_Occlusal_View.jpg,0,"(np.float32(1257.613), np.float32(790.2632), np.float32(1590.7882), np.float32(1067.1415))",0.548906683921814,pipeline_imagen_a_imagen
no_retractors_Maxillary_Occlusal_anonymous_003_007_468_00_1728620859733_Maxillary_Occlusal_View.jpg,0,"(np.float32(530.6764), np.float32(666.3451), np.float32(924.7921), np.float32(922.78986))",0.8841681480407715,pipeline_imagen_a_imagen
no_retractors_Maxillary_Occlusal_anonymous_003_007_468_00_1728620859733_Maxillary_Occlusal_View.jpg,1,"(np.float32(2150.828), np.float32(849.551), np.float32(2546.6536), np.float32(1137.3153))",0.8823918104171753,pipeline_imagen_a_imagen
no_retractors_Maxillary_Occlusal_anonymous_003_007_468_00_1728620859733_Maxillary_Occlusal_View.jpg,2,"(np.float32(2169.0095), np.float32(701.5563), np.float32(2517.3596), np.float32(884.82745))",0.8324284553527832,pipeline_imagen_a_imagen
no_retractors_Maxillary_Occlusal_anonymous_003_007_468_00_1728620859733_Maxillary_Occlusal_View.jpg,3,"(np.float32(470.34476), np.float32(848.6021), np.float32(934.6369), np.float32(1203.995))",0.7917411923408508,pipeline_imagen_a_imagen
no_retractors_Maxillary_Occlusal_anonymous_003_007_468_00_1728620859733_Maxillary_Occlusal_View.jpg,4,"(np.float32(2146.606), np.float32(471.4999), np.float32(2492.726), np.float32(733.5508))",0.5908313989639282,pipeline_imagen_a_imagen
no_retractors_Maxillary_Occlusal_anonymous_003_007_468_00_1728620859733_Maxillary_Occlusal_View.jpg,5,"(np.float32(595.27985), np.float32(483.80118), np.float32(993.56354), np.float32(752.0275))",0.33137747645378113,pipeline_imagen_a_imagen
no_retractors_Maxillary_Occlusal_anonymous_003_007_468_00_1728620859733_Maxillary_Occlusal_View.jpg,6,"(np.float32(2171.0076), np.float32(1084.0024), np.float32(2518.0107), np.float32(1295.1388))",0.25893479585647583,pipeline_imagen_a_imagen
no_retractors_Maxillary_Occlusal_anonymous_003_007_504_00_1728710905876_Maxillary_Occlusal_View.jpg,0,"(np.float32(144.47215), np.float32(865.5396), np.float32(556.9644), np.float32(1213.2549))",0.8890870213508606,pipeline_imagen_a_imagen
no_retractors_Maxillary_Occlusal_anonymous_003_007_504_00_1728710905876_Maxillary_Occlusal_View.jpg,1,"(np.float32(269.12085), np.float32(673.1854), np.float32(626.37494), np.float32(924.7358))",0.5434617400169373,pipeline_imagen_a_imagen
no_retractors_Maxillary_Occlusal_anonymous_003_007_504_00_1728710905876_Maxillary_Occlusal_View.jpg,2,"(np.float32(1729.4695), np.float32(908.8479), np.float32(2109.2832), np.float32(1218.6981))",0.48752865195274353,pipeline_imagen_a_imagen
no_retractors_Maxillary_Occlusal_anonymous_003_007_504_00_1728710905876_Maxillary_Occlusal_View.jpg,3,"(np.float32(1721.7172), np.float32(731.56366), np.float32(2067.8225), np.float32(947.91187))",0.3908962905406952,pipeline_imagen_a_imagen
no_retractors_Maxillary_Occlusal_anonymous_003_007_514_00_1728722215801_Maxillary_Occlusal_View.jpg,0,"(np.float32(341.72678), np.float32(997.8746), np.float32(757.3824), np.float32(1362.1421))",0.9008075594902039,pipeline_imagen_a_imagen
no_retractors_Maxillary_Occlusal_anonymous_003_007_514_00_1728722215801_Maxillary_Occlusal_View.jpg,1,"(np.float32(464.975), np.float32(789.3648), np.float32(812.4093), np.float32(1036.7587))",0.882091224193573,pipeline_imagen_a_imagen
no_retractors_Maxillary_Occlusal_anonymous_003_007_514_00_1728722215801_Maxillary_Occlusal_View.jpg,2,"(np.float32(263.6753), np.float32(1304.1877), np.float32(663.8066), np.float32(1570.0609))",0.8660200834274292,pipeline_imagen_a_imagen
no_retractors_Maxillary_Occlusal_anonymous_003_007_514_00_1728722215801_Maxillary_Occlusal_View.jpg,3,"(np.float32(2105.8447), np.float32(781.0001), np.float32(2468.0784), np.float32(1012.55505))",0.8328015208244324,pipeline_imagen_a_imagen
no_retractors_Maxillary_Occlusal_anonymous_003_007_514_00_1728722215801_Maxillary_Occlusal_View.jpg,4,"(np.float32(2137.6074), np.float32(1274.0062), np.float32(2533.3105), np.float32(1537.4307))",0.7891148328781128,pipeline_imagen_a_imagen
no_retractors_Maxillary_Occlusal_anonymous_003_007_514_00_1728722215801_Maxillary_Occlusal_View.jpg,5,"(np.float32(2099.935), np.float32(980.6276), np.float32(2507.0422), np.float32(1330.5223))",0.3982207179069519,pipeline_imagen_a_imagen
no_retractors_Maxillary_Occlusal_anonymous_003_008_532_00_1728806117003_Maxillary_Occlusal_View.jpg,0,"(np.float32(1255.1304), np.float32(643.5397), np.float32(1517.4363), np.float32(894.0975))",0.8510697484016418,pipeline_imagen_a_imagen
no_retractors_Maxillary_Occlusal_anonymous_003_008_532_00_1728806117003_Maxillary_Occlusal_View.jpg,1,"(np.float32(85.01588), np.float32(654.376), np.float32(378.89883), np.float32(913.77264))",0.8009180426597595,pipeline_imagen_a_imagen
no_retractors_Maxillary_Occlusal_anonymous_003_008_532_00_1728806117003_Maxillary_Occlusal_View.jpg,2,"(np.float32(1207.8413), np.float32(547.9952), np.float32(1437.3895), np.float32(702.1062))",0.6241328716278076,pipeline_imagen_a_imagen
no_retractors_Maxillary_Occlusal_anonymous_003_008_532_00_1728806117003_Maxillary_Occlusal_View.jpg,3,"(np.float32(58.568584), np.float32(855.723), np.float32(347.1902), np.float32(1068.033))",0.549323320388794,pipeline_imagen_a_imagen
no_retractors_Maxillary_Occlusal_anonymous_003_008_532_00_1728806117003_Maxillary_Occlusal_View.jpg,4,"(np.float32(150.86386), np.float32(535.445), np.float32(403.50064), np.float32(711.27704))",0.525664210319519,pipeline_imagen_a_imagen
no_retractors_Maxillary_Occlusal_anonymous_003_008_540_00_1728816533325_Maxillary_Occlusal_View.jpg,0,"(np.float32(61.33811), np.float32(736.3741), np.float32(355.16025), np.float32(957.6206))",0.8872616291046143,pipeline_imagen_a_imagen
no_retractors_Maxillary_Occlusal_anonymous_003_008_540_00_1728816533325_Maxillary_Occlusal_View.jpg,1,"(np.float32(96.608), np.float32(609.7039), np.float32(355.28192), np.float32(764.69543))",0.5795779824256897,pipeline_imagen_a_imagen
no_retractors_Maxillary_Occlusal_anonymous_003_103_298_00_1727864717921_Maxillary_Occlusal_View.jpg,0,"(np.float32(1455.3528), np.float32(823.8351), np.float32(1726.2458), np.float32(1005.9049))",0.743466854095459,pipeline_imagen_a_imagen
no_retractors_Maxillary_Occlusal_anonymous_003_103_298_00_1727864717921_Maxillary_Occlusal_View.jpg,1,"(np.float32(1505.1898), np.float32(945.5062), np.float32(1806.8452), np.float32(1235.8586))",0.5320879817008972,pipeline_imagen_a_imagen
no_retractors_Maxillary_Occlusal_anonymous_003_103_298_00_1727864717921_Maxillary_Occlusal_View.jpg,2,"(np.float32(1396.9946), np.float32(629.2596), np.float32(1687.7372), np.float32(836.63104))",0.4239109754562378,pipeline_imagen_a_imagen
no_retractors_Maxillary_Occlusal_anonymous_003_103_379_00_1728136654331_Maxillary_Occlusal_View.jpg,0,"(np.float32(1328.6254), np.float32(733.98724), np.float32(1617.2028), np.float32(997.686))",0.8549479246139526,pipeline_imagen_a_imagen
no_retractors_Maxillary_Occlusal_anonymous_003_103_379_00_1728136654331_Maxillary_Occlusal_View.jpg,1,"(np.float32(25.275429), np.float32(922.3183), np.float32(331.52866), np.float32(1140.4156))",0.8327603340148926,pipeline_imagen_a_imagen
no_retractors_Maxillary_Occlusal_anonymous_003_103_379_00_1728136654331_Maxillary_Occlusal_View.jpg,2,"(np.float32(1351.8424), np.float32(932.9678), np.float32(1632.4171), np.float32(1087.6924))",0.7855191826820374,pipeline_imagen_a_imagen
no_retractors_Maxillary_Occlusal_anonymous_003_103_379_00_1728136654331_Maxillary_Occlusal_View.jpg,3,"(np.float32(1283.5283), np.float32(502.94763), np.float32(1541.1741), np.float32(701.3758))",0.38034307956695557,pipeline_imagen_a_imagen
no_retractors_Maxillary_Occlusal_anonymous_003_103_412_00_1728381408086_Maxillary_Occlusal_View.jpg,0,"(np.float32(55.131588), np.float32(687.94147), np.float32(348.44125), np.float32(966.7184))",0.9117055535316467,pipeline_imagen_a_imagen
no_retractors_Maxillary_Occlusal_anonymous_003_103_412_00_1728381408086_Maxillary_Occlusal_View.jpg,1,"(np.float32(1288.0938), np.float32(733.17194), np.float32(1535.2178), np.float32(974.1528))",0.868116021156311,pipeline_imagen_a_imagen
no_retractors_Maxillary_Occlusal_anonymous_003_103_412_00_1728381408086_Maxillary_Occlusal_View.jpg,2,"(np.float32(199.81802), np.float32(410.69705), np.float32(441.54272), np.float32(585.0108))",0.8382163047790527,pipeline_imagen_a_imagen
no_retractors_Maxillary_Occlusal_anonymous_003_103_412_00_1728381408086_Maxillary_Occlusal_View.jpg,3,"(np.float32(124.271805), np.float32(550.68207), np.float32(365.09467), np.float32(735.28375))",0.7091525793075562,pipeline_imagen_a_imagen
no_retractors_Right_Lateral_anonymous_003-008-679-00_1729249395420_Right_Lateral_View.jpg,0,"(np.float32(662.10864), np.float32(242.6589), np.float32(833.65857), np.float32(460.3692))",0.2923092544078827,pipeline_imagen_a_imagen
pilot_Left_Lateral_anonymous-leftLateralView-1727270689599.jpg,0,"(np.float32(778.4547), np.float32(112.792114), np.float32(910.3384), np.float32(300.82718))",0.4210952818393707,pipeline_imagen_a_imagen
pilot_Left_Lateral_anonymous-leftLateralView-1727270689599.jpg,1,"(np.float32(1010.8164), np.float32(206.53664), np.float32(1104.3545), np.float32(284.70108))",0.2753083407878876,pipeline_imagen_a_imagen
pilot_Left_Lateral_anonymous-leftLateralView-1727759565710.jpg,0,"(np.float32(838.4716), np.float32(196.9266), np.float32(1055.8754), np.float32(442.90253))",0.33762621879577637,pipeline_imagen_a_imagen
pilot_Mandibular_anonymous-mandibularView-1726744063932.jpg,0,"(np.float32(1264.216), np.float32(595.39166), np.float32(1576.4845), np.float32(867.4992))",0.9260053038597107,pipeline_imagen_a_imagen
pilot_Mandibular_anonymous-mandibularView-1726744063932.jpg,1,"(np.float32(215.24242), np.float32(620.0689), np.float32(535.20856), np.float32(946.75793))",0.9103865027427673,pipeline_imagen_a_imagen
pilot_Mandibular_anonymous-mandibularView-1726744063932.jpg,2,"(np.float32(90.823875), np.float32(412.27173), np.float32(431.1972), np.float32(719.06323))",0.8390398621559143,pipeline_imagen_a_imagen
pilot_Mandibular_anonymous-mandibularView-1726744063932.jpg,3,"(np.float32(1295.1187), np.float32(401.13724), np.float32(1610.0901), np.float32(665.26685))",0.28879693150520325,pipeline_imagen_a_imagen
pilot_Mandibular_anonymous-mandibularView-1727093650385.jpg,0,"(np.float32(354.61185), np.float32(386.56268), np.float32(709.4649), np.float32(706.51556))",0.9032958745956421,pipeline_imagen_a_imagen
pilot_Mandibular_anonymous-mandibularView-1727093650385.jpg,1,"(np.float32(318.30017), np.float32(165.46362), np.float32(608.2618), np.float32(433.5055))",0.8974844813346863,pipeline_imagen_a_imagen
pilot_Mandibular_anonymous-mandibularView-1727093650385.jpg,2,"(np.float32(1746.8296), np.float32(320.71478), np.float32(2082.1824), np.float32(622.96454))",0.8846153020858765,pipeline_imagen_a_imagen
pilot_Mandibular_anonymous-mandibularView-1727093650385.jpg,3,"(np.float32(1787.019), np.float32(125.02879), np.float32(2057.5137), np.float32(348.8557))",0.8545907139778137,pipeline_imagen_a_imagen
pilot_Mandibular_anonymous-mandibularView-1727096592972.jpg,0,"(np.float32(1489.8185), np.float32(251.23515), np.float32(1782.7126), np.float32(522.85565))",0.925133466720581,pipeline_imagen_a_imagen
pilot_Mandibular_anonymous-mandibularView-1727096592972.jpg,1,"(np.float32(1591.766), np.float32(60.202713), np.float32(1811.1965), np.float32(307.668))",0.7967401146888733,pipeline_imagen_a_imagen
pilot_Mandibular_anonymous-mandibularView-1727096592972.jpg,2,"(np.float32(262.18906), np.float32(99.209114), np.float32(620.6773), np.float32(409.28357))",0.4943974018096924,pipeline_imagen_a_imagen
pilot_Mandibular_anonymous-mandibularView-1727248261550.jpg,0,"(np.float32(48.509308), np.float32(428.8338), np.float32(411.44522), np.float32(763.326))",0.911466121673584,pipeline_imagen_a_imagen
pilot_Mandibular_anonymous-mandibularView-1727248261550.jpg,1,"(np.float32(0.0), np.float32(186.62755), np.float32(292.89658), np.float32(486.1882))",0.8964775204658508,pipeline_imagen_a_imagen
pilot_Mandibular_anonymous-mandibularView-1727248261550.jpg,2,"(np.float32(1370.345), np.float32(359.20767), np.float32(1705.2802), np.float32(663.40576))",0.820600688457489,pipeline_imagen_a_imagen
pilot_Mandibular_anonymous-mandibularView-1727248261550.jpg,3,"(np.float32(179.8022), np.float32(653.5831), np.float32(469.18216), np.float32(917.54193))",0.6578182578086853,pipeline_imagen_a_imagen
pilot_Mandibular_anonymous-mandibularView-1727261519140.jpg,0,"(np.float32(40.483276), np.float32(158.85385), np.float32(194.43944), np.float32(332.49567))",0.9224963188171387,pipeline_imagen_a_imagen
pilot_Mandibular_anonymous-mandibularView-1727261519140.jpg,1,"(np.float32(974.19), np.float32(236.18323), np.float32(1159.5751), np.float32(427.21664))",0.9185309410095215,pipeline_imagen_a_imagen
pilot_Mandibular_anonymous-mandibularView-1727261519140.jpg,2,"(np.float32(42.03197), np.float32(321.63495), np.float32(217.10976), np.float32(485.21378))",0.88646399974823,pipeline_imagen_a_imagen
pilot_Mandibular_anonymous-mandibularView-1727261519140.jpg,3,"(np.float32(905.2634), np.float32(412.43094), np.float32(1065.5216), np.float32(574.1263))",0.7683477401733398,pipeline_imagen_a_imagen
pilot_Mandibular_anonymous-mandibularView-1727261519140.jpg,4,"(np.float32(112.673515), np.float32(447.03894), np.float32(273.57477), np.float32(604.2814))",0.36128026247024536,pipeline_imagen_a_imagen
pilot_Mandibular_anonymous-mandibularView-1727358291952.jpg,0,"(np.float32(857.0162), np.float32(316.3442), np.float32(1058.9159), np.float32(489.06207))",0.8958836197853088,pipeline_imagen_a_imagen
pilot_Mandibular_anonymous-mandibularView-1727358291952.jpg,1,"(np.float32(88.56933), np.float32(337.8332), np.float32(286.48218), np.float32(496.01566))",0.8514856696128845,pipeline_imagen_a_imagen
pilot_Mandibular_anonymous-mandibularView-1727358291952.jpg,2,"(np.float32(893.7925), np.float32(190.49832), np.float32(1076.5507), np.float32(340.73444))",0.6345558762550354,pipeline_imagen_a_imagen
pilot_Mandibular_anonymous-mandibularView-1727412311322.jpg,0,"(np.float32(488.5596), np.float32(462.5362), np.float32(963.852), np.float32(840.17126))",0.9147509932518005,pipeline_imagen_a_imagen
pilot_Mandibular_anonymous-mandibularView-1727412311322.jpg,1,"(np.float32(374.04922), np.float32(164.73343), np.float32(796.995), np.float32(533.2999))",0.911981463432312,pipeline_imagen_a_imagen
pilot_Mandibular_anonymous-mandibularView-1727412311322.jpg,2,"(np.float32(2123.0518), np.float32(232.58203), np.float32(2483.1355), np.float32(510.88263))",0.9020770788192749,pipeline_imagen_a_imagen
pilot_Mandibular_anonymous-mandibularView-1727412311322.jpg,3,"(np.float32(2120.951), np.float32(732.0228), np.float32(2449.0154), np.float32(1006.7189))",0.9020131826400757,pipeline_imagen_a_imagen
pilot_Mandibular_anonymous-mandibularView-1727412311322.jpg,4,"(np.float32(671.8579), np.float32(739.8629), np.float32(1047.3109), np.float32(1075.7786))",0.894512414932251,pipeline_imagen_a_imagen
pilot_Mandibular_anonymous-mandibularView-1727412311322.jpg,5,"(np.float32(2084.3489), np.float32(465.60495), np.float32(2477.739), np.float32(795.7576))",0.8454833626747131,pipeline_imagen_a_imagen
pilot_Mandibular_anonymous-mandibularView-1727428501523.jpg,0,"(np.float32(1403.0319), np.float32(271.2891), np.float32(1684.444), np.float32(493.18225))",0.9210227727890015,pipeline_imagen_a_imagen
pilot_Mandibular_anonymous-mandibularView-1727428501523.jpg,1,"(np.float32(1444.981), np.float32(100.13326), np.float32(1723.5182), np.float32(318.11703))",0.9097194075584412,pipeline_imagen_a_imagen
pilot_Mandibular_anonymous-mandibularView-1727428501523.jpg,2,"(np.float32(172.90135), np.float32(225.81255), np.float32(474.6824), np.float32(464.44397))",0.7853059768676758,pipeline_imagen_a_imagen
pilot_Mandibular_anonymous-mandibularView-1727428501523.jpg,3,"(np.float32(141.31834), np.float32(50.32843), np.float32(428.89352), np.float32(270.85876))",0.7269288897514343,pipeline_imagen_a_imagen
pilot_Mandibular_anonymous-mandibularView-1727674930342.jpg,0,"(np.float32(346.0255), np.float32(401.6846), np.float32(837.7744), np.float32(844.44995))",0.9155719876289368,pipeline_imagen_a_imagen
pilot_Mandibular_anonymous-mandibularView-1727674930342.jpg,1,"(np.float32(229.09094), np.float32(63.327038), np.float32(647.47034), np.float32(447.2108))",0.9139397740364075,pipeline_imagen_a_imagen
pilot_Mandibular_anonymous-mandibularView-1727674930342.jpg,2,"(np.float32(614.11816), np.float32(732.05975), np.float32(944.6584), np.float32(1066.0798))",0.8386390805244446,pipeline_imagen_a_imagen
pilot_Mandibular_anonymous-mandibularView-1727674930342.jpg,3,"(np.float32(1958.1752), np.float32(25.934715), np.float32(2315.593), np.float32(340.92374))",0.7934914231300354,pipeline_imagen_a_imagen
pilot_Mandibular_anonymous-mandibularView-1727674930342.jpg,4,"(np.float32(2006.9905), np.float32(618.9283), np.float32(2344.552), np.float32(895.9074))",0.7836436033248901,pipeline_imagen_a_imagen
pilot_Mandibular_anonymous-mandibularView-1727674930342.jpg,5,"(np.float32(2032.45), np.float32(860.222), np.float32(2379.1157), np.float32(1150.9692))",0.25835558772087097,pipeline_imagen_a_imagen
pilot_Mandibular_anonymous-mandibularView-1727701760336.jpg,0,"(np.float32(1284.6968), np.float32(440.6844), np.float32(1525.9531), np.float32(673.9928))",0.9151820540428162,pipeline_imagen_a_imagen
pilot_Mandibular_anonymous-mandibularView-1727701760336.jpg,1,"(np.float32(1352.5833), np.float32(243.0186), np.float32(1572.0271), np.float32(471.63687))",0.892433762550354,pipeline_imagen_a_imagen
pilot_Mandibular_anonymous-mandibularView-1727701760336.jpg,2,"(np.float32(179.90987), np.float32(514.30536), np.float32(423.99026), np.float32(745.2995))",0.887445330619812,pipeline_imagen_a_imagen
pilot_Mandibular_anonymous-mandibularView-1727701760336.jpg,3,"(np.float32(165.99097), np.float32(307.64642), np.float32(404.94656), np.float32(528.1652))",0.8330284357070923,pipeline_imagen_a_imagen
pilot_Mandibular_anonymous-mandibularView-1727761912039.jpg,0,"(np.float32(119.156044), np.float32(621.72327), np.float32(580.89264), np.float32(1039.6012))",0.9206356406211853,pipeline_imagen_a_imagen
pilot_Mandibular_anonymous-mandibularView-1727761912039.jpg,1,"(np.float32(46.36653), np.float32(383.9498), np.float32(391.23776), np.float32(713.0799))",0.9014765620231628,pipeline_imagen_a_imagen
pilot_Mandibular_anonymous-mandibularView-1727761912039.jpg,2,"(np.float32(1810.165), np.float32(987.8554), np.float32(2099.72), np.float32(1251.6918))",0.8638091683387756,pipeline_imagen_a_imagen
pilot_Mandibular_anonymous-mandibularView-1727761912039.jpg,3,"(np.float32(1784.4404), np.float32(768.99146), np.float32(2110.0789), np.float32(1016.7954))",0.8369311690330505,pipeline_imagen_a_imagen
pilot_Mandibular_anonymous-mandibularView-1727761912039.jpg,4,"(np.float32(1759.8253), np.float32(488.0354), np.float32(2123.6226), np.float32(809.30554))",0.7919036149978638,pipeline_imagen_a_imagen
pilot_Mandibular_anonymous-mandibularView-1727761912039.jpg,5,"(np.float32(310.67664), np.float32(914.817), np.float32(657.31964), np.float32(1227.8722))",0.6687159538269043,pipeline_imagen_a_imagen
pilot_Mandibular_anonymous-mandibularView-1727761912039.jpg,6,"(np.float32(1773.9036), np.float32(238.39485), np.float32(2106.1704), np.float32(521.208))",0.48835667967796326,pipeline_imagen_a_imagen
pilot_Mandibular_anonymous-mandibularView-1727761912039.jpg,7,"(np.float32(23.38164), np.float32(79.487495), np.float32(291.2688), np.float32(413.89987))",0.34356409311294556,pipeline_imagen_a_imagen
pilot_Mandibular_anonymous-mandibularView-1727761912039.jpg,8,"(np.float32(307.69183), np.float32(913.13385), np.float32(659.7076), np.float32(1231.7355))",0.27226975560188293,pipeline_imagen_a_imagen
pilot_Mandibular_anonymous-mandibularView-1727768118895.jpg,0,"(np.float32(338.44684), np.float32(459.7436), np.float32(579.9051), np.float32(681.053))",0.9106354713439941,pipeline_imagen_a_imagen
pilot_Mandibular_anonymous-mandibularView-1727768118895.jpg,1,"(np.float32(1582.0), np.float32(451.9252), np.float32(1825.2328), np.float32(629.4333))",0.9095427989959717,pipeline_imagen_a_imagen
pilot_Mandibular_anonymous-mandibularView-1727768118895.jpg,2,"(np.float32(344.68143), np.float32(265.51428), np.float32(553.44354), np.float32(473.2301))",0.840551495552063,pipeline_imagen_a_imagen
pilot_Mandibular_anonymous-mandibularView-1727768118895.jpg,3,"(np.float32(393.33194), np.float32(595.2324), np.float32(665.2848), np.float32(851.01013))",0.8338343501091003,pipeline_imagen_a_imagen
pilot_Mandibular_anonymous-mandibularView-1727768118895.jpg,4,"(np.float32(1486.6176), np.float32(735.062), np.float32(1731.1595), np.float32(915.37885))",0.7450581192970276,pipeline_imagen_a_imagen
pilot_Mandibular_anonymous-mandibularView-1727768118895.jpg,5,"(np.float32(1587.7382), np.float32(244.72223), np.float32(1827.831), np.float32(466.86282))",0.6537879705429077,pipeline_imagen_a_imagen
pilot_Mandibular_anonymous-mandibularView-1727768118895.jpg,6,"(np.float32(500.2453), np.float32(721.6661), np.float32(732.71185), np.float32(935.8706))",0.6157970428466797,pipeline_imagen_a_imagen
pilot_Mandibular_anonymous-mandibularView-1727768118895.jpg,7,"(np.float32(1524.7461), np.float32(591.8832), np.float32(1807.5548), np.float32(843.4896))",0.4951101541519165,pipeline_imagen_a_imagen
pilot_Mandibular_anonymous-mandibularView-1727771992745.jpg,0,"(np.float32(1336.2467), np.float32(358.35345), np.float32(1586.0743), np.float32(577.1443))",0.9242371916770935,pipeline_imagen_a_imagen
pilot_Mandibular_anonymous-mandibularView-1727771992745.jpg,1,"(np.float32(171.18628), np.float32(276.70596), np.float32(434.92487), np.float32(491.2508))",0.9013160467147827,pipeline_imagen_a_imagen
pilot_Mandibular_anonymous-mandibularView-1727771992745.jpg,2,"(np.float32(257.5614), np.float32(430.33926), np.float32(538.2725), np.float32(675.6119))",0.8793442249298096,pipeline_imagen_a_imagen
pilot_Mandibular_anonymous-mandibularView-1727771992745.jpg,3,"(np.float32(1374.0919), np.float32(196.65775), np.float32(1612.7361), np.float32(393.81592))",0.8446821570396423,pipeline_imagen_a_imagen
pilot_Mandibular_anonymous-mandibularView-1727865092793.jpg,0,"(np.float32(104.8987), np.float32(278.90213), np.float32(303.71805), np.float32(458.73422))",0.9253833293914795,pipeline_imagen_a_imagen
pilot_Mandibular_anonymous-mandibularView-1727865092793.jpg,1,"(np.float32(1095.0092), np.float32(249.87613), np.float32(1291.4711), np.float32(422.61545))",0.9086835980415344,pipeline_imagen_a_imagen
pilot_Mandibular_anonymous-mandibularView-1727865092793.jpg,2,"(np.float32(1036.9053), np.float32(401.29227), np.float32(1247.31), np.float32(590.23285))",0.8614059686660767,pipeline_imagen_a_imagen
pilot_Mandibular_anonymous-mandibularView-1727865092793.jpg,3,"(np.float32(123.060356), np.float32(437.32626), np.float32(335.95923), np.float32(612.20886))",0.7797603011131287,pipeline_imagen_a_imagen
pilot_Mandibular_anonymous-mandibularView-1727871833598.jpg,0,"(np.float32(171.53569), np.float32(96.37937), np.float32(370.4384), np.float32(289.564))",0.9151526093482971,pipeline_imagen_a_imagen
pilot_Mandibular_anonymous-mandibularView-1727871833598.jpg,1,"(np.float32(1051.4586), np.float32(221.56003), np.float32(1265.0697), np.float32(412.5496))",0.903956413269043,pipeline_imagen_a_imagen
pilot_Mandibular_anonymous-mandibularView-1727871833598.jpg,2,"(np.float32(208.84822), np.float32(264.90662), np.float32(414.5497), np.float32(469.83713))",0.8875667452812195,pipeline_imagen_a_imagen
pilot_Mandibular_anonymous-mandibularView-1727871833598.jpg,3,"(np.float32(1110.7273), np.float32(63.385773), np.float32(1308.0242), np.float32(240.83278))",0.6620792746543884,pipeline_imagen_a_imagen
pilot_Maxillary_Occlusal_anonymous-maxillaryView-1726815145023.jpg,0,"(np.float32(1336.7356), np.float32(1081.0413), np.float32(1662.3625), np.float32(1268.136))",0.8875210285186768,pipeline_imagen_a_imagen
pilot_Maxillary_Occlusal_anonymous-maxillaryView-1726815145023.jpg,1,"(np.float32(1377.1177), np.float32(921.8608), np.float32(1644.8933), np.float32(1105.982))",0.8768297433853149,pipeline_imagen_a_imagen
pilot_Maxillary_Occlusal_anonymous-maxillaryView-1726815145023.jpg,2,"(np.float32(14.017071), np.float32(1062.411), np.float32(349.42377), np.float32(1299.1858))",0.8719801902770996,pipeline_imagen_a_imagen
pilot_Maxillary_Occlusal_anonymous-maxillaryView-1727096513467.jpg,0,"(np.float32(264.4295), np.float32(721.8254), np.float32(701.18317), np.float32(1114.302))",0.6318299770355225,pipeline_imagen_a_imagen
pilot_Maxillary_Occlusal_anonymous-maxillaryView-1727678882524.jpg,0,"(np.float32(34.93648), np.float32(1306.8411), np.float32(463.95505), np.float32(1564.4673))",0.8837924599647522,pipeline_imagen_a_imagen
pilot_Maxillary_Occlusal_anonymous-maxillaryView-1727678882524.jpg,1,"(np.float32(202.47102), np.float32(874.3154), np.float32(608.4724), np.float32(1109.9111))",0.8474116325378418,pipeline_imagen_a_imagen
pilot_Maxillary_Occlusal_anonymous-maxillaryView-1727678882524.jpg,2,"(np.float32(1806.8578), np.float32(1208.2687), np.float32(2188.6267), np.float32(1439.8527))",0.8468175530433655,pipeline_imagen_a_imagen
pilot_Maxillary_Occlusal_anonymous-maxillaryView-1727678882524.jpg,3,"(np.float32(1829.8333), np.float32(828.85284), np.float32(2196.1533), np.float32(1031.1237))",0.649493932723999,pipeline_imagen_a_imagen
pilot_Maxillary_Occlusal_anonymous-maxillaryView-1727768058789.jpg,0,"(np.float32(57.96138), np.float32(863.3713), np.float32(393.849), np.float32(1091.5552))",0.8958466649055481,pipeline_imagen_a_imagen
pilot_Maxillary_Occlusal_anonymous-maxillaryView-1727768058789.jpg,1,"(np.float32(178.52217), np.float32(480.29984), np.float32(517.03705), np.float32(689.18976))",0.8755757212638855,pipeline_imagen_a_imagen
pilot_Maxillary_Occlusal_anonymous-maxillaryView-1727768058789.jpg,2,"(np.float32(1586.4877), np.float32(655.1414), np.float32(1935.2609), np.float32(948.07306))",0.8714644908905029,pipeline_imagen_a_imagen
pilot_Maxillary_Occlusal_anonymous-maxillaryView-1727768058789.jpg,3,"(np.float32(1545.5171), np.float32(495.30093), np.float32(1854.4436), np.float32(722.2004))",0.6690486669540405,pipeline_imagen_a_imagen
pilot_Maxillary_Occlusal_anonymous-maxillaryView-1727768058789.jpg,4,"(np.float32(92.9058), np.float32(621.8587), np.float32(474.9674), np.float32(935.73615))",0.29171431064605713,pipeline_imagen_a_imagen
pilot_Maxillary_Occlusal_anonymous-maxillaryView-1727768058789.jpg,5,"(np.float32(1653.3203), np.float32(890.542), np.float32(1981.2689), np.float32(1085.1874))",0.29081907868385315,pipeline_imagen_a_imagen
retractors_Left_Lateral_anonymous_003_008_517_01_1728729948616_Left_Lateral_View.jpg,0,"(np.float32(734.1187), np.float32(321.921), np.float32(861.4675), np.float32(410.29205))",0.8798476457595825,pipeline_imagen_a_imagen
retractors_Left_Lateral_anonymous_003_103_351_01_1728045002443_Left_Lateral_View.jpg,0,"(np.float32(849.2987), np.float32(442.1271), np.float32(1001.53876), np.float32(548.76764))",0.7655134201049805,pipeline_imagen_a_imagen
retractors_Left_Lateral_anonymous_004-008-1463-01_1734099079076_Left_Lateral_View.jpg,0,"(np.float32(766.0225), np.float32(323.04602), np.float32(918.6925), np.float32(435.0985))",0.8830482959747314,pipeline_imagen_a_imagen
retractors_Mandibular_anonymous_003-007-1254-01_1733114052105_Mandibular_View.jpg,0,"(np.float32(1772.3423), np.float32(348.28876), np.float32(2171.0718), np.float32(734.53516))",0.9204891324043274,pipeline_imagen_a_imagen
retractors_Mandibular_anonymous_003-007-1254-01_1733114052105_Mandibular_View.jpg,1,"(np.float32(180.838), np.float32(402.59204), np.float32(544.41754), np.float32(731.576))",0.8908040523529053,pipeline_imagen_a_imagen
retractors_Mandibular_anonymous_003-007-1254-01_1733114052105_Mandibular_View.jpg,2,"(np.float32(158.7298), np.float32(139.18442), np.float32(453.5143), np.float32(441.59824))",0.8541600108146667,pipeline_imagen_a_imagen
retractors_Mandibular_anonymous_003-007-600-01_1729052481058_Mandibular_View.jpg,0,"(np.float32(1829.2806), np.float32(404.32632), np.float32(2206.691), np.float32(757.466))",0.9284229874610901,pipeline_imagen_a_imagen
retractors_Mandibular_anonymous_003-007-600-01_1729052481058_Mandibular_View.jpg,1,"(np.float32(207.28941), np.float32(30.970375), np.float32(570.0276), np.float32(358.54608))",0.9126839637756348,pipeline_imagen_a_imagen
retractors_Mandibular_anonymous_003-007-600-01_1729052481058_Mandibular_View.jpg,2,"(np.float32(1939.0353), np.float32(129.63416), np.float32(2264.3162), np.float32(449.57306))",0.9108529090881348,pipeline_imagen_a_imagen
retractors_Mandibular_anonymous_003-007-600-01_1729052481058_Mandibular_View.jpg,3,"(np.float32(241.8513), np.float32(332.8851), np.float32(623.5117), np.float32(563.43286))",0.8400178551673889,pipeline_imagen_a_imagen
retractors_Mandibular_anonymous_003-007-610-01_1729062730067_Mandibular_View.jpg,0,"(np.float32(165.52557), np.float32(384.38223), np.float32(597.448), np.float32(770.4679))",0.9267424941062927,pipeline_imagen_a_imagen
retractors_Mandibular_anonymous_003-007-610-01_1729062730067_Mandibular_View.jpg,1,"(np.float32(2034.1388), np.float32(130.28735), np.float32(2384.4531), np.float32(465.02423))",0.922592043876648,pipeline_imagen_a_imagen
retractors_Mandibular_anonymous_003-007-610-01_1729062730067_Mandibular_View.jpg,2,"(np.float32(1964.7428), np.float32(414.42316), np.float32(2378.6797), np.float32(809.50385))",0.9221147894859314,pipeline_imagen_a_imagen
retractors_Mandibular_anonymous_003-007-610-01_1729062730067_Mandibular_View.jpg,3,"(np.float32(146.75084), np.float32(77.57043), np.float32(528.28015), np.float32(412.9301))",0.5497508645057678,pipeline_imagen_a_imagen
retractors_Mandibular_anonymous_003-007-610-01_1729062730067_Mandibular_View.jpg,4,"(np.float32(1912.8857), np.float32(732.1642), np.float32(2253.623), np.float32(1004.6839))",0.3739136755466461,pipeline_imagen_a_imagen
retractors_Mandibular_anonymous_003-007-629-01_1729140899689_Mandibular_View.jpg,0,"(np.float32(1649.8082), np.float32(186.27917), np.float32(2001.6276), np.float32(498.12308))",0.887052595615387,pipeline_imagen_a_imagen
retractors_Mandibular_anonymous_003-007-629-01_1729140899689_Mandibular_View.jpg,1,"(np.float32(1613.4014), np.float32(419.70102), np.float32(1948.283), np.float32(734.0542))",0.5007851123809814,pipeline_imagen_a_imagen
retractors_Mandibular_anonymous_003-007-629-01_1729140899689_Mandibular_View.jpg,2,"(np.float32(44.51599), np.float32(186.08167), np.float32(451.28244), np.float32(548.69464))",0.3790786862373352,pipeline_imagen_a_imagen
retractors_Mandibular_anonymous_003-007-672-01_1729239360521_Mandibular_View.jpg,0,"(np.float32(31.790993), np.float32(39.28116), np.float32(333.40396), np.float32(350.93704))",0.9236057996749878,pipeline_imagen_a_imagen
retractors_Mandibular_anonymous_003-007-672-01_1729239360521_Mandibular_View.jpg,1,"(np.float32(54.8331), np.float32(335.8144), np.float32(458.63284), np.float32(726.2398))",0.9177528619766235,pipeline_imagen_a_imagen
retractors_Mandibular_anonymous_003-007-672-01_1729239360521_Mandibular_View.jpg,2,"(np.float32(1729.9788), np.float32(737.8938), np.float32(2005.1703), np.float32(1013.11487))",0.9049025774002075,pipeline_imagen_a_imagen
retractors_Mandibular_anonymous_003-007-672-01_1729239360521_Mandibular_View.jpg,3,"(np.float32(1788.9458), np.float32(105.18836), np.float32(2044.305), np.float32(403.7353))",0.9008083939552307,pipeline_imagen_a_imagen
retractors_Mandibular_anonymous_003-007-672-01_1729239360521_Mandibular_View.jpg,4,"(np.float32(1677.805), np.float32(390.10617), np.float32(2037.2289), np.float32(761.17267))",0.8833649158477783,pipeline_imagen_a_imagen
retractors_Mandibular_anonymous_003-007-676-01_1729246273597_Mandibular_View.jpg,0,"(np.float32(86.768524), np.float32(273.14044), np.float32(315.50034), np.float32(480.05444))",0.784726619720459,pipeline_imagen_a_imagen
retractors_Mandibular_anonymous_003-007-676-01_1729246273597_Mandibular_View.jpg,1,"(np.float32(970.88245), np.float32(333.15015), np.float32(1187.3196), np.float32(534.43744))",0.324311763048172,pipeline_imagen_a_imagen
retractors_Mandibular_anonymous_003-007-676-01_1729246273597_Mandibular_View.jpg,2,"(np.float32(36.849365), np.float32(112.88112), np.float32(247.33884), np.float32(304.70346))",0.31327757239341736,pipeline_imagen_a_imagen
retractors_Mandibular_anonymous_003-007-756-01_1729668519608_Mandibular_View.jpg,0,"(np.float32(2188.8794), np.float32(482.56696), np.float32(2654.3472), np.float32(924.37854))",0.9271838665008545,pipeline_imagen_a_imagen
retractors_Mandibular_anonymous_003-007-756-01_1729668519608_Mandibular_View.jpg,1,"(np.float32(309.80286), np.float32(642.02075), np.float32(754.40924), np.float32(1066.3926))",0.9220340847969055,pipeline_imagen_a_imagen
retractors_Mandibular_anonymous_003-007-756-01_1729668519608_Mandibular_View.jpg,2,"(np.float32(2255.3967), np.float32(97.233475), np.float32(2704.0889), np.float32(511.13562))",0.9190430641174316,pipeline_imagen_a_imagen
retractors_Mandibular_anonymous_003-007-756-01_1729668519608_Mandibular_View.jpg,3,"(np.float32(215.0972), np.float32(309.92825), np.float32(631.1177), np.float32(690.7765))",0.8748988509178162,pipeline_imagen_a_imagen
retractors_Mandibular_anonymous_003-007-787-01_1729839045536_Mandibular_View.jpg,0,"(np.float32(268.2367), np.float32(418.90915), np.float32(616.484), np.float32(760.5327))",0.9304326772689819,pipeline_imagen_a_imagen
retractors_Mandibular_anonymous_003-007-787-01_1729839045536_Mandibular_View.jpg,1,"(np.float32(1678.6464), np.float32(365.38397), np.float32(2056.541), np.float32(721.17645))",0.9292297959327698,pipeline_imagen_a_imagen
retractors_Mandibular_anonymous_003-007-787-01_1729839045536_Mandibular_View.jpg,2,"(np.float32(211.58035), np.float32(147.04456), np.float32(530.10614), np.float32(464.67618))",0.923450231552124,pipeline_imagen_a_imagen
retractors_Mandibular_anonymous_003-007-787-01_1729839045536_Mandibular_View.jpg,3,"(np.float32(1749.6948), np.float32(91.88045), np.float32(2075.4958), np.float32(403.0122))",0.9077785015106201,pipeline_imagen_a_imagen
retractors_Mandibular_anonymous_003-007-787-01_1729839045536_Mandibular_View.jpg,4,"(np.float32(338.6348), np.float32(709.1339), np.float32(614.4434), np.float32(948.55426))",0.8841889500617981,pipeline_imagen_a_imagen
retractors_Mandibular_anonymous_003-007-787-01_1729839045536_Mandibular_View.jpg,5,"(np.float32(1659.8473), np.float32(656.20764), np.float32(1964.7657), np.float32(921.9598))",0.8594264388084412,pipeline_imagen_a_imagen
retractors_Mandibular_anonymous_003-007-787-01_1729839045536_Mandibular_View.jpg,6,"(np.float32(1588.419), np.float32(851.5042), np.float32(1881.2064), np.float32(1150.8829))",0.7671860456466675,pipeline_imagen_a_imagen
retractors_Mandibular_anonymous_003-007-807-01_1729920527022_Mandibular_View.jpg,0,"(np.float32(1630.5951), np.float32(330.21677), np.float32(1950.1965), np.float32(676.86505))",0.9217798709869385,pipeline_imagen_a_imagen
retractors_Mandibular_anonymous_003-007-807-01_1729920527022_Mandibular_View.jpg,1,"(np.float32(253.97873), np.float32(453.18848), np.float32(496.47327), np.float32(770.8519))",0.9111509919166565,pipeline_imagen_a_imagen
retractors_Mandibular_anonymous_003-007-807-01_1729920527022_Mandibular_View.jpg,2,"(np.float32(1705.4471), np.float32(54.71741), np.float32(1982.7957), np.float32(345.58658))",0.9060997366905212,pipeline_imagen_a_imagen
retractors_Mandibular_anonymous_003-007-807-01_1729920527022_Mandibular_View.jpg,3,"(np.float32(214.01697), np.float32(188.9599), np.float32(439.79547), np.float32(462.32553))",0.7363170981407166,pipeline_imagen_a_imagen
retractors_Mandibular_anonymous_003-007-845-01_1730180726544_Mandibular_View.jpg,0,"(np.float32(2134.0833), np.float32(836.3779), np.float32(2660.233), np.float32(1377.5215))",0.901685357093811,pipeline_imagen_a_imagen
retractors_Mandibular_anonymous_003-007-845-01_1730180726544_Mandibular_View.jpg,1,"(np.float32(287.2339), np.float32(692.12994), np.float32(796.7231), np.float32(1180.543))",0.8087998032569885,pipeline_imagen_a_imagen
retractors_Mandibular_anonymous_003-007-845-01_1730180726544_Mandibular_View.jpg,2,"(np.float32(2245.6467), np.float32(460.3712), np.float32(2802.2551), np.float32(947.0378))",0.7169725894927979,pipeline_imagen_a_imagen
retractors_Mandibular_anonymous_003-007-867-01_1730261098640_Mandibular_View.jpg,0,"(np.float32(69.184105), np.float32(524.59937), np.float32(451.621), np.float32(907.1409))",0.8879542946815491,pipeline_imagen_a_imagen
retractors_Mandibular_anonymous_003-007-867-01_1730261098640_Mandibular_View.jpg,1,"(np.float32(1787.4205), np.float32(404.86935), np.float32(2168.527), np.float32(788.0035))",0.39786210656166077,pipeline_imagen_a_imagen
retractors_Mandibular_anonymous_003-007-896-01_1730347046750_Mandibular_View.jpg,0,"(np.float32(1945.4995), np.float32(104.09095), np.float32(2368.1277), np.float32(477.0902))",0.8729954361915588,pipeline_imagen_a_imagen
retractors_Mandibular_anonymous_003-007-896-01_1730347046750_Mandibular_View.jpg,1,"(np.float32(1808.0609), np.float32(746.4223), np.float32(2219.5972), np.float32(1147.5563))",0.7922154068946838,pipeline_imagen_a_imagen
retractors_Mandibular_anonymous_003-007-896-01_1730347046750_Mandibular_View.jpg,2,"(np.float32(1873.9076), np.float32(438.19058), np.float32(2326.043), np.float32(828.78015))",0.691447913646698,pipeline_imagen_a_imagen
retractors_Mandibular_anonymous_003-007-922-01_1730698705895_Mandibular_View.jpg,0,"(np.float32(1846.8302), np.float32(558.4602), np.float32(2290.7273), np.float32(981.17206))",0.9169059991836548,pipeline_imagen_a_imagen
retractors_Mandibular_anonymous_003-007-922-01_1730698705895_Mandibular_View.jpg,1,"(np.float32(1946.1941), np.float32(242.58148), np.float32(2354.6597), np.float32(592.42316))",0.8742616772651672,pipeline_imagen_a_imagen
retractors_Mandibular_anonymous_003-007-922-01_1730698705895_Mandibular_View.jpg,2,"(np.float32(55.207813), np.float32(162.03815), np.float32(446.23523), np.float32(516.9156))",0.6026429533958435,pipeline_imagen_a_imagen
retractors_Mandibular_anonymous_003-007-922-01_1730698705895_Mandibular_View.jpg,3,"(np.float32(1775.7432), np.float32(866.7478), np.float32(2120.891), np.float32(1158.7784))",0.4054698646068573,pipeline_imagen_a_imagen
retractors_Mandibular_anonymous_003-007-954-01_1730796195637_Mandibular_View.jpg,0,"(np.float32(1532.1117), np.float32(465.34824), np.float32(1918.3329), np.float32(854.4307))",0.9317222237586975,pipeline_imagen_a_imagen
retractors_Mandibular_anonymous_003-007-954-01_1730796195637_Mandibular_View.jpg,1,"(np.float32(81.50338), np.float32(441.52997), np.float32(435.10507), np.float32(784.62994))",0.9255563616752625,pipeline_imagen_a_imagen
retractors_Mandibular_anonymous_003-007-954-01_1730796195637_Mandibular_View.jpg,2,"(np.float32(165.72867), np.float32(742.2225), np.float32(450.76138), np.float32(1057.9999))",0.912986159324646,pipeline_imagen_a_imagen
retractors_Mandibular_anonymous_003-007-954-01_1730796195637_Mandibular_View.jpg,3,"(np.float32(1464.9962), np.float32(771.30396), np.float32(1778.4176), np.float32(1091.45))",0.891687273979187,pipeline_imagen_a_imagen
retractors_Mandibular_anonymous_003-007-954-01_1730796195637_Mandibular_View.jpg,4,"(np.float32(1596.2639), np.float32(143.31221), np.float32(1991.4858), np.float32(511.86328))",0.7628797888755798,pipeline_imagen_a_imagen
retractors_Mandibular_anonymous_003-007-954-01_1730796195637_Mandibular_View.jpg,5,"(np.float32(9.364651), np.float32(136.48538), np.float32(378.96436), np.float32(491.32556))",0.5341666340827942,pipeline_imagen_a_imagen
retractors_Mandibular_anonymous_003-007-963-01_1730871948653_Mandibular_View.jpg,0,"(np.float32(191.90353), np.float32(143.77354), np.float32(559.2335), np.float32(593.85724))",0.9228482246398926,pipeline_imagen_a_imagen
retractors_Mandibular_anonymous_003-007-963-01_1730871948653_Mandibular_View.jpg,1,"(np.float32(251.60248), np.float32(534.1475), np.float32(775.7817), np.float32(1058.029))",0.9208919405937195,pipeline_imagen_a_imagen
retractors_Mandibular_anonymous_003-007-965-01_1730877244468_Mandibular_View.jpg,0,"(np.float32(19.879776), np.float32(178.67043), np.float32(324.83472), np.float32(518.76825))",0.9106684923171997,pipeline_imagen_a_imagen
retractors_Mandibular_anonymous_003-007-965-01_1730877244468_Mandibular_View.jpg,1,"(np.float32(151.08888), np.float32(847.7034), np.float32(445.94434), np.float32(1118.4569))",0.905392587184906,pipeline_imagen_a_imagen
retractors_Mandibular_anonymous_003-007-965-01_1730877244468_Mandibular_View.jpg,2,"(np.float32(43.208378), np.float32(505.3434), np.float32(392.16086), np.float32(902.3543))",0.8942255973815918,pipeline_imagen_a_imagen
retractors_Mandibular_anonymous_003-007-965-01_1730877244468_Mandibular_View.jpg,3,"(np.float32(1676.2927), np.float32(847.6631), np.float32(2012.5117), np.float32(1128.816))",0.41807904839515686,pipeline_imagen_a_imagen
retractors_Mandibular_anonymous_003-008-1162-01_1732627243635_Mandibular_View.jpg,0,"(np.float32(47.74635), np.float32(286.82697), np.float32(276.5927), np.float32(502.54642))",0.925233781337738,pipeline_imagen_a_imagen
retractors_Mandibular_anonymous_003-008-1162-01_1732627243635_Mandibular_View.jpg,1,"(np.float32(1064.0621), np.float32(342.32056), np.float32(1255.5399), np.float32(545.145))",0.9103289246559143,pipeline_imagen_a_imagen
retractors_Mandibular_anonymous_003-008-1250-01_1732969020581_Mandibular_View.jpg,0,"(np.float32(1083.5365), np.float32(291.8339), np.float32(1327.108), np.float32(530.6513))",0.8690527081489563,pipeline_imagen_a_imagen
retractors_Mandibular_anonymous_003-008-1250-01_1732969020581_Mandibular_View.jpg,1,"(np.float32(1036.3695), np.float32(478.5543), np.float32(1247.3425), np.float32(689.4106))",0.3023679554462433,pipeline_imagen_a_imagen
retractors_Mandibular_anonymous_003-008-1250-01_1732969020581_Mandibular_View.jpg,2,"(np.float32(158.76596), np.float32(439.02985), np.float32(378.31595), np.float32(646.62366))",0.3003998100757599,pipeline_imagen_a_imagen
retractors_Mandibular_anonymous_003-008-1411-01_1733912476033_Mandibular_View.jpg,0,"(np.float32(73.699745), np.float32(254.73929), np.float32(307.19623), np.float32(477.1355))",0.9323157668113708,pipeline_imagen_a_imagen
retractors_Mandibular_anonymous_003-008-1411-01_1733912476033_Mandibular_View.jpg,1,"(np.float32(938.8837), np.float32(270.53876), np.float32(1150.2223), np.float32(498.69992))",0.9254108667373657,pipeline_imagen_a_imagen
retractors_Mandibular_anonymous_003-008-1411-01_1733912476033_Mandibular_View.jpg,2,"(np.float32(37.694736), np.float32(83.9285), np.float32(251.37663), np.float32(278.8405))",0.9201322197914124,pipeline_imagen_a_imagen
retractors_Mandibular_anonymous_003-008-1411-01_1733912476033_Mandibular_View.jpg,3,"(np.float32(998.6736), np.float32(97.24324), np.float32(1181.7241), np.float32(291.36313))",0.9134208559989929,pipeline_imagen_a_imagen
retractors_Mandibular_anonymous_003-008-1411-01_1733912476033_Mandibular_View.jpg,4,"(np.float32(155.3611), np.float32(427.4008), np.float32(338.15762), np.float32(598.5608))",0.9107472896575928,pipeline_imagen_a_imagen
retractors_Mandibular_anonymous_003-008-1435-01_1734001618377_Mandibular_View.jpg,0,"(np.float32(900.90405), np.float32(78.187584), np.float32(1090.2277), np.float32(261.14053))",0.922249972820282,pipeline_imagen_a_imagen
retractors_Mandibular_anonymous_003-008-1435-01_1734001618377_Mandibular_View.jpg,1,"(np.float32(84.709595), np.float32(112.10237), np.float32(273.54227), np.float32(292.63293))",0.9188328981399536,pipeline_imagen_a_imagen
retractors_Mandibular_anonymous_003-008-1435-01_1734001618377_Mandibular_View.jpg,2,"(np.float32(854.2009), np.float32(226.5558), np.float32(1024.5947), np.float32(402.3871))",0.9125025868415833,pipeline_imagen_a_imagen
retractors_Mandibular_anonymous_003-008-596-01_1729002084186_Mandibular_View.jpg,0,"(np.float32(1088.8304), np.float32(199.63077), np.float32(1292.1373), np.float32(372.9379))",0.9092646241188049,pipeline_imagen_a_imagen
retractors_Mandibular_anonymous_003-008-596-01_1729002084186_Mandibular_View.jpg,1,"(np.float32(1015.33905), np.float32(337.99484), np.float32(1253.9822), np.float32(560.0451))",0.8948636054992676,pipeline_imagen_a_imagen
retractors_Mandibular_anonymous_003-008-596-01_1729002084186_Mandibular_View.jpg,2,"(np.float32(985.1372), np.float32(503.3614), np.float32(1175.0087), np.float32(691.0791))",0.808887243270874,pipeline_imagen_a_imagen
retractors_Mandibular_anonymous_003-008-596-01_1729002084186_Mandibular_View.jpg,3,"(np.float32(42.861347), np.float32(311.0722), np.float32(296.18692), np.float32(525.9746))",0.6903767585754395,pipeline_imagen_a_imagen
retractors_Mandibular_anonymous_003-008-596-01_1729002084186_Mandibular_View.jpg,4,"(np.float32(16.241873), np.float32(155.54297), np.float32(248.48341), np.float32(336.76996))",0.33024314045906067,pipeline_imagen_a_imagen
retractors_Mandibular_anonymous_003-008-624-01_1729089681358_Mandibular_View.jpg,0,"(np.float32(126.11656), np.float32(126.69827), np.float32(357.18665), np.float32(342.95554))",0.9313761591911316,pipeline_imagen_a_imagen
retractors_Mandibular_anonymous_003-008-624-01_1729089681358_Mandibular_View.jpg,1,"(np.float32(1236.5779), np.float32(95.51691), np.float32(1450.4484), np.float32(305.94403))",0.931195855140686,pipeline_imagen_a_imagen
retractors_Mandibular_anonymous_003-008-624-01_1729089681358_Mandibular_View.jpg,2,"(np.float32(1182.9054), np.float32(289.02133), np.float32(1423.2792), np.float32(517.6988))",0.9305921792984009,pipeline_imagen_a_imagen
retractors_Mandibular_anonymous_003-008-624-01_1729089681358_Mandibular_View.jpg,3,"(np.float32(158.06332), np.float32(321.318), np.float32(411.50543), np.float32(561.96564))",0.9213222861289978,pipeline_imagen_a_imagen
retractors_Mandibular_anonymous_003-008-624-01_1729089681358_Mandibular_View.jpg,4,"(np.float32(1157.4906), np.float32(483.43988), np.float32(1353.1654), np.float32(645.82623))",0.9039899110794067,pipeline_imagen_a_imagen
retractors_Mandibular_anonymous_003-008-624-01_1729089681358_Mandibular_View.jpg,5,"(np.float32(234.53244), np.float32(518.6379), np.float32(435.93314), np.float32(701.8253))",0.8841858506202698,pipeline_imagen_a_imagen
retractors_Mandibular_anonymous_003-008-626-01_1729138704180_Mandibular_View.jpg,0,"(np.float32(110.762184), np.float32(415.64142), np.float32(496.39685), np.float32(798.51276))",0.9062125086784363,pipeline_imagen_a_imagen
retractors_Mandibular_anonymous_003-008-626-01_1729138704180_Mandibular_View.jpg,1,"(np.float32(1972.5443), np.float32(460.4533), np.float32(2403.623), np.float32(884.50366))",0.8809469938278198,pipeline_imagen_a_imagen
retractors_Mandibular_anonymous_003-008-626-01_1729138704180_Mandibular_View.jpg,2,"(np.float32(2092.108), np.float32(151.93185), np.float32(2448.7988), np.float32(526.74817))",0.8775614500045776,pipeline_imagen_a_imagen
retractors_Mandibular_anonymous_003-008-626-01_1729138704180_Mandibular_View.jpg,3,"(np.float32(78.75429), np.float32(137.99345), np.float32(387.79135), np.float32(471.73535))",0.6348419785499573,pipeline_imagen_a_imagen
retractors_Mandibular_anonymous_003-008-626-01_1729138704180_Mandibular_View.jpg,4,"(np.float32(1887.9225), np.float32(761.22156), np.float32(2234.4697), np.float32(1077.8008))",0.31516921520233154,pipeline_imagen_a_imagen
retractors_Mandibular_anonymous_003-008-678-01_1729248899061_Mandibular_View.jpg,0,"(np.float32(26.313889), np.float32(139.71356), np.float32(189.18436), np.float32(293.82788))",0.9194462895393372,pipeline_imagen_a_imagen
retractors_Mandibular_anonymous_003-008-678-01_1729248899061_Mandibular_View.jpg,1,"(np.float32(41.668037), np.float32(277.30292), np.float32(218.19391), np.float32(442.13882))",0.8439368009567261,pipeline_imagen_a_imagen
retractors_Mandibular_anonymous_003-008-678-01_1729248899061_Mandibular_View.jpg,2,"(np.float32(883.5536), np.float32(211.20262), np.float32(1055.8534), np.float32(370.90085))",0.8057535290718079,pipeline_imagen_a_imagen
retractors_Mandibular_anonymous_003-008-678-01_1729248899061_Mandibular_View.jpg,3,"(np.float32(848.4786), np.float32(330.1768), np.float32(1021.1568), np.float32(500.72635))",0.643906831741333,pipeline_imagen_a_imagen
retractors_Mandibular_anonymous_003-008-678-01_1729248899061_Mandibular_View.jpg,4,"(np.float32(98.04513), np.float32(404.2104), np.float32(269.38626), np.float32(543.6724))",0.26061055064201355,pipeline_imagen_a_imagen
retractors_Mandibular_anonymous_003-008-680-01_1729252793946_Mandibular_View.jpg,0,"(np.float32(1051.3125), np.float32(267.1315), np.float32(1285.1547), np.float32(482.32602))",0.9251940846443176,pipeline_imagen_a_imagen
retractors_Mandibular_anonymous_003-008-680-01_1729252793946_Mandibular_View.jpg,1,"(np.float32(77.335396), np.float32(323.05536), np.float32(317.2746), np.float32(540.65875))",0.9227538108825684,pipeline_imagen_a_imagen
retractors_Mandibular_anonymous_003-008-680-01_1729252793946_Mandibular_View.jpg,2,"(np.float32(1062.9739), np.float32(86.58343), np.float32(1277.9795), np.float32(277.01877))",0.705054759979248,pipeline_imagen_a_imagen
retractors_Mandibular_anonymous_003-008-680-01_1729252793946_Mandibular_View.jpg,3,"(np.float32(24.992287), np.float32(153.41112), np.float32(229.6242), np.float32(355.14246))",0.6298873424530029,pipeline_imagen_a_imagen
retractors_Mandibular_anonymous_003-008-680-01_1729252793946_Mandibular_View.jpg,4,"(np.float32(1033.4261), np.float32(459.60352), np.float32(1235.6854), np.float32(636.7665))",0.28031960129737854,pipeline_imagen_a_imagen
retractors_Mandibular_anonymous_003-008-680-01_1729252793946_Mandibular_View.jpg,5,"(np.float32(164.12866), np.float32(501.37173), np.float32(360.9328), np.float32(673.67505))",0.2629390358924866,pipeline_imagen_a_imagen
retractors_Mandibular_anonymous_003-008-684-01_1729257374840_Mandibular_View.jpg,0,"(np.float32(136.19547), np.float32(190.1149), np.float32(353.95114), np.float32(367.97638))",0.9110852479934692,pipeline_imagen_a_imagen
retractors_Mandibular_anonymous_003-008-684-01_1729257374840_Mandibular_View.jpg,1,"(np.float32(139.30014), np.float32(346.36005), np.float32(376.56696), np.float32(547.5729))",0.5113000273704529,pipeline_imagen_a_imagen
retractors_Mandibular_anonymous_003-008-684-01_1729257374840_Mandibular_View.jpg,2,"(np.float32(990.35767), np.float32(375.0418), np.float32(1210.4537), np.float32(570.09735))",0.317771852016449,pipeline_imagen_a_imagen
retractors_Mandibular_anonymous_003-008-740-01_1729594985183_Mandibular_View.jpg,0,"(np.float32(18.531528), np.float32(99.58177), np.float32(178.13083), np.float32(244.43974))",0.9108375310897827,pipeline_imagen_a_imagen
retractors_Mandibular_anonymous_003-008-740-01_1729594985183_Mandibular_View.jpg,1,"(np.float32(783.8946), np.float32(133.24214), np.float32(940.0), np.float32(294.57532))",0.8652952313423157,pipeline_imagen_a_imagen
retractors_Mandibular_anonymous_003-008-740-01_1729594985183_Mandibular_View.jpg,2,"(np.float32(749.81683), np.float32(253.61908), np.float32(922.10815), np.float32(425.97913))",0.8547818660736084,pipeline_imagen_a_imagen
retractors_Mandibular_anonymous_003-008-740-01_1729594985183_Mandibular_View.jpg,3,"(np.float32(35.381134), np.float32(230.87296), np.float32(209.55046), np.float32(381.1715))",0.7987186908721924,pipeline_imagen_a_imagen
retractors_Mandibular_anonymous_003-008-746-01_1729603652462_Mandibular_View.jpg,0,"(np.float32(843.2724), np.float32(85.44568), np.float32(1014.16095), np.float32(237.22708))",0.44775527715682983,pipeline_imagen_a_imagen
retractors_Mandibular_anonymous_003-008-746-01_1729603652462_Mandibular_View.jpg,1,"(np.float32(45.3154), np.float32(273.0385), np.float32(254.783), np.float32(461.66962))",0.39835041761398315,pipeline_imagen_a_imagen
retractors_Mandibular_anonymous_003-008-790-01_1729849195168_Mandibular_View.jpg,0,"(np.float32(52.686142), np.float32(393.2634), np.float32(339.51224), np.float32(630.88104))",0.9267179369926453,pipeline_imagen_a_imagen
retractors_Mandibular_anonymous_003-008-790-01_1729849195168_Mandibular_View.jpg,1,"(np.float32(1142.5125), np.float32(414.23062), np.float32(1407.8684), np.float32(658.85114))",0.9194048047065735,pipeline_imagen_a_imagen
retractors_Mandibular_anonymous_003-008-790-01_1729849195168_Mandibular_View.jpg,2,"(np.float32(26.728895), np.float32(181.95276), np.float32(293.2004), np.float32(417.57037))",0.9192302823066711,pipeline_imagen_a_imagen
retractors_Mandibular_anonymous_003-008-790-01_1729849195168_Mandibular_View.jpg,3,"(np.float32(1207.0106), np.float32(214.69888), np.float32(1444.9104), np.float32(432.43057))",0.8761683106422424,pipeline_imagen_a_imagen
retractors_Mandibular_anonymous_003-008-892-01_1730293561502_Mandibular_View.jpg,0,"(np.float32(77.01581), np.float32(354.78632), np.float32(336.29855), np.float32(571.265))",0.9217259883880615,pipeline_imagen_a_imagen
retractors_Mandibular_anonymous_003-008-892-01_1730293561502_Mandibular_View.jpg,1,"(np.float32(1091.5889), np.float32(381.66592), np.float32(1331.6179), np.float32(585.19714))",0.8929674625396729,pipeline_imagen_a_imagen
retractors_Mandibular_anonymous_003-008-912-01_1730374226278_Mandibular_View.jpg,0,"(np.float32(66.79076), np.float32(238.56741), np.float32(306.36377), np.float32(452.73483))",0.9346922636032104,pipeline_imagen_a_imagen
retractors_Mandibular_anonymous_003-008-912-01_1730374226278_Mandibular_View.jpg,1,"(np.float32(1225.8671), np.float32(279.93274), np.float32(1446.806), np.float32(510.39386))",0.9311773777008057,pipeline_imagen_a_imagen
retractors_Mandibular_anonymous_003-008-912-01_1730374226278_Mandibular_View.jpg,2,"(np.float32(64.99581), np.float32(87.89579), np.float32(255.88101), np.float32(261.9126))",0.897321879863739,pipeline_imagen_a_imagen
retractors_Mandibular_anonymous_003-008-912-01_1730374226278_Mandibular_View.jpg,3,"(np.float32(1289.4949), np.float32(134.33272), np.float32(1480.937), np.float32(321.4295))",0.7864789962768555,pipeline_imagen_a_imagen
retractors_Mandibular_anonymous_003-008-912-01_1730374226278_Mandibular_View.jpg,4,"(np.float32(1187.694), np.float32(445.6266), np.float32(1345.735), np.float32(612.3136))",0.3274777829647064,pipeline_imagen_a_imagen
retractors_Mandibular_anonymous_003-008-936-01_1730726791401_Mandibular_View.jpg,0,"(np.float32(103.96921), np.float32(176.17993), np.float32(336.3593), np.float32(370.06552))",0.863471269607544,pipeline_imagen_a_imagen
retractors_Mandibular_anonymous_003-008-936-01_1730726791401_Mandibular_View.jpg,1,"(np.float32(1132.4669), np.float32(22.280266), np.float32(1328.4291), np.float32(188.80518))",0.6427189707756042,pipeline_imagen_a_imagen
retractors_Mandibular_anonymous_003-008-936-01_1730726791401_Mandibular_View.jpg,2,"(np.float32(1096.8667), np.float32(172.89445), np.float32(1309.108), np.float32(355.32944))",0.44501766562461853,pipeline_imagen_a_imagen
retractors_Mandibular_anonymous_003_007_317_01_1727937040565_Mandibular_View.jpg,0,"(np.float32(0.41788954), np.float32(362.0912), np.float32(331.42297), np.float32(682.1503))",0.9249075651168823,pipeline_imagen_a_imagen
retractors_Mandibular_anonymous_003_007_317_01_1727937040565_Mandibular_View.jpg,1,"(np.float32(1704.5488), np.float32(521.6717), np.float32(2080.9126), np.float32(832.35754))",0.8947370648384094,pipeline_imagen_a_imagen
retractors_Mandibular_anonymous_003_007_317_01_1727937040565_Mandibular_View.jpg,2,"(np.float32(1711.8939), np.float32(747.8052), np.float32(2014.3025), np.float32(984.471))",0.890332818031311,pipeline_imagen_a_imagen
retractors_Mandibular_anonymous_003_007_317_01_1727937040565_Mandibular_View.jpg,3,"(np.float32(50.591827), np.float32(587.5236), np.float32(486.53384), np.float32(953.4734))",0.7359563112258911,pipeline_imagen_a_imagen
retractors_Mandibular_anonymous_003_007_317_01_1727937040565_Mandibular_View.jpg,4,"(np.float32(1779.239), np.float32(344.30484), np.float32(2052.9602), np.float32(575.8815))",0.5913315415382385,pipeline_imagen_a_imagen
retractors_Mandibular_anonymous_003_007_335_01_1728014331472_Mandibular_View.jpg,0,"(np.float32(146.9226), np.float32(225.40665), np.float32(468.2982), np.float32(492.44662))",0.916016697883606,pipeline_imagen_a_imagen
retractors_Mandibular_anonymous_003_007_335_01_1728014331472_Mandibular_View.jpg,1,"(np.float32(1415.7861), np.float32(146.5394), np.float32(1760.3059), np.float32(417.7791))",0.5153865218162537,pipeline_imagen_a_imagen
retractors_Mandibular_anonymous_003_007_505_01_1728712510089_Mandibular_View.jpg,0,"(np.float32(79.0069), np.float32(557.4681), np.float32(442.67853), np.float32(906.4513))",0.9262773990631104,pipeline_imagen_a_imagen
retractors_Mandibular_anonymous_003_007_505_01_1728712510089_Mandibular_View.jpg,1,"(np.float32(1587.7644), np.float32(570.9546), np.float32(1919.7867), np.float32(907.7879))",0.9261425137519836,pipeline_imagen_a_imagen
retractors_Mandibular_anonymous_003_007_505_01_1728712510089_Mandibular_View.jpg,2,"(np.float32(38.907806), np.float32(289.8478), np.float32(372.30997), np.float32(592.60895))",0.8902794122695923,pipeline_imagen_a_imagen
retractors_Mandibular_anonymous_003_008_495_01_1728653519595_Mandibular_View.jpg,0,"(np.float32(54.226406), np.float32(199.67313), np.float32(303.00186), np.float32(393.67935))",0.9234650731086731,pipeline_imagen_a_imagen
retractors_Mandibular_anonymous_003_008_495_01_1728653519595_Mandibular_View.jpg,1,"(np.float32(80.83642), np.float32(368.61676), np.float32(363.9773), np.float32(600.2031))",0.9198674559593201,pipeline_imagen_a_imagen
retractors_Mandibular_anonymous_003_008_495_01_1728653519595_Mandibular_View.jpg,2,"(np.float32(1229.8347), np.float32(570.6011), np.float32(1418.5453), np.float32(729.9129))",0.9017110466957092,pipeline_imagen_a_imagen
retractors_Mandibular_anonymous_003_008_495_01_1728653519595_Mandibular_View.jpg,3,"(np.float32(1238.1327), np.float32(375.56693), np.float32(1512.473), np.float32(616.5505))",0.8971890211105347,pipeline_imagen_a_imagen
retractors_Mandibular_anonymous_003_008_495_01_1728653519595_Mandibular_View.jpg,4,"(np.float32(1322.593), np.float32(210.41345), np.float32(1565.8402), np.float32(417.04214))",0.6898617148399353,pipeline_imagen_a_imagen
retractors_Mandibular_anonymous_003_008_517_01_1728729948616_Mandibular_View.jpg,0,"(np.float32(109.054695), np.float32(237.92223), np.float32(385.5117), np.float32(500.53268))",0.9186514616012573,pipeline_imagen_a_imagen
retractors_Mandibular_anonymous_003_008_517_01_1728729948616_Mandibular_View.jpg,1,"(np.float32(1349.4254), np.float32(241.75685), np.float32(1610.6539), np.float32(473.72247))",0.917084813117981,pipeline_imagen_a_imagen
retractors_Mandibular_anonymous_003_008_517_01_1728729948616_Mandibular_View.jpg,2,"(np.float32(1259.7216), np.float32(450.1991), np.float32(1560.5859), np.float32(720.72107))",0.9030861258506775,pipeline_imagen_a_imagen
retractors_Mandibular_anonymous_003_008_517_01_1728729948616_Mandibular_View.jpg,3,"(np.float32(1238.3962), np.float32(666.0661), np.float32(1483.292), np.float32(854.78656))",0.8413693308830261,pipeline_imagen_a_imagen
retractors_Mandibular_anonymous_003_008_517_01_1728729948616_Mandibular_View.jpg,4,"(np.float32(88.82014), np.float32(455.77374), np.float32(421.8351), np.float32(711.3366))",0.8175252676010132,pipeline_imagen_a_imagen
retractors_Mandibular_anonymous_003_008_517_01_1728729948616_Mandibular_View.jpg,5,"(np.float32(176.06401), np.float32(813.92114), np.float32(398.91776), np.float32(1028.0559))",0.6445157527923584,pipeline_imagen_a_imagen
retractors_Mandibular_anonymous_003_008_517_01_1728729948616_Mandibular_View.jpg,6,"(np.float32(147.66966), np.float32(660.6779), np.float32(406.86542), np.float32(858.6449))",0.48246052861213684,pipeline_imagen_a_imagen
retractors_Mandibular_anonymous_003_008_539_01_1728816064645_Mandibular_View.jpg,0,"(np.float32(46.592064), np.float32(151.96428), np.float32(292.74542), np.float32(385.96408))",0.9300938844680786,pipeline_imagen_a_imagen
retractors_Mandibular_anonymous_003_008_539_01_1728816064645_Mandibular_View.jpg,1,"(np.float32(1025.0636), np.float32(152.24739), np.float32(1275.0247), np.float32(393.29657))",0.9287298917770386,pipeline_imagen_a_imagen
retractors_Mandibular_anonymous_003_008_539_01_1728816064645_Mandibular_View.jpg,2,"(np.float32(1002.7194), np.float32(349.83136), np.float32(1224.9397), np.float32(556.1503))",0.9226241707801819,pipeline_imagen_a_imagen
retractors_Mandibular_anonymous_003_008_539_01_1728816064645_Mandibular_View.jpg,3,"(np.float32(127.6477), np.float32(348.68146), np.float32(345.22604), np.float32(559.5758))",0.9148545861244202,pipeline_imagen_a_imagen
retractors_Mandibular_anonymous_003_103_299_01_1727868080003_Mandibular_View.jpg,0,"(np.float32(76.757195), np.float32(246.75478), np.float32(332.01517), np.float32(468.67175))",0.9295408725738525,pipeline_imagen_a_imagen
retractors_Mandibular_anonymous_003_103_299_01_1727868080003_Mandibular_View.jpg,1,"(np.float32(1295.0172), np.float32(216.48972), np.float32(1555.9603), np.float32(453.71194))",0.9257639050483704,pipeline_imagen_a_imagen
retractors_Mandibular_anonymous_003_103_299_01_1727868080003_Mandibular_View.jpg,2,"(np.float32(1143.1256), np.float32(598.28485), np.float32(1384.3425), np.float32(785.61035))",0.903261125087738,pipeline_imagen_a_imagen
retractors_Mandibular_anonymous_003_103_299_01_1727868080003_Mandibular_View.jpg,3,"(np.float32(1201.0391), np.float32(406.70584), np.float32(1487.5138), np.float32(662.06836))",0.8656310439109802,pipeline_imagen_a_imagen
retractors_Mandibular_anonymous_003_103_299_01_1727868080003_Mandibular_View.jpg,4,"(np.float32(102.174706), np.float32(438.57455), np.float32(379.71375), np.float32(678.74225))",0.6615825891494751,pipeline_imagen_a_imagen
retractors_Mandibular_anonymous_003_103_299_01_1727868080003_Mandibular_View.jpg,5,"(np.float32(152.74055), np.float32(630.3605), np.float32(384.78983), np.float32(808.77454))",0.30233195424079895,pipeline_imagen_a_imagen
retractors_Mandibular_anonymous_003_103_351_01_1728045002443_Mandibular_View.jpg,0,"(np.float32(129.67223), np.float32(342.18213), np.float32(365.30237), np.float32(544.6472))",0.9161434769630432,pipeline_imagen_a_imagen
retractors_Mandibular_anonymous_003_103_351_01_1728045002443_Mandibular_View.jpg,1,"(np.float32(147.05338), np.float32(512.76984), np.float32(399.027), np.float32(725.07837))",0.9100894927978516,pipeline_imagen_a_imagen
retractors_Mandibular_anonymous_003_103_351_01_1728045002443_Mandibular_View.jpg,2,"(np.float32(1226.607), np.float32(343.34076), np.float32(1448.4106), np.float32(557.71484))",0.9075217843055725,pipeline_imagen_a_imagen
retractors_Mandibular_anonymous_003_103_351_01_1728045002443_Mandibular_View.jpg,3,"(np.float32(1164.6035), np.float32(504.405), np.float32(1413.3082), np.float32(728.1596))",0.8972628116607666,pipeline_imagen_a_imagen
retractors_Mandibular_anonymous_003_103_351_01_1728045002443_Mandibular_View.jpg,4,"(np.float32(196.525), np.float32(672.92584), np.float32(402.87994), np.float32(832.89404))",0.8411732912063599,pipeline_imagen_a_imagen
retractors_Mandibular_anonymous_003_103_357_01_1728053115007_Mandibular_View.jpg,0,"(np.float32(1068.1301), np.float32(488.58914), np.float32(1297.1975), np.float32(677.62115))",0.8892367482185364,pipeline_imagen_a_imagen
retractors_Mandibular_anonymous_003_103_357_01_1728053115007_Mandibular_View.jpg,1,"(np.float32(33.78562), np.float32(367.2037), np.float32(228.08467), np.float32(529.62396))",0.8269956707954407,pipeline_imagen_a_imagen
retractors_Mandibular_anonymous_003_103_357_01_1728053115007_Mandibular_View.jpg,2,"(np.float32(1139.8416), np.float32(368.86053), np.float32(1346.291), np.float32(542.185))",0.7500879168510437,pipeline_imagen_a_imagen
retractors_Mandibular_anonymous_003_103_357_01_1728053115007_Mandibular_View.jpg,3,"(np.float32(38.578094), np.float32(489.8896), np.float32(274.0015), np.float32(685.6281))",0.4660208225250244,pipeline_imagen_a_imagen
retractors_Mandibular_anonymous_003_103_382_01_1728189568619_Mandibular_View.jpg,0,"(np.float32(1257.1295), np.float32(216.36029), np.float32(1493.4431), np.float32(458.52124))",0.9235383868217468,pipeline_imagen_a_imagen
retractors_Mandibular_anonymous_003_103_382_01_1728189568619_Mandibular_View.jpg,1,"(np.float32(129.09355), np.float32(365.83905), np.float32(406.8938), np.float32(606.42017))",0.8720483183860779,pipeline_imagen_a_imagen
retractors_Mandibular_anonymous_003_103_382_01_1728189568619_Mandibular_View.jpg,2,"(np.float32(1162.4365), np.float32(406.51947), np.float32(1421.3573), np.float32(666.999))",0.8481414914131165,pipeline_imagen_a_imagen
retractors_Mandibular_anonymous_003_103_414_01_1728387955658_Mandibular_View.jpg,0,"(np.float32(102.74445), np.float32(325.53098), np.float32(366.10895), np.float32(537.55634))",0.9262714385986328,pipeline_imagen_a_imagen
retractors_Mandibular_anonymous_003_103_414_01_1728387955658_Mandibular_View.jpg,1,"(np.float32(1281.2087), np.float32(495.56366), np.float32(1538.9258), np.float32(716.5747))",0.920735239982605,pipeline_imagen_a_imagen
retractors_Mandibular_anonymous_003_103_414_01_1728387955658_Mandibular_View.jpg,2,"(np.float32(1337.5104), np.float32(296.28995), np.float32(1578.0653), np.float32(513.2872))",0.9182530641555786,pipeline_imagen_a_imagen
retractors_Mandibular_anonymous_003_103_414_01_1728387955658_Mandibular_View.jpg,3,"(np.float32(132.00117), np.float32(520.6786), np.float32(401.30893), np.float32(738.9221))",0.8246748447418213,pipeline_imagen_a_imagen
retractors_Mandibular_anonymous_003_103_416_01_1728447642675_Mandibular_View.jpg,0,"(np.float32(1440.9764), np.float32(287.2036), np.float32(1734.7819), np.float32(559.35925))",0.9367632269859314,pipeline_imagen_a_imagen
retractors_Mandibular_anonymous_003_103_416_01_1728447642675_Mandibular_View.jpg,1,"(np.float32(191.05211), np.float32(328.47186), np.float32(531.497), np.float32(641.70746))",0.9284604787826538,pipeline_imagen_a_imagen
retractors_Mandibular_anonymous_003_103_416_01_1728447642675_Mandibular_View.jpg,2,"(np.float32(1510.5612), np.float32(66.96891), np.float32(1748.3125), np.float32(312.3991))",0.9188598394393921,pipeline_imagen_a_imagen
retractors_Mandibular_anonymous_003_103_416_01_1728447642675_Mandibular_View.jpg,3,"(np.float32(84.55451), np.float32(104.24342), np.float32(348.9333), np.float32(383.05844))",0.8931639194488525,pipeline_imagen_a_imagen
retractors_Mandibular_anonymous_003_103_416_01_1728447642675_Mandibular_View.jpg,4,"(np.float32(388.08948), np.float32(543.6748), np.float32(649.9754), np.float32(793.69666))",0.6306103467941284,pipeline_imagen_a_imagen
retractors_Mandibular_anonymous_003_103_435_01_1728476277104_Mandibular_View.jpg,0,"(np.float32(1225.3048), np.float32(300.30182), np.float32(1459.1897), np.float32(501.10995))",0.9289882779121399,pipeline_imagen_a_imagen
retractors_Mandibular_anonymous_003_103_435_01_1728476277104_Mandibular_View.jpg,1,"(np.float32(106.30532), np.float32(371.45355), np.float32(339.21902), np.float32(575.3543))",0.9099101424217224,pipeline_imagen_a_imagen
retractors_Mandibular_anonymous_003_103_435_01_1728476277104_Mandibular_View.jpg,2,"(np.float32(142.06133), np.float32(522.0958), np.float32(388.14746), np.float32(742.67236))",0.8779135346412659,pipeline_imagen_a_imagen
retractors_Mandibular_anonymous_003_103_435_01_1728476277104_Mandibular_View.jpg,3,"(np.float32(1149.4564), np.float32(447.13824), np.float32(1404.4567), np.float32(671.4644))",0.8414124846458435,pipeline_imagen_a_imagen
retractors_Mandibular_anonymous_003_103_435_01_1728476277104_Mandibular_View.jpg,4,"(np.float32(108.86265), np.float32(232.85725), np.float32(240.50116), np.float32(400.50803))",0.6357566714286804,pipeline_imagen_a_imagen
retractors_Mandibular_anonymous_003_103_435_01_1728476277104_Mandibular_View.jpg,5,"(np.float32(1323.5461), np.float32(142.2704), np.float32(1474.2227), np.float32(327.03384))",0.5345865488052368,pipeline_imagen_a_imagen
retractors_Mandibular_anonymous_004-008-1463-01_1734099079076_Mandibular_View.jpg,0,"(np.float32(1115.3556), np.float32(14.664988), np.float32(1320.427), np.float32(202.34843))",0.9267768859863281,pipeline_imagen_a_imagen
retractors_Mandibular_anonymous_004-008-1463-01_1734099079076_Mandibular_View.jpg,1,"(np.float32(101.45539), np.float32(216.91803), np.float32(310.839), np.float32(407.324))",0.9234597682952881,pipeline_imagen_a_imagen
retractors_Mandibular_anonymous_004-008-1463-01_1734099079076_Mandibular_View.jpg,2,"(np.float32(1060.3427), np.float32(187.67442), np.float32(1281.8385), np.float32(390.60907))",0.9206783771514893,pipeline_imagen_a_imagen
retractors_Mandibular_anonymous_004-008-1463-01_1734099079076_Mandibular_View.jpg,3,"(np.float32(59.023106), np.float32(65.26857), np.float32(254.66463), np.float32(242.23555))",0.909726619720459,pipeline_imagen_a_imagen
retractors_Mandibular_anonymous_004-008-914-01_1730377944083_Mandibular_View.jpg,0,"(np.float32(1211.1141), np.float32(258.97958), np.float32(1431.6464), np.float32(462.24963))",0.9308245778083801,pipeline_imagen_a_imagen
retractors_Mandibular_anonymous_004-008-914-01_1730377944083_Mandibular_View.jpg,1,"(np.float32(217.81845), np.float32(45.03309), np.float32(439.2155), np.float32(227.24355))",0.9198834896087646,pipeline_imagen_a_imagen
retractors_Mandibular_anonymous_004-008-914-01_1730377944083_Mandibular_View.jpg,2,"(np.float32(222.5352), np.float32(213.68828), np.float32(457.6418), np.float32(413.2101))",0.9177234172821045,pipeline_imagen_a_imagen
retractors_Mandibular_anonymous_004-008-914-01_1730377944083_Mandibular_View.jpg,3,"(np.float32(1262.5713), np.float32(95.6338), np.float32(1445.1803), np.float32(267.99966))",0.9075956344604492,pipeline_imagen_a_imagen
retractors_Maxillary_Occlusal_anonymous_003-007-898-01_1730349798023_Maxillary_Occlusal_View.jpg,0,"(np.float32(2490.261), np.float32(1508.2247), np.float32(3106.355), np.float32(1983.2637))",0.8900700807571411,pipeline_imagen_a_imagen
retractors_Maxillary_Occlusal_anonymous_003-007-898-01_1730349798023_Maxillary_Occlusal_View.jpg,1,"(np.float32(156.51494), np.float32(1867.7637), np.float32(820.66254), np.float32(2344.7573))",0.7324478626251221,pipeline_imagen_a_imagen
retractors_Maxillary_Occlusal_anonymous_003-007-954-01_1730796195637_Maxillary_Occlusal_View.jpg,0,"(np.float32(2248.146), np.float32(1270.9442), np.float32(2757.4417), np.float32(1690.5687))",0.9056357741355896,pipeline_imagen_a_imagen
retractors_Maxillary_Occlusal_anonymous_003-007-954-01_1730796195637_Maxillary_Occlusal_View.jpg,1,"(np.float32(208.41972), np.float32(1159.4777), np.float32(687.03516), np.float32(1591.7626))",0.8895032405853271,pipeline_imagen_a_imagen
retractors_Maxillary_Occlusal_anonymous_003-007-954-01_1730796195637_Maxillary_Occlusal_View.jpg,2,"(np.float32(136.93729), np.float32(1509.2983), np.float32(658.52765), np.float32(1912.0049))",0.5134545564651489,pipeline_imagen_a_imagen
retractors_Maxillary_Occlusal_anonymous_003-007-954-01_1730796195637_Maxillary_Occlusal_View.jpg,3,"(np.float32(2217.7815), np.float32(1634.1781), np.float32(2745.6768), np.float32(2028.1974))",0.4909723401069641,pipeline_imagen_a_imagen
retractors_Maxillary_Occlusal_anonymous_003-008-1322-01_1733477951014_Maxillary_Occlusal_View.jpg,0,"(np.float32(972.83563), np.float32(569.6729), np.float32(1214.4604), np.float32(768.4731))",0.9027706384658813,pipeline_imagen_a_imagen
retractors_Maxillary_Occlusal_anonymous_003-008-1322-01_1733477951014_Maxillary_Occlusal_View.jpg,1,"(np.float32(19.747156), np.float32(500.8762), np.float32(268.54312), np.float32(721.16046))",0.8600882291793823,pipeline_imagen_a_imagen
retractors_Maxillary_Occlusal_anonymous_003-008-1322-01_1733477951014_Maxillary_Occlusal_View.jpg,2,"(np.float32(15.556486), np.float32(670.53503), np.float32(241.84721), np.float32(819.4426))",0.8411281704902649,pipeline_imagen_a_imagen
retractors_Maxillary_Occlusal_anonymous_003-008-1322-01_1733477951014_Maxillary_Occlusal_View.jpg,3,"(np.float32(963.38556), np.float32(467.92703), np.float32(1159.6659), np.float32(593.151))",0.6712833046913147,pipeline_imagen_a_imagen
retractors_Maxillary_Occlusal_anonymous_003-008-1409-01_1733910983435_Maxillary_Occlusal_View.jpg,0,"(np.float32(1023.2626), np.float32(590.24817), np.float32(1264.048), np.float32(796.3918))",0.9132229685783386,pipeline_imagen_a_imagen
retractors_Maxillary_Occlusal_anonymous_003-008-1409-01_1733910983435_Maxillary_Occlusal_View.jpg,1,"(np.float32(51.049), np.float32(600.4864), np.float32(292.40198), np.float32(814.7934))",0.905498743057251,pipeline_imagen_a_imagen
retractors_Maxillary_Occlusal_anonymous_003-008-1411-01_1733912476033_Maxillary_Occlusal_View.jpg,0,"(np.float32(144.5158), np.float32(820.2761), np.float32(468.31543), np.float32(1067.2933))",0.8732197880744934,pipeline_imagen_a_imagen
retractors_Maxillary_Occlusal_anonymous_003-008-1411-01_1733912476033_Maxillary_Occlusal_View.jpg,1,"(np.float32(1343.8782), np.float32(805.6295), np.float32(1685.2567), np.float32(1068.4518))",0.863182544708252,pipeline_imagen_a_imagen
retractors_Maxillary_Occlusal_anonymous_003-008-1411-01_1733912476033_Maxillary_Occlusal_View.jpg,2,"(np.float32(1418.151), np.float32(1000.32416), np.float32(1737.7432), np.float32(1216.1699))",0.8620080351829529,pipeline_imagen_a_imagen
retractors_Maxillary_Occlusal_anonymous_003-008-596-01_1729002084186_Maxillary_Occlusal_View.jpg,0,"(np.float32(1199.6704), np.float32(779.3323), np.float32(1437.6035), np.float32(981.6939))",0.8724285364151001,pipeline_imagen_a_imagen
retractors_Maxillary_Occlusal_anonymous_003-008-596-01_1729002084186_Maxillary_Occlusal_View.jpg,1,"(np.float32(1131.9423), np.float32(619.6074), np.float32(1393.9022), np.float32(858.4143))",0.8723461627960205,pipeline_imagen_a_imagen
retractors_Maxillary_Occlusal_anonymous_003-008-596-01_1729002084186_Maxillary_Occlusal_View.jpg,2,"(np.float32(1097.2096), np.float32(519.9546), np.float32(1310.3818), np.float32(675.8411))",0.4019741117954254,pipeline_imagen_a_imagen
retractors_Maxillary_Occlusal_anonymous_003-008-622-01_1729087609045_Maxillary_Occlusal_View.jpg,0,"(np.float32(105.73544), np.float32(797.3692), np.float32(451.95932), np.float32(1078.01))",0.9068194031715393,pipeline_imagen_a_imagen
retractors_Maxillary_Occlusal_anonymous_003-008-622-01_1729087609045_Maxillary_Occlusal_View.jpg,1,"(np.float32(1358.9249), np.float32(563.8001), np.float32(1645.4352), np.float32(783.90674))",0.8850929141044617,pipeline_imagen_a_imagen
retractors_Maxillary_Occlusal_anonymous_003-008-622-01_1729087609045_Maxillary_Occlusal_View.jpg,2,"(np.float32(1430.2455), np.float32(875.9641), np.float32(1745.7594), np.float32(1125.2482))",0.8545772433280945,pipeline_imagen_a_imagen
retractors_Maxillary_Occlusal_anonymous_003-008-622-01_1729087609045_Maxillary_Occlusal_View.jpg,3,"(np.float32(1398.2885), np.float32(756.2091), np.float32(1675.4955), np.float32(940.40656))",0.3932443857192993,pipeline_imagen_a_imagen
retractors_Maxillary_Occlusal_anonymous_003-008-624-01_1729089681358_Maxillary_Occlusal_View.jpg,0,"(np.float32(83.78402), np.float32(727.4138), np.float32(349.85925), np.float32(934.6172))",0.8669002652168274,pipeline_imagen_a_imagen
retractors_Maxillary_Occlusal_anonymous_003-008-624-01_1729089681358_Maxillary_Occlusal_View.jpg,1,"(np.float32(1129.4081), np.float32(595.95294), np.float32(1338.1699), np.float32(739.62695))",0.8650137782096863,pipeline_imagen_a_imagen
retractors_Maxillary_Occlusal_anonymous_003-008-624-01_1729089681358_Maxillary_Occlusal_View.jpg,2,"(np.float32(1184.0731), np.float32(874.72064), np.float32(1409.0966), np.float32(1030.7386))",0.8610365390777588,pipeline_imagen_a_imagen
retractors_Maxillary_Occlusal_anonymous_003-008-624-01_1729089681358_Maxillary_Occlusal_View.jpg,3,"(np.float32(87.99412), np.float32(890.84534), np.float32(332.63998), np.float32(1040.916))",0.7766334414482117,pipeline_imagen_a_imagen
retractors_Maxillary_Occlusal_anonymous_003-008-624-01_1729089681358_Maxillary_Occlusal_View.jpg,4,"(np.float32(1157.5079), np.float32(708.0891), np.float32(1390.9344), np.float32(923.23944))",0.6384274363517761,pipeline_imagen_a_imagen
retractors_Maxillary_Occlusal_anonymous_003-008-624-01_1729089681358_Maxillary_Occlusal_View.jpg,5,"(np.float32(127.954605), np.float32(606.8469), np.float32(363.32483), np.float32(760.4272))",0.2931433916091919,pipeline_imagen_a_imagen
retractors_Maxillary_Occlusal_anonymous_003-008-680-01_1729252793946_Maxillary_Occlusal_View.jpg,0,"(np.float32(71.06958), np.float32(705.6144), np.float32(357.5636), np.float32(960.6094))",0.6730441451072693,pipeline_imagen_a_imagen
retractors_Maxillary_Occlusal_anonymous_003-008-680-01_1729252793946_Maxillary_Occlusal_View.jpg,1,"(np.float32(1252.9381), np.float32(732.59155), np.float32(1512.7009), np.float32(953.20233))",0.6632596850395203,pipeline_imagen_a_imagen
retractors_Maxillary_Occlusal_anonymous_003-008-680-01_1729252793946_Maxillary_Occlusal_View.jpg,2,"(np.float32(1224.9453), np.float32(630.29816), np.float32(1469.5018), np.float32(787.186))",0.5347796678543091,pipeline_imagen_a_imagen
retractors_Maxillary_Occlusal_anonymous_003-008-680-01_1729252793946_Maxillary_Occlusal_View.jpg,3,"(np.float32(1285.5894), np.float32(912.47363), np.float32(1497.0123), np.float32(1046.8397))",0.35853856801986694,pipeline_imagen_a_imagen
retractors_Maxillary_Occlusal_anonymous_003-008-730-01_1729520092178_Maxillary_Occlusal_View.jpg,0,"(np.float32(66.7781), np.float32(859.182), np.float32(403.25842), np.float32(1114.435))",0.8930253982543945,pipeline_imagen_a_imagen
retractors_Maxillary_Occlusal_anonymous_003-008-730-01_1729520092178_Maxillary_Occlusal_View.jpg,1,"(np.float32(1357.2307), np.float32(699.37823), np.float32(1628.6945), np.float32(920.58545))",0.8675186038017273,pipeline_imagen_a_imagen
retractors_Maxillary_Occlusal_anonymous_003-008-730-01_1729520092178_Maxillary_Occlusal_View.jpg,2,"(np.float32(115.93941), np.float32(687.2227), np.float32(418.06662), np.float32(932.52655))",0.8576048612594604,pipeline_imagen_a_imagen
retractors_Maxillary_Occlusal_anonymous_003-008-730-01_1729520092178_Maxillary_Occlusal_View.jpg,3,"(np.float32(1401.4814), np.float32(847.4225), np.float32(1700.52), np.float32(1089.9828))",0.8427585363388062,pipeline_imagen_a_imagen
retractors_Maxillary_Occlusal_anonymous_003-008-740-01_1729594985183_Maxillary_Occlusal_View.jpg,0,"(np.float32(25.260765), np.float32(798.48303), np.float32(281.92368), np.float32(962.7738))",0.9021837115287781,pipeline_imagen_a_imagen
retractors_Maxillary_Occlusal_anonymous_003-008-740-01_1729594985183_Maxillary_Occlusal_View.jpg,1,"(np.float32(57.66058), np.float32(615.56885), np.float32(319.24637), np.float32(843.5551))",0.897911012172699,pipeline_imagen_a_imagen
retractors_Maxillary_Occlusal_anonymous_003-008-740-01_1729594985183_Maxillary_Occlusal_View.jpg,2,"(np.float32(1143.999), np.float32(767.4779), np.float32(1358.94), np.float32(922.24347))",0.8920956254005432,pipeline_imagen_a_imagen
retractors_Maxillary_Occlusal_anonymous_003-008-740-01_1729594985183_Maxillary_Occlusal_View.jpg,3,"(np.float32(1119.4777), np.float32(614.2379), np.float32(1348.9612), np.float32(817.9236))",0.881648063659668,pipeline_imagen_a_imagen
retractors_Maxillary_Occlusal_anonymous_003-008-740-01_1729594985183_Maxillary_Occlusal_View.jpg,4,"(np.float32(1103.6761), np.float32(508.60416), np.float32(1301.7158), np.float32(635.393))",0.877679169178009,pipeline_imagen_a_imagen
retractors_Maxillary_Occlusal_anonymous_003-008-740-01_1729594985183_Maxillary_Occlusal_View.jpg,5,"(np.float32(177.60532), np.float32(352.8836), np.float32(422.71848), np.float32(523.3641))",0.8746463656425476,pipeline_imagen_a_imagen
retractors_Maxillary_Occlusal_anonymous_003-008-740-01_1729594985183_Maxillary_Occlusal_View.jpg,6,"(np.float32(137.71684), np.float32(505.74683), np.float32(355.93387), np.float32(647.24133))",0.7535060048103333,pipeline_imagen_a_imagen
retractors_Maxillary_Occlusal_anonymous_003-008-740-01_1729594985183_Maxillary_Occlusal_View.jpg,7,"(np.float32(1053.7968), np.float32(374.30032), np.float32(1252.5542), np.float32(520.7383))",0.7344036102294922,pipeline_imagen_a_imagen
retractors_Maxillary_Occlusal_anonymous_003-008-790-01_1729849195168_Maxillary_Occlusal_View.jpg,0,"(np.float32(130.40694), np.float32(754.63165), np.float32(435.00418), np.float32(1026.1927))",0.9090410470962524,pipeline_imagen_a_imagen
retractors_Maxillary_Occlusal_anonymous_003-008-790-01_1729849195168_Maxillary_Occlusal_View.jpg,1,"(np.float32(1237.6235), np.float32(765.9648), np.float32(1522.0903), np.float32(1045.3484))",0.903007984161377,pipeline_imagen_a_imagen
retractors_Maxillary_Occlusal_anonymous_003-008-790-01_1729849195168_Maxillary_Occlusal_View.jpg,2,"(np.float32(110.53559), np.float32(968.94147), np.float32(394.4136), np.float32(1158.9436))",0.8906991481781006,pipeline_imagen_a_imagen
retractors_Maxillary_Occlusal_anonymous_003-008-790-01_1729849195168_Maxillary_Occlusal_View.jpg,3,"(np.float32(209.59804), np.float32(648.4416), np.float32(456.28278), np.float32(803.63544))",0.7661400437355042,pipeline_imagen_a_imagen
retractors_Maxillary_Occlusal_anonymous_003-008-790-01_1729849195168_Maxillary_Occlusal_View.jpg,4,"(np.float32(1300.8915), np.float32(982.82336), np.float32(1544.3523), np.float32(1182.7416))",0.3357115685939789,pipeline_imagen_a_imagen
retractors_Maxillary_Occlusal_anonymous_003-008-892-01_1730293561502_Maxillary_Occlusal_View.jpg,0,"(np.float32(1325.9434), np.float32(921.3164), np.float32(1615.8927), np.float32(1194.602))",0.8620867729187012,pipeline_imagen_a_imagen
retractors_Maxillary_Occlusal_anonymous_003-008-892-01_1730293561502_Maxillary_Occlusal_View.jpg,1,"(np.float32(53.699795), np.float32(863.7395), np.float32(366.06723), np.float32(1141.4899))",0.839745819568634,pipeline_imagen_a_imagen
retractors_Maxillary_Occlusal_anonymous_003-008-892-01_1730293561502_Maxillary_Occlusal_View.jpg,2,"(np.float32(135.62408), np.float32(673.1672), np.float32(419.09863), np.float32(926.01556))",0.706895112991333,pipeline_imagen_a_imagen
retractors_Maxillary_Occlusal_anonymous_003-008-912-01_1730374226278_Maxillary_Occlusal_View.jpg,0,"(np.float32(1333.2963), np.float32(615.69574), np.float32(1580.6826), np.float32(835.80524))",0.9133050441741943,pipeline_imagen_a_imagen
retractors_Maxillary_Occlusal_anonymous_003-008-912-01_1730374226278_Maxillary_Occlusal_View.jpg,1,"(np.float32(88.1138), np.float32(644.96655), np.float32(347.10837), np.float32(861.07556))",0.8977423906326294,pipeline_imagen_a_imagen
retractors_Maxillary_Occlusal_anonymous_003-008-912-01_1730374226278_Maxillary_Occlusal_View.jpg,2,"(np.float32(1313.6721), np.float32(509.53732), np.float32(1518.4865), np.float32(667.7075))",0.8892827033996582,pipeline_imagen_a_imagen
retractors_Maxillary_Occlusal_anonymous_003-008-912-01_1730374226278_Maxillary_Occlusal_View.jpg,3,"(np.float32(1386.7501), np.float32(793.88794), np.float32(1581.1018), np.float32(930.5501))",0.7408483624458313,pipeline_imagen_a_imagen
retractors_Maxillary_Occlusal_anonymous_003-008-936-01_1730726791401_Maxillary_Occlusal_View.jpg,0,"(np.float32(103.68803), np.float32(804.5672), np.float32(427.7304), np.float32(1097.2661))",0.8572640419006348,pipeline_imagen_a_imagen
retractors_Maxillary_Occlusal_anonymous_003-008-936-01_1730726791401_Maxillary_Occlusal_View.jpg,1,"(np.float32(1447.7998), np.float32(851.43), np.float32(1741.302), np.float32(1103.2976))",0.798949658870697,pipeline_imagen_a_imagen
retractors_Maxillary_Occlusal_anonymous_003-008-936-01_1730726791401_Maxillary_Occlusal_View.jpg,2,"(np.float32(1447.3575), np.float32(1065.542), np.float32(1733.7305), np.float32(1271.9148))",0.4680359363555908,pipeline_imagen_a_imagen
retractors_Maxillary_Occlusal_anonymous_003_007_335_01_1728014331472_Maxillary_Occlusal_View.jpg,0,"(np.float32(87.40108), np.float32(1418.1268), np.float32(603.2752), np.float32(1812.0287))",0.808834433555603,pipeline_imagen_a_imagen
retractors_Maxillary_Occlusal_anonymous_003_007_335_01_1728014331472_Maxillary_Occlusal_View.jpg,1,"(np.float32(142.24347), np.float32(1092.1888), np.float32(627.6221), np.float32(1493.8059))",0.577871561050415,pipeline_imagen_a_imagen
retractors_Maxillary_Occlusal_anonymous_003_007_335_01_1728014331472_Maxillary_Occlusal_View.jpg,2,"(np.float32(2081.8218), np.float32(1453.0575), np.float32(2570.3357), np.float32(1845.9944))",0.5757196545600891,pipeline_imagen_a_imagen
retractors_Maxillary_Occlusal_anonymous_003_007_475_01_1728635243973_Maxillary_Occlusal_View.jpg,0,"(np.float32(114.63889), np.float32(640.3382), np.float32(473.29425), np.float32(965.03735))",0.927068293094635,pipeline_imagen_a_imagen
retractors_Maxillary_Occlusal_anonymous_003_007_475_01_1728635243973_Maxillary_Occlusal_View.jpg,1,"(np.float32(1537.1527), np.float32(854.9809), np.float32(1904.9393), np.float32(1086.737))",0.9189952611923218,pipeline_imagen_a_imagen
retractors_Maxillary_Occlusal_anonymous_003_007_475_01_1728635243973_Maxillary_Occlusal_View.jpg,2,"(np.float32(1572.9729), np.float32(704.9556), np.float32(1901.4183), np.float32(878.6037))",0.8307864665985107,pipeline_imagen_a_imagen
retractors_Maxillary_Occlusal_anonymous_003_007_475_01_1728635243973_Maxillary_Occlusal_View.jpg,3,"(np.float32(1548.0819), np.float32(545.6575), np.float32(1907.4156), np.float32(745.0865))",0.2878160774707794,pipeline_imagen_a_imagen
retractors_Maxillary_Occlusal_anonymous_003_008_517_01_1728729948616_Maxillary_Occlusal_View.jpg,0,"(np.float32(168.46036), np.float32(823.96783), np.float32(504.33264), np.float32(1096.1886))",0.9225127696990967,pipeline_imagen_a_imagen
retractors_Maxillary_Occlusal_anonymous_003_008_517_01_1728729948616_Maxillary_Occlusal_View.jpg,1,"(np.float32(1357.8499), np.float32(855.5263), np.float32(1671.45), np.float32(1121.0936))",0.9161837697029114,pipeline_imagen_a_imagen
retractors_Maxillary_Occlusal_anonymous_003_008_517_01_1728729948616_Maxillary_Occlusal_View.jpg,2,"(np.float32(200.48805), np.float32(656.2903), np.float32(500.2034), np.float32(844.5591))",0.9104979634284973,pipeline_imagen_a_imagen
retractors_Maxillary_Occlusal_anonymous_003_008_517_01_1728729948616_Maxillary_Occlusal_View.jpg,3,"(np.float32(1379.6975), np.float32(1067.8086), np.float32(1674.4174), np.float32(1275.0327))",0.8971142172813416,pipeline_imagen_a_imagen
retractors_Maxillary_Occlusal_anonymous_003_008_517_01_1728729948616_Maxillary_Occlusal_View.jpg,4,"(np.float32(170.01361), np.float32(1040.0369), np.float32(486.94604), np.float32(1242.5437))",0.8394001126289368,pipeline_imagen_a_imagen
retractors_Maxillary_Occlusal_anonymous_003_008_517_01_1728729948616_Maxillary_Occlusal_View.jpg,5,"(np.float32(1365.9838), np.float32(694.4069), np.float32(1627.6943), np.float32(876.6611))",0.828831136226654,pipeline_imagen_a_imagen
retractors_Maxillary_Occlusal_anonymous_003_008_517_01_1728729948616_Maxillary_Occlusal_View.jpg,6,"(np.float32(231.71638), np.float32(473.62515), np.float32(525.6362), np.float32(673.69305))",0.7953662872314453,pipeline_imagen_a_imagen
retractors_Maxillary_Occlusal_anonymous_003_008_517_01_1728729948616_Maxillary_Occlusal_View.jpg,7,"(np.float32(1327.3522), np.float32(516.9635), np.float32(1594.7897), np.float32(707.40216))",0.2936440706253052,pipeline_imagen_a_imagen
retractors_Maxillary_Occlusal_anonymous_003_103_382_01_1728189568619_Maxillary_Occlusal_View.jpg,0,"(np.float32(1476.2426), np.float32(905.5556), np.float32(1781.109), np.float32(1184.319))",0.6335101127624512,pipeline_imagen_a_imagen
retractors_Maxillary_Occlusal_anonymous_003_103_382_01_1728189568619_Maxillary_Occlusal_View.jpg,1,"(np.float32(1228.9822), np.float32(219.57239), np.float32(1472.4553), np.float32(408.6124))",0.3708334267139435,pipeline_imagen_a_imagen
retractors_Maxillary_Occlusal_anonymous_003_103_414_01_1728387955658_Maxillary_Occlusal_View.jpg,0,"(np.float32(1365.885), np.float32(862.0758), np.float32(1632.2307), np.float32(1090.8201))",0.9005686640739441,pipeline_imagen_a_imagen
retractors_Maxillary_Occlusal_anonymous_003_103_414_01_1728387955658_Maxillary_Occlusal_View.jpg,1,"(np.float32(216.95917), np.float32(655.78674), np.float32(458.66315), np.float32(828.43567))",0.8199877738952637,pipeline_imagen_a_imagen
retractors_Maxillary_Occlusal_anonymous_003_103_414_01_1728387955658_Maxillary_Occlusal_View.jpg,2,"(np.float32(165.33658), np.float32(794.81134), np.float32(454.78992), np.float32(1044.3187))",0.7980520129203796,pipeline_imagen_a_imagen
retractors_Maxillary_Occlusal_anonymous_003_103_414_01_1728387955658_Maxillary_Occlusal_View.jpg,3,"(np.float32(148.22997), np.float32(983.9064), np.float32(392.07953), np.float32(1190.0016))",0.6906557679176331,pipeline_imagen_a_imagen
retractors_Maxillary_Occlusal_anonymous_003_103_414_01_1728387955658_Maxillary_Occlusal_View.jpg,4,"(np.float32(1353.0988), np.float32(716.63696), np.float32(1581.7261), np.float32(887.5788))",0.6500310897827148,pipeline_imagen_a_imagen
retractors_Maxillary_Occlusal_anonymous_003_103_435_01_1728476277104_Maxillary_Occlusal_View.jpg,0,"(np.float32(1391.6967), np.float32(867.60156), np.float32(1648.8037), np.float32(1100.7748))",0.9019976854324341,pipeline_imagen_a_imagen
retractors_Maxillary_Occlusal_anonymous_003_103_435_01_1728476277104_Maxillary_Occlusal_View.jpg,1,"(np.float32(1421.331), np.float32(1068.8022), np.float32(1663.3624), np.float32(1259.9015))",0.8967005014419556,pipeline_imagen_a_imagen
retractors_Maxillary_Occlusal_anonymous_003_103_435_01_1728476277104_Maxillary_Occlusal_View.jpg,2,"(np.float32(138.05122), np.float32(1021.82697), np.float32(429.1269), np.float32(1255.7279))",0.894833505153656,pipeline_imagen_a_imagen
retractors_Maxillary_Occlusal_anonymous_003_103_435_01_1728476277104_Maxillary_Occlusal_View.jpg,3,"(np.float32(1347.1165), np.float32(756.3677), np.float32(1569.9707), np.float32(904.6152))",0.8897472023963928,pipeline_imagen_a_imagen
retractors_Maxillary_Occlusal_anonymous_003_103_435_01_1728476277104_Maxillary_Occlusal_View.jpg,4,"(np.float32(161.57175), np.float32(791.5551), np.float32(467.20377), np.float32(1067.6824))",0.8378480076789856,pipeline_imagen_a_imagen
retractors_Maxillary_Occlusal_anonymous_003_103_435_01_1728476277104_Maxillary_Occlusal_View.jpg,5,"(np.float32(289.08792), np.float32(680.9387), np.float32(537.53235), np.float32(857.2711))",0.6538428068161011,pipeline_imagen_a_imagen
retractors_Maxillary_Occlusal_anonymous_004-008-1463-01_1734099079076_Maxillary_Occlusal_View.jpg,0,"(np.float32(1372.8125), np.float32(705.73627), np.float32(1630.78), np.float32(926.1113))",0.8916812539100647,pipeline_imagen_a_imagen
retractors_Maxillary_Occlusal_anonymous_004-008-1463-01_1734099079076_Maxillary_Occlusal_View.jpg,1,"(np.float32(222.67537), np.float32(834.9126), np.float32(478.46906), np.float32(997.72))",0.8475338816642761,pipeline_imagen_a_imagen
retractors_Maxillary_Occlusal_anonymous_004-008-1463-01_1734099079076_Maxillary_Occlusal_View.jpg,2,"(np.float32(279.59088), np.float32(544.2383), np.float32(515.10956), np.float32(697.3751))",0.8395238518714905,pipeline_imagen_a_imagen
retractors_Maxillary_Occlusal_anonymous_004-008-1463-01_1734099079076_Maxillary_Occlusal_View.jpg,3,"(np.float32(1404.1736), np.float32(880.5297), np.float32(1660.3412), np.float32(1043.1099))",0.7552592754364014,pipeline_imagen_a_imagen
retractors_Maxillary_Occlusal_anonymous_004-008-1463-01_1734099079076_Maxillary_Occlusal_View.jpg,4,"(np.float32(231.7686), np.float32(669.61523), np.float32(496.1649), np.float32(885.58014))",0.734963059425354,pipeline_imagen_a_imagen
retractors_Right_Lateral_anonymous_003-007-610-01_1729062730067_Right_Lateral_View.jpg,0,"(np.float32(342.13492), np.float32(681.6236), np.float32(568.99255), np.float32(874.2173))",0.2645711302757263,pipeline_imagen_a_imagen
