imagen,caja_idx,bbox_x1,bbox_y1,bbox_x2,bbox_y2,conf_deteccion,n_instancias_candidatas,instancia_correcta_revisor1,instancia_correcta_revisor2,consenso
healthy_Upper_Right_UR 0744.jpg,0,50.185577,400.6617,225.47101,550.0,0.29468095302581787,12,4,4,4
no_retractors_Left_Lateral_anonymous_003-007-810-00_1729925219683_Left_Lateral_View.jpg,0,723.89343,331.97134,922.5986,476.88074,0.8757927417755127,18,0,0,0
no_retractors_Left_Lateral_anonymous_003_103_412_00_1728381408086_Left_Lateral_View.jpg,0,730.0476,379.97385,940.4476,495.4554,0.8632845878601074,16,ninguna,ninguna,ninguna
no_retractors_Mandibular_anonymous_003-007-1037-00_1731303473745_Mandibular_View.jpg,0,74.70062,371.20514,474.78732,754.3945,0.9127699732780457,13,4,4,4
no_retractors_Mandibular_anonymous_003-007-1037-00_1731303473745_Mandibular_View.jpg,1,213.32666,665.58356,590.792,1032.8209,0.8998161554336548,13,3,3,3
no_retractors_Mandibular_anonymous_003-007-1037-00_1731303473745_Mandibular_View.jpg,2,1616.616,943.4591,1917.9657,1314.4204,0.8528361320495605,13,11,11,11
no_retractors_Mandibular_anonymous_003-007-1078-00_1731473228593_Mandibular_View.jpg,0,1871.5045,404.83124,2272.8577,793.6298,0.9234862327575684,14,4,4,4
no_retractors_Mandibular_anonymous_003-007-1078-00_1731473228593_Mandibular_View.jpg,1,242.73596,487.15668,628.2141,862.69196,0.9104270339012146,14,2,2,2
no_retractors_Mandibular_anonymous_003-007-1078-00_1731473228593_Mandibular_View.jpg,2,1899.6157,759.84326,2229.4465,1031.0254,0.9020770192146301,14,1,1,1
no_retractors_Mandibular_anonymous_003-007-1078-00_1731473228593_Mandibular_View.jpg,3,1934.775,63.040894,2296.627,427.87717,0.8969110250473022,14,11,11,11
no_retractors_Mandibular_anonymous_003-007-1086-00_1732180719427_Mandibular_View.jpg,0,1680.3962,452.9348,2053.898,796.9488,0.9081112742424011,15,1,1,1
no_retractors_Mandibular_anonymous_003-007-1086-00_1732180719427_Mandibular_View.jpg,1,1758.7596,158.46602,2100.0671,475.77264,0.7627899050712585,15,4,4,4
no_retractors_Mandibular_anonymous_003-007-1086-00_1732180719427_Mandibular_View.jpg,2,1652.9762,756.5434,1951.5154,1023.9714,0.6862248778343201,15,0,0,0
no_retractors_Mandibular_anonymous_003-007-1086-00_1732180719427_Mandibular_View.jpg,3,153.82008,566.91125,527.9612,940.4775,0.433056116104126,15,2,2,2
no_retractors_Mandibular_anonymous_003-007-1092-00_1732250439677_Mandibular_View.jpg,0,70.70546,472.7769,460.9641,827.2717,0.9276842474937439,14,2,2,2
no_retractors_Mandibular_anonymous_003-007-1092-00_1732250439677_Mandibular_View.jpg,1,1647.1049,376.05145,2071.3496,780.8534,0.9219828248023987,14,4,4,4
no_retractors_Mandibular_anonymous_003-007-1092-00_1732250439677_Mandibular_View.jpg,2,27.914192,152.53912,407.15793,534.10925,0.9111247658729553,14,7,7,7
no_retractors_Mandibular_anonymous_003-007-1092-00_1732250439677_Mandibular_View.jpg,3,1700.3484,52.26328,2109.2693,399.5856,0.8055455088615417,14,13,13,13
no_retractors_Mandibular_anonymous_003-007-1092-00_1732250439677_Mandibular_View.jpg,4,1570.1537,697.4002,1898.7556,975.3215,0.38031473755836487,14,1,1,1
no_retractors_Mandibular_anonymous_003-007-1098-00_1732258945547_Mandibular_View.jpg,0,50.699604,362.67526,344.39017,637.9465,0.8924028277397156,14,1,1,1
no_retractors_Mandibular_anonymous_003-007-1098-00_1732258945547_Mandibular_View.jpg,1,1339.9653,319.87466,1643.0,612.7204,0.8638954758644104,14,2,2,2
no_retractors_Mandibular_anonymous_003-007-1098-00_1732258945547_Mandibular_View.jpg,2,2.3068883,175.1992,276.05988,409.62668,0.6853718757629395,14,13,13,13
no_retractors_Mandibular_anonymous_003-007-1147-00_1732601448785_Mandibular_View.jpg,0,41.569805,109.583,396.8,413.714,0.9289354681968689,18,9,9,9
no_retractors_Mandibular_anonymous_003-007-1147-00_1732601448785_Mandibular_View.jpg,1,79.320915,368.8352,453.97522,699.0763,0.905399739742279,18,2,2,2
no_retractors_Mandibular_anonymous_003-007-1147-00_1732601448785_Mandibular_View.jpg,2,1825.5571,145.80748,2182.4377,456.52103,0.8994325399398804,18,10,10,10
no_retractors_Mandibular_anonymous_003-007-1147-00_1732601448785_Mandibular_View.jpg,3,1779.1901,411.24435,2164.9202,746.87585,0.79916912317276,18,4,4,4
no_retractors_Mandibular_anonymous_003-007-1237-00_1732950198369_Mandibular_View.jpg,0,1850.4064,369.96375,2241.9583,736.6171,0.9054563641548157,15,1,1,1
no_retractors_Mandibular_anonymous_003-007-1237-00_1732950198369_Mandibular_View.jpg,1,1955.6272,75.81387,2311.1333,427.2676,0.9004644751548767,15,7,7,7
no_retractors_Mandibular_anonymous_003-007-1237-00_1732950198369_Mandibular_View.jpg,2,113.117516,434.02893,495.13974,796.0999,0.8936055898666382,15,0,0,0
no_retractors_Mandibular_anonymous_003-007-1239-00_1732953329744_Mandibular_View.jpg,0,1779.5304,112.487625,2130.5835,467.2877,0.9292640686035156,14,10,10,10
no_retractors_Mandibular_anonymous_003-007-1239-00_1732953329744_Mandibular_View.jpg,1,32.91828,201.27998,391.37845,574.2355,0.9259626865386963,14,13,13,13
no_retractors_Mandibular_anonymous_003-007-1239-00_1732953329744_Mandibular_View.jpg,2,1720.995,427.4429,2097.243,803.52924,0.9245896935462952,14,0,0,0
no_retractors_Mandibular_anonymous_003-007-1239-00_1732953329744_Mandibular_View.jpg,3,153.70496,491.41275,563.5252,914.8692,0.8700594902038574,14,4,4,4
no_retractors_Mandibular_anonymous_003-007-1263-00_1733124846881_Mandibular_View.jpg,0,290.41998,579.691,698.86646,998.0676,0.9264929294586182,14,2,2,2
no_retractors_Mandibular_anonymous_003-007-1263-00_1733124846881_Mandibular_View.jpg,1,1990.873,413.46732,2430.3123,814.9087,0.8932235240936279,14,3,3,3
no_retractors_Mandibular_anonymous_003-007-1303-00_1733387722479_Mandibular_View.jpg,0,2071.8833,218.22751,2478.9355,587.9701,0.9176375269889832,14,6,6,6
no_retractors_Mandibular_anonymous_003-007-1303-00_1733387722479_Mandibular_View.jpg,1,42.866657,259.2513,419.415,629.55005,0.9068489074707031,14,9,9,9
no_retractors_Mandibular_anonymous_003-007-1303-00_1733387722479_Mandibular_View.jpg,2,74.854935,573.21136,502.30063,960.871,0.8574536442756653,14,1,1,1
no_retractors_Mandibular_anonymous_003-007-1303-00_1733387722479_Mandibular_View.jpg,3,1996.257,542.5684,2446.9133,969.0052,0.5971575975418091,14,0,0,0
no_retractors_Mandibular_anonymous_003-007-1340-00_1733554137729_Mandibular_View.jpg,0,1842.7728,114.36991,2229.1118,461.0515,0.9253240823745728,14,10,10,10
no_retractors_Mandibular_anonymous_003-007-1340-00_1733554137729_Mandibular_View.jpg,1,121.43943,561.156,515.5075,920.3725,0.9192236661911011,14,3,3,3
no_retractors_Mandibular_anonymous_003-007-1340-00_1733554137729_Mandibular_View.jpg,2,64.43228,298.56036,439.67307,628.9716,0.9166738390922546,14,6,6,6
no_retractors_Mandibular_anonymous_003-007-1340-00_1733554137729_Mandibular_View.jpg,3,1774.3691,413.76868,2191.0874,771.277,0.9095896482467651,14,1,1,1
no_retractors_Mandibular_anonymous_003-007-1340-00_1733554137729_Mandibular_View.jpg,4,216.61024,832.43945,545.03046,1119.8823,0.8787270784378052,14,0,0,0
no_retractors_Mandibular_anonymous_003-007-1340-00_1733554137729_Mandibular_View.jpg,5,1752.9952,705.81805,2094.4863,989.6677,0.8258773684501648,14,4,4,4
no_retractors_Mandibular_anonymous_003-007-1342-00_1733555666542_Mandibular_View.jpg,0,64.338165,436.437,447.9902,803.54156,0.9116398096084595,13,5,5,5
no_retractors_Mandibular_anonymous_003-007-1361-00_1733724284664_Mandibular_View.jpg,0,265.6842,528.882,557.53723,882.07715,0.9181597828865051,14,6,6,6
no_retractors_Mandibular_anonymous_003-007-1361-00_1733724284664_Mandibular_View.jpg,1,1722.9138,37.29308,2057.9062,377.71097,0.4718877971172333,14,7,7,7
no_retractors_Mandibular_anonymous_003-007-1361-00_1733724284664_Mandibular_View.jpg,2,1646.7023,367.62125,2029.8334,764.3505,0.4135313034057617,14,3,3,3
no_retractors_Mandibular_anonymous_003-007-1384-00_1733810523480_Mandibular_View.jpg,0,84.672554,496.00842,524.60803,878.91156,0.9213037490844727,14,2,2,2
no_retractors_Mandibular_anonymous_003-007-1384-00_1733810523480_Mandibular_View.jpg,1,2113.6794,177.41206,2528.2595,487.458,0.9107935428619385,14,12,12,12
no_retractors_Mandibular_anonymous_003-007-1384-00_1733810523480_Mandibular_View.jpg,2,2032.9456,429.03815,2500.9104,835.55096,0.758230447769165,14,1,1,1
no_retractors_Mandibular_anonymous_003-007-1384-00_1733810523480_Mandibular_View.jpg,3,52.99179,238.52081,445.8824,551.4632,0.7474759221076965,14,6,6,6
no_retractors_Mandibular_anonymous_003-007-1400-00_1733894193696_Mandibular_View.jpg,0,2129.7302,205.8023,2588.916,655.2085,0.9000992178916931,14,9,9,9
no_retractors_Mandibular_anonymous_003-007-1400-00_1733894193696_Mandibular_View.jpg,1,100.72213,598.17224,550.3277,1026.1387,0.7069913744926453,14,2,2,2
no_retractors_Mandibular_anonymous_003-007-1400-00_1733894193696_Mandibular_View.jpg,2,2002.0481,608.9221,2496.1433,1068.8623,0.6780457496643066,14,3,3,3
no_retractors_Mandibular_anonymous_003-007-1421-00_1733979671839_Mandibular_View.jpg,0,223.01462,447.42752,566.40875,756.7148,0.9217749238014221,13,3,3,3
no_retractors_Mandibular_anonymous_003-007-1421-00_1733979671839_Mandibular_View.jpg,1,2094.781,93.50804,2436.6062,428.72928,0.9063945412635803,13,10,10,10
no_retractors_Mandibular_anonymous_003-007-1421-00_1733979671839_Mandibular_View.jpg,2,277.79166,695.85406,597.68665,1003.6824,0.901226282119751,13,1,1,1
no_retractors_Mandibular_anonymous_003-007-1421-00_1733979671839_Mandibular_View.jpg,3,194.09392,210.42535,467.06506,481.56274,0.8740183711051941,13,8,8,8
no_retractors_Mandibular_anonymous_003-007-1421-00_1733979671839_Mandibular_View.jpg,4,1921.512,652.74255,2271.3796,1009.5213,0.8733229041099548,13,0,0,0
no_retractors_Mandibular_anonymous_003-007-1421-00_1733979671839_Mandibular_View.jpg,5,1951.7378,366.60098,2395.9924,758.829,0.8317030668258667,13,ninguna,ninguna,ninguna
no_retractors_Mandibular_anonymous_003-007-577-00_1728965843715_Mandibular_View.jpg,0,370.87518,346.7713,758.04626,687.95056,0.9325361251831055,14,3,3,3
no_retractors_Mandibular_anonymous_003-007-577-00_1728965843715_Mandibular_View.jpg,1,2018.3151,341.36108,2393.7468,667.5647,0.9247722625732422,14,8,8,8
no_retractors_Mandibular_anonymous_003-007-577-00_1728965843715_Mandibular_View.jpg,2,2054.476,67.13394,2413.2761,380.2502,0.9225227236747742,14,1,1,1
no_retractors_Mandibular_anonymous_003-007-577-00_1728965843715_Mandibular_View.jpg,3,317.51886,68.44222,659.7797,376.77676,0.8866463303565979,14,5,5,5
no_retractors_Mandibular_anonymous_003-007-577-00_1728965843715_Mandibular_View.jpg,4,1953.9543,602.0284,2313.6646,964.8434,0.8486645817756653,14,0,0,0
no_retractors_Mandibular_anonymous_003-007-577-00_1728965843715_Mandibular_View.jpg,5,460.81378,616.8477,827.0699,1006.4642,0.7969515919685364,14,2,2,2
no_retractors_Mandibular_anonymous_003-007-583-00_1728975790763_Mandibular_View.jpg,0,2198.9685,78.35753,2571.8215,352.31836,0.8008441925048828,14,13,13,13
no_retractors_Mandibular_anonymous_003-007-632-00_1729144134892_Mandibular_View.jpg,0,0.0,211.83215,372.82382,505.78314,0.9212257266044617,12,8,8,8
no_retractors_Mandibular_anonymous_003-007-632-00_1729144134892_Mandibular_View.jpg,1,1638.3744,231.95961,2023.52,596.2315,0.9115707874298096,12,4,4,4
no_retractors_Mandibular_anonymous_003-007-660-00_1729228102787_Mandibular_View.jpg,0,66.53824,596.2389,498.10855,986.9802,0.785231351852417,14,4,4,4
no_retractors_Mandibular_anonymous_003-007-660-00_1729228102787_Mandibular_View.jpg,1,1829.448,345.07397,2223.4917,679.99506,0.7672925591468811,14,3,3,3
no_retractors_Mandibular_anonymous_003-007-660-00_1729228102787_Mandibular_View.jpg,2,199.63994,916.9616,571.7476,1226.8973,0.677181601524353,14,0,0,0
no_retractors_Mandibular_anonymous_003-007-660-00_1729228102787_Mandibular_View.jpg,3,5.260809,272.40372,384.9516,632.801,0.551464855670929,14,7,7,7
no_retractors_Mandibular_anonymous_003-007-660-00_1729228102787_Mandibular_View.jpg,4,1803.3297,20.836296,2166.77,360.959,0.5355142951011658,14,6,6,6
no_retractors_Mandibular_anonymous_003-007-663-00_1729231959410_Mandibular_View.jpg,0,119.373055,445.9822,513.9628,839.17816,0.93600994348526,14,1,1,1
no_retractors_Mandibular_anonymous_003-007-663-00_1729231959410_Mandibular_View.jpg,1,1775.3701,395.98315,2140.994,778.52246,0.9242483973503113,14,4,4,4
no_retractors_Mandibular_anonymous_003-007-663-00_1729231959410_Mandibular_View.jpg,2,1820.6995,90.42527,2152.92,423.6102,0.9168892502784729,14,13,13,13
no_retractors_Mandibular_anonymous_003-007-663-00_1729231959410_Mandibular_View.jpg,3,66.57123,153.43582,433.3255,490.07236,0.8388809561729431,14,10,10,10
no_retractors_Mandibular_anonymous_003-007-669-00_1729236271453_Mandibular_View.jpg,0,114.90023,381.4965,527.5663,760.6223,0.9069995284080505,12,4,4,4
no_retractors_Mandibular_anonymous_003-007-669-00_1729236271453_Mandibular_View.jpg,1,2048.6323,573.8167,2501.0005,999.2123,0.9044754505157471,12,2,2,2
no_retractors_Mandibular_anonymous_003-007-669-00_1729236271453_Mandibular_View.jpg,2,205.9632,711.3714,682.81287,1168.1687,0.8868561387062073,12,1,1,1
no_retractors_Mandibular_anonymous_003-007-709-00_1729484054385_Mandibular_View.jpg,0,1326.2881,52.63572,1594.2825,275.8015,0.9292398691177368,14,8,8,8
no_retractors_Mandibular_anonymous_003-007-709-00_1729484054385_Mandibular_View.jpg,1,14.458434,272.20807,286.2413,516.4286,0.9204304218292236,14,9,9,9
no_retractors_Mandibular_anonymous_003-007-709-00_1729484054385_Mandibular_View.jpg,2,102.89673,455.6195,391.7446,729.8052,0.9169748425483704,14,3,3,3
no_retractors_Mandibular_anonymous_003-007-709-00_1729484054385_Mandibular_View.jpg,3,1279.2439,253.06445,1580.5729,502.06955,0.8572778105735779,14,5,5,5
no_retractors_Mandibular_anonymous_003-007-709-00_1729484054385_Mandibular_View.jpg,4,1255.4458,436.93433,1492.2422,636.1455,0.7938409447669983,14,1,1,1
no_retractors_Mandibular_anonymous_003-007-723-00_1729499837526_Mandibular_View.jpg,0,1316.003,180.59038,1602.254,412.3605,0.9109019637107849,14,5,5,5
no_retractors_Mandibular_anonymous_003-007-723-00_1729499837526_Mandibular_View.jpg,1,103.68694,169.07114,378.91238,427.53687,0.9064800143241882,14,6,6,6
no_retractors_Mandibular_anonymous_003-007-723-00_1729499837526_Mandibular_View.jpg,2,187.91765,372.6449,475.2192,634.21515,0.8890178799629211,14,0,0,0
no_retractors_Mandibular_anonymous_003-007-723-00_1729499837526_Mandibular_View.jpg,3,274.43295,585.2755,506.60083,811.6636,0.8742865324020386,14,2,2,2
no_retractors_Mandibular_anonymous_003-007-786-00_1729836270232_Mandibular_View.jpg,0,1690.877,392.19162,2089.6401,793.8873,0.9350736141204834,14,0,0,0
no_retractors_Mandibular_anonymous_003-007-786-00_1729836270232_Mandibular_View.jpg,1,45.6939,339.1825,441.19315,705.22473,0.9312824010848999,14,6,6,6
no_retractors_Mandibular_anonymous_003-007-786-00_1729836270232_Mandibular_View.jpg,2,1641.9937,684.6959,1958.8882,1001.5549,0.7420589923858643,14,3,3,3
no_retractors_Mandibular_anonymous_003-007-788-00_1729839721436_Mandibular_View.jpg,0,1263.2286,231.89047,1547.6102,470.02844,0.9265546798706055,16,3,3,3
no_retractors_Mandibular_anonymous_003-007-788-00_1729839721436_Mandibular_View.jpg,1,38.841206,107.4965,314.2861,358.98846,0.9227086305618286,16,11,11,11
no_retractors_Mandibular_anonymous_003-007-788-00_1729839721436_Mandibular_View.jpg,2,119.91274,307.85855,430.44858,587.2416,0.9183093309402466,16,2,2,2
no_retractors_Mandibular_anonymous_003-007-788-00_1729839721436_Mandibular_View.jpg,3,1285.5842,44.524136,1525.7283,273.03506,0.905146598815918,16,7,7,7
no_retractors_Mandibular_anonymous_003-007-788-00_1729839721436_Mandibular_View.jpg,4,1293.8624,429.467,1527.7937,594.7572,0.683085560798645,16,5,5,5
no_retractors_Mandibular_anonymous_003-007-788-00_1729839721436_Mandibular_View.jpg,5,1280.3954,557.2719,1498.6327,749.36127,0.6211401224136353,16,1,1,1
no_retractors_Mandibular_anonymous_003-007-788-00_1729839721436_Mandibular_View.jpg,6,224.67781,525.5456,469.61835,741.64343,0.5852329730987549,16,0,0,0
no_retractors_Mandibular_anonymous_003-007-810-00_1729925219683_Mandibular_View.jpg,0,216.67871,408.82318,619.3186,816.2116,0.920067310333252,12,1,1,1
no_retractors_Mandibular_anonymous_003-007-810-00_1729925219683_Mandibular_View.jpg,1,15.595919,62.03642,471.3509,487.391,0.9184649586677551,12,5,5,5
no_retractors_Mandibular_anonymous_003-007-810-00_1729925219683_Mandibular_View.jpg,2,1765.9391,51.600452,2172.8872,440.12518,0.91819828748703,12,9,9,9
no_retractors_Mandibular_anonymous_003-007-810-00_1729925219683_Mandibular_View.jpg,3,1718.818,382.4914,2083.9233,735.7232,0.9165302515029907,12,2,2,2
no_retractors_Mandibular_anonymous_003-007-810-00_1729925219683_Mandibular_View.jpg,4,382.00586,740.60095,708.91095,1100.4935,0.722996711730957,12,0,0,0
no_retractors_Mandibular_anonymous_003-007-810-00_1729925219683_Mandibular_View.jpg,5,1705.251,693.34015,2006.9194,1032.0306,0.6951096653938293,12,8,8,8
no_retractors_Mandibular_anonymous_003-007-921-00_1730696794338_Mandibular_View.jpg,0,1993.4783,84.340775,2488.37,484.98404,0.898090660572052,14,5,5,5
no_retractors_Mandibular_anonymous_003-007-921-00_1730696794338_Mandibular_View.jpg,1,1922.8752,446.41998,2456.5918,940.2625,0.8963688611984253,14,2,2,2
no_retractors_Mandibular_anonymous_003-007-921-00_1730696794338_Mandibular_View.jpg,2,163.7458,905.41583,511.4951,1203.3716,0.8298779726028442,14,6,6,6
no_retractors_Mandibular_anonymous_003-007-921-00_1730696794338_Mandibular_View.jpg,3,59.678654,575.4861,532.315,979.64905,0.8135082125663757,14,4,4,4
no_retractors_Mandibular_anonymous_003-007-921-00_1730696794338_Mandibular_View.jpg,4,53.91221,244.18504,477.59662,620.73456,0.6336263418197632,14,13,13,13
no_retractors_Mandibular_anonymous_003-007-925-00_1730702265650_Mandibular_View.jpg,0,6.9196734,382.33817,409.42874,766.99976,0.9202035665512085,12,9,9,9
no_retractors_Mandibular_anonymous_003-007-925-00_1730702265650_Mandibular_View.jpg,1,1702.8074,560.8615,2114.3845,970.29675,0.9119391441345215,12,0,0,0
no_retractors_Mandibular_anonymous_003-007-925-00_1730702265650_Mandibular_View.jpg,2,1798.2733,220.85963,2235.4934,646.69666,0.911063015460968,12,5,5,5
no_retractors_Mandibular_anonymous_003-007-925-00_1730702265650_Mandibular_View.jpg,3,127.47736,703.5388,484.73096,1084.143,0.8959046602249146,12,2,2,2
no_retractors_Mandibular_anonymous_003-007-925-00_1730702265650_Mandibular_View.jpg,4,1627.2822,880.59625,1947.4655,1246.547,0.8428636193275452,12,11,11,11
no_retractors_Mandibular_anonymous_003-007-925-00_1730702265650_Mandibular_View.jpg,5,269.37967,991.21295,541.60724,1348.561,0.3587561845779419,12,10,1,10
no_retractors_Mandibular_anonymous_003-007-927-00_1730706613383_Mandibular_View.jpg,0,2087.854,173.21579,2551.229,563.2659,0.8976002335548401,15,12,12,12
no_retractors_Mandibular_anonymous_003-007-927-00_1730706613383_Mandibular_View.jpg,1,207.95595,370.81296,572.24524,708.83264,0.8965312242507935,15,10,1,10
no_retractors_Mandibular_anonymous_003-007-927-00_1730706613383_Mandibular_View.jpg,2,260.20645,652.665,635.1243,1044.5592,0.893622636795044,15,1,1,1
no_retractors_Mandibular_anonymous_003-007-927-00_1730706613383_Mandibular_View.jpg,3,1993.3564,517.11505,2464.0693,927.3393,0.7459933161735535,15,0,0,0
no_retractors_Mandibular_anonymous_003-007-946-00_1730786337286_Mandibular_View.jpg,0,1689.7776,315.09344,2166.5706,788.2811,0.8677403926849365,11,0,0,0
no_retractors_Mandibular_anonymous_003-007-946-00_1730786337286_Mandibular_View.jpg,1,87.08422,351.28815,522.7864,800.5315,0.4637276232242584,11,4,4,4
no_retractors_Mandibular_anonymous_003-007-946-00_1730786337286_Mandibular_View.jpg,2,215.68068,740.382,605.90955,1169.122,0.33592790365219116,11,1,1,1
no_retractors_Mandibular_anonymous_003-007-946-00_1730786337286_Mandibular_View.jpg,3,1606.6014,1133.7595,1828.368,1433.3,0.288360059261322,11,ninguna,ninguna,ninguna
no_retractors_Mandibular_anonymous_003-007-971-00_1730882176306_Mandibular_View.jpg,0,2068.5127,215.59793,2475.5042,602.5159,0.7589507102966309,13,4,4,4
no_retractors_Mandibular_anonymous_003-007-971-00_1730882176306_Mandibular_View.jpg,1,3.1538577,233.08617,443.86206,642.8823,0.4409405291080475,13,5,5,5
no_retractors_Mandibular_anonymous_003-007-971-00_1730882176306_Mandibular_View.jpg,2,1995.0156,550.0038,2415.81,942.57263,0.41226842999458313,13,2,2,2
no_retractors_Mandibular_anonymous_003-008-1046-00_1731321007329_Mandibular_View.jpg,0,107.15283,217.99574,364.16263,433.06134,0.9141668677330017,15,1,1,1
no_retractors_Mandibular_anonymous_003-008-1046-00_1731321007329_Mandibular_View.jpg,1,1134.1606,241.68379,1378.8402,440.65982,0.8651155829429626,15,0,0,0
no_retractors_Mandibular_anonymous_003-008-1050-00_1731326583496_Mandibular_View.jpg,0,971.69244,433.45175,1148.7506,616.609,0.7307671904563904,12,0,0,0
no_retractors_Mandibular_anonymous_003-008-1050-00_1731326583496_Mandibular_View.jpg,1,943.1946,572.2484,1086.292,746.8094,0.721065104007721,12,4,4,4
no_retractors_Mandibular_anonymous_003-008-1050-00_1731326583496_Mandibular_View.jpg,2,49.15819,245.51755,256.23575,435.9552,0.5806610584259033,12,1,1,1
no_retractors_Mandibular_anonymous_003-008-1050-00_1731326583496_Mandibular_View.jpg,3,1004.1594,263.83228,1197.4636,452.77756,0.39628079533576965,12,6,6,6
no_retractors_Mandibular_anonymous_003-008-1068-00_1731407626620_Mandibular_View.jpg,0,953.93604,346.43604,1159.6375,526.9036,0.90596604347229,14,2,2,2
no_retractors_Mandibular_anonymous_003-008-1068-00_1731407626620_Mandibular_View.jpg,1,81.83394,328.80518,277.76056,508.65924,0.8934382796287537,14,3,3,3
no_retractors_Mandibular_anonymous_003-008-1068-00_1731407626620_Mandibular_View.jpg,2,1008.558,197.73239,1214.7539,383.30472,0.8573009371757507,14,9,9,9
no_retractors_Mandibular_anonymous_003-008-1068-00_1731407626620_Mandibular_View.jpg,3,26.278456,183.45714,222.09914,353.84387,0.2661806344985962,14,6,6,6
no_retractors_Mandibular_anonymous_003-008-1110-00_1732280871545_Mandibular_View.jpg,0,25.66813,110.18411,220.93655,268.53876,0.9327926635742188,14,4,4,4
no_retractors_Mandibular_anonymous_003-008-1110-00_1732280871545_Mandibular_View.jpg,1,969.1509,209.52466,1177.2582,376.57843,0.774894118309021,14,13,13,13
no_retractors_Mandibular_anonymous_003-008-1110-00_1732280871545_Mandibular_View.jpg,2,933.75665,345.81885,1147.653,549.4682,0.5204704999923706,14,0,0,0
no_retractors_Mandibular_anonymous_003-008-1110-00_1732280871545_Mandibular_View.jpg,3,55.899128,247.29376,284.04263,449.38303,0.3460007309913635,14,2,2,2
no_retractors_Mandibular_anonymous_003-008-1138-00_1732535496374_Mandibular_View.jpg,0,877.08453,379.81754,1080.6458,576.43036,0.8990623950958252,18,0,0,0
no_retractors_Mandibular_anonymous_003-008-1138-00_1732535496374_Mandibular_View.jpg,1,126.68663,376.6157,320.14548,566.5375,0.8804062008857727,18,1,1,1
no_retractors_Mandibular_anonymous_003-008-1138-00_1732535496374_Mandibular_View.jpg,2,894.09424,552.2541,1054.866,724.40405,0.7237579822540283,18,12,12,12
no_retractors_Mandibular_anonymous_003-008-1138-00_1732535496374_Mandibular_View.jpg,3,65.82968,53.57442,240.39517,242.14876,0.6090036630630493,18,15,15,15
no_retractors_Mandibular_anonymous_003-008-1138-00_1732535496374_Mandibular_View.jpg,4,65.060715,224.6547,279.86697,407.63486,0.2633136808872223,18,3,3,3
no_retractors_Mandibular_anonymous_003-008-1184-00_1732710518322_Mandibular_View.jpg,0,44.793365,289.64102,276.72446,505.98383,0.9253575801849365,14,4,4,4
no_retractors_Mandibular_anonymous_003-008-1184-00_1732710518322_Mandibular_View.jpg,1,977.053,298.68283,1201.3395,511.87216,0.9024348855018616,14,6,6,6
no_retractors_Mandibular_anonymous_003-008-1184-00_1732710518322_Mandibular_View.jpg,2,1034.5928,184.80255,1213.8462,321.4162,0.8583839535713196,14,7,7,7
no_retractors_Mandibular_anonymous_003-008-1206-00_1732794547718_Mandibular_View.jpg,0,104.25515,116.93687,322.81506,306.07895,0.9212494492530823,14,2,2,2
no_retractors_Mandibular_anonymous_003-008-1206-00_1732794547718_Mandibular_View.jpg,1,1142.6377,253.72176,1380.3601,447.8002,0.7938576340675354,14,4,4,4
no_retractors_Mandibular_anonymous_003-008-1206-00_1732794547718_Mandibular_View.jpg,2,139.26,289.8741,376.69043,481.71866,0.5532200932502747,14,0,0,0
no_retractors_Mandibular_anonymous_003-008-1222-00_1732876045526_Mandibular_View.jpg,0,131.18007,369.44138,332.5241,574.9254,0.9391440153121948,13,0,0,0
no_retractors_Mandibular_anonymous_003-008-1222-00_1732876045526_Mandibular_View.jpg,1,910.0543,388.43634,1104.716,597.81104,0.9326587319374084,13,1,1,1
no_retractors_Mandibular_anonymous_003-008-1222-00_1732876045526_Mandibular_View.jpg,2,73.516426,200.8242,292.264,397.39578,0.9302021861076355,13,3,3,3
no_retractors_Mandibular_anonymous_003-008-1222-00_1732876045526_Mandibular_View.jpg,3,925.8441,227.76558,1141.6823,419.6539,0.9248978495597839,13,6,6,6
no_retractors_Mandibular_anonymous_003-008-1222-00_1732876045526_Mandibular_View.jpg,4,867.3102,512.06903,1031.6013,680.9164,0.8955733180046082,13,10,10,10
no_retractors_Mandibular_anonymous_003-008-1229-00_1732885041482_Mandibular_View.jpg,0,971.7735,198.76994,1188.1533,405.811,0.932498037815094,14,3,3,3
no_retractors_Mandibular_anonymous_003-008-1229-00_1732885041482_Mandibular_View.jpg,1,32.875782,226.15236,257.77142,434.17633,0.9270564913749695,14,4,4,4
no_retractors_Mandibular_anonymous_003-008-1229-00_1732885041482_Mandibular_View.jpg,2,973.1861,366.95526,1129.1776,517.0427,0.34893539547920227,14,5,5,5
no_retractors_Mandibular_anonymous_003-008-1251-00_1732969328065_Mandibular_View.jpg,0,981.9983,250.21516,1210.0166,463.0077,0.9094229936599731,12,2,2,2
no_retractors_Mandibular_anonymous_003-008-1251-00_1732969328065_Mandibular_View.jpg,1,130.10864,344.3158,330.85452,527.98254,0.5133228898048401,12,8,8,8
no_retractors_Mandibular_anonymous_003-008-1251-00_1732969328065_Mandibular_View.jpg,2,932.602,412.5755,1129.6692,608.8539,0.29137709736824036,12,1,1,1
no_retractors_Mandibular_anonymous_003-008-1273-00_1733140554614_Mandibular_View.jpg,0,1017.2191,59.007233,1226.1951,246.17026,0.9141113758087158,16,7,7,7
no_retractors_Mandibular_anonymous_003-008-1273-00_1733140554614_Mandibular_View.jpg,1,137.43224,27.40193,328.23288,207.32854,0.9104533791542053,16,6,6,6
no_retractors_Mandibular_anonymous_003-008-1273-00_1733140554614_Mandibular_View.jpg,2,964.9375,219.23863,1188.0464,413.23898,0.9072231650352478,16,2,2,2
no_retractors_Mandibular_anonymous_003-008-1273-00_1733140554614_Mandibular_View.jpg,3,156.29416,189.20775,380.41028,378.09094,0.8886904716491699,16,0,0,0
no_retractors_Mandibular_anonymous_003-008-1289-00_1733308999573_Mandibular_View.jpg,0,117.40215,171.92526,331.09665,371.1152,0.9071946740150452,14,1,1,1
no_retractors_Mandibular_anonymous_003-008-1289-00_1733308999573_Mandibular_View.jpg,1,1006.2772,49.268257,1203.6031,231.1018,0.8971361517906189,14,11,11,11
no_retractors_Mandibular_anonymous_003-008-1289-00_1733308999573_Mandibular_View.jpg,2,958.10406,196.1747,1171.864,390.52957,0.4197947680950165,14,3,3,3
no_retractors_Mandibular_anonymous_003-008-1295-00_1733315710222_Mandibular_View.jpg,0,883.42285,269.06433,1080.0273,458.19727,0.9344854950904846,15,2,2,2
no_retractors_Mandibular_anonymous_003-008-1295-00_1733315710222_Mandibular_View.jpg,1,69.65653,306.0333,264.86438,496.7854,0.9186661839485168,15,1,1,1
no_retractors_Mandibular_anonymous_003-008-1295-00_1733315710222_Mandibular_View.jpg,2,36.691673,169.11697,188.69211,333.43994,0.6355918645858765,15,11,11,11
no_retractors_Mandibular_anonymous_003-008-1308-00_1733401560725_Mandibular_View.jpg,0,56.750103,319.0176,272.41357,514.0431,0.9059152007102966,14,1,1,1
no_retractors_Mandibular_anonymous_003-008-1308-00_1733401560725_Mandibular_View.jpg,1,914.98065,236.57706,1130.232,438.47635,0.8215441107749939,14,2,2,2
no_retractors_Mandibular_anonymous_003-008-1308-00_1733401560725_Mandibular_View.jpg,2,15.357825,146.49503,219.56688,340.00525,0.3283292055130005,14,5,5,5
no_retractors_Mandibular_anonymous_003-008-1311-00_1733404330359_Mandibular_View.jpg,0,865.3308,277.5698,1039.2782,416.67606,0.9319103956222534,17,5,5,5
no_retractors_Mandibular_anonymous_003-008-1311-00_1733404330359_Mandibular_View.jpg,1,86.09426,234.19202,252.65097,371.98837,0.9287092685699463,17,14,14,14
no_retractors_Mandibular_anonymous_003-008-1311-00_1733404330359_Mandibular_View.jpg,2,108.27938,349.09875,286.21512,498.8385,0.9246898889541626,17,16,16,16
no_retractors_Mandibular_anonymous_003-008-1311-00_1733404330359_Mandibular_View.jpg,3,822.7956,389.78195,1011.8804,540.7948,0.9231482148170471,17,2,2,2
no_retractors_Mandibular_anonymous_003-008-1311-00_1733404330359_Mandibular_View.jpg,4,62.591694,103.59756,210.93326,242.96457,0.7336891293525696,17,1,1,1
no_retractors_Mandibular_anonymous_003-008-1394-00_1733831166816_Mandibular_View.jpg,0,93.17758,274.2641,316.938,462.71796,0.7223601341247559,15,6,6,6
no_retractors_Mandibular_anonymous_003-008-1419-00_1733919354561_Mandibular_View.jpg,0,74.75473,337.1462,291.10382,515.6832,0.9209272265434265,14,0,0,0
no_retractors_Mandibular_anonymous_003-008-1419-00_1733919354561_Mandibular_View.jpg,1,910.0367,369.4403,1112.6211,547.2645,0.9165997505187988,14,1,1,1
no_retractors_Mandibular_anonymous_003-008-1419-00_1733919354561_Mandibular_View.jpg,2,875.44135,498.4443,1072.133,635.33496,0.2608831822872162,14,13,13,13
no_retractors_Mandibular_anonymous_003-008-1458-00_1734086368021_Mandibular_View.jpg,0,124.30694,193.53854,324.14758,375.47937,0.9148638248443604,14,1,1,1
no_retractors_Mandibular_anonymous_003-008-1458-00_1734086368021_Mandibular_View.jpg,1,985.0033,208.57704,1193.727,404.47223,0.5306515097618103,14,0,0,0
no_retractors_Mandibular_anonymous_003-008-567-00_1728910691586_Mandibular_View.jpg,0,42.566338,278.06604,270.8679,470.708,0.9184622764587402,23,4,4,4
no_retractors_Mandibular_anonymous_003-008-567-00_1728910691586_Mandibular_View.jpg,1,1191.3037,201.83446,1434.1787,410.41196,0.9172695279121399,23,6,6,6
no_retractors_Mandibular_anonymous_003-008-567-00_1728910691586_Mandibular_View.jpg,2,1139.4512,391.37872,1401.5627,602.08105,0.8989550471305847,23,2,2,2
no_retractors_Mandibular_anonymous_003-008-567-00_1728910691586_Mandibular_View.jpg,3,80.071175,450.8288,327.9731,657.11304,0.7983051538467407,23,3,3,3
no_retractors_Mandibular_anonymous_003-008-615-00_1729074735259_Mandibular_View.jpg,0,102.36077,351.7601,322.289,548.9508,0.916472852230072,23,1,1,1
no_retractors_Mandibular_anonymous_003-008-615-00_1729074735259_Mandibular_View.jpg,1,1064.0217,212.2423,1257.8887,410.2955,0.9048715233802795,23,17,17,17
no_retractors_Mandibular_anonymous_003-008-615-00_1729074735259_Mandibular_View.jpg,2,995.2359,350.19592,1221.5236,551.8913,0.900107741355896,23,7,7,7
no_retractors_Mandibular_anonymous_003-008-615-00_1729074735259_Mandibular_View.jpg,3,60.70846,205.42783,257.56265,377.77875,0.8930280208587646,23,14,14,14
no_retractors_Mandibular_anonymous_003-008-615-00_1729074735259_Mandibular_View.jpg,4,968.6016,503.17838,1160.9135,659.7176,0.8772842884063721,23,8,8,8
no_retractors_Mandibular_anonymous_003-008-679-00_1729249395420_Mandibular_View.jpg,0,9.524894,207.05132,186.35707,359.85184,0.924263596534729,17,6,6,6
no_retractors_Mandibular_anonymous_003-008-679-00_1729249395420_Mandibular_View.jpg,1,47.69412,334.67346,231.31038,499.33084,0.9145544767379761,17,0,0,0
no_retractors_Mandibular_anonymous_003-008-679-00_1729249395420_Mandibular_View.jpg,2,838.9855,179.84013,1019.29297,332.81528,0.8645583391189575,17,7,7,7
no_retractors_Mandibular_anonymous_003-008-679-00_1729249395420_Mandibular_View.jpg,3,125.55538,455.74033,281.76657,587.1614,0.4306963086128235,17,14,14,14
no_retractors_Mandibular_anonymous_003-008-741-00_1729595555946_Mandibular_View.jpg,0,26.699486,94.85088,177.1922,228.70618,0.9158321022987366,15,6,6,6
no_retractors_Mandibular_anonymous_003-008-741-00_1729595555946_Mandibular_View.jpg,1,752.8506,155.99289,914.8888,309.23743,0.8888304233551025,15,12,12,12
no_retractors_Mandibular_anonymous_003-008-741-00_1729595555946_Mandibular_View.jpg,2,722.9074,253.63507,881.66376,403.0051,0.88297039270401,15,0,0,0
no_retractors_Mandibular_anonymous_003-008-741-00_1729595555946_Mandibular_View.jpg,3,29.089277,210.56007,207.48705,347.36612,0.8273611664772034,15,2,2,2
no_retractors_Mandibular_anonymous_003-008-743-00_1729599647750_Mandibular_View.jpg,0,49.114986,236.4289,232.02626,398.9334,0.931712806224823,14,7,7,7
no_retractors_Mandibular_anonymous_003-008-743-00_1729599647750_Mandibular_View.jpg,1,98.575615,368.417,298.9444,521.9053,0.9228342771530151,14,2,2,2
no_retractors_Mandibular_anonymous_003-008-743-00_1729599647750_Mandibular_View.jpg,2,961.78906,250.62471,1142.2394,417.65964,0.9172987341880798,14,13,13,13
no_retractors_Mandibular_anonymous_003-008-743-00_1729599647750_Mandibular_View.jpg,3,921.951,377.5919,1112.4381,545.62994,0.7766489386558533,14,3,3,3
no_retractors_Mandibular_anonymous_003-008-799-00_1729861944603_Mandibular_View.jpg,0,43.64505,264.87268,274.9434,442.25732,0.9260061383247375,15,2,2,2
no_retractors_Mandibular_anonymous_003-008-799-00_1729861944603_Mandibular_View.jpg,1,973.55994,297.89746,1203.9155,502.06305,0.9252468347549438,15,5,5,5
no_retractors_Mandibular_anonymous_003-008-799-00_1729861944603_Mandibular_View.jpg,2,33.337795,112.46448,238.0532,288.22388,0.9124454259872437,15,0,0,0
no_retractors_Mandibular_anonymous_003-008-799-00_1729861944603_Mandibular_View.jpg,3,92.47511,413.15585,296.73254,593.2118,0.8970773816108704,15,3,3,3
no_retractors_Mandibular_anonymous_003-008-799-00_1729861944603_Mandibular_View.jpg,4,940.9892,450.29727,1149.0157,635.5731,0.8879929184913635,15,11,11,11
no_retractors_Mandibular_anonymous_003-008-799-00_1729861944603_Mandibular_View.jpg,5,926.49493,585.8126,1091.2698,754.62756,0.7832650542259216,15,6,6,6
no_retractors_Mandibular_anonymous_003-008-799-00_1729861944603_Mandibular_View.jpg,6,1025.982,152.46999,1246.3411,332.74005,0.42993345856666565,15,1,1,1
no_retractors_Mandibular_anonymous_003-008-826-00_1729951922030_Mandibular_View.jpg,0,5.7632246,96.70764,196.84206,246.62892,0.9231253266334534,14,5,5,5
no_retractors_Mandibular_anonymous_003-008-826-00_1729951922030_Mandibular_View.jpg,1,929.8664,153.60527,1116.0332,323.18854,0.9201898574829102,14,11,11,11
no_retractors_Mandibular_anonymous_003-008-826-00_1729951922030_Mandibular_View.jpg,2,35.385704,224.83794,255.11453,393.17227,0.8592371940612793,14,2,2,2
no_retractors_Mandibular_anonymous_003-008-826-00_1729951922030_Mandibular_View.jpg,3,875.43427,279.865,1081.3899,460.17264,0.8410782814025879,14,13,13,13
no_retractors_Mandibular_anonymous_003-008-826-00_1729951922030_Mandibular_View.jpg,4,873.3124,423.90933,1022.5052,555.7869,0.4216112196445465,14,1,1,1
no_retractors_Mandibular_anonymous_003-008-845-00_1730114764937_Mandibular_View.jpg,0,99.41667,275.7797,274.23105,427.33374,0.8845874071121216,13,0,0,0
no_retractors_Mandibular_anonymous_003-008-845-00_1730114764937_Mandibular_View.jpg,1,30.344864,144.5197,233.6436,307.75833,0.8821789622306824,13,5,5,5
no_retractors_Mandibular_anonymous_003-008-845-00_1730114764937_Mandibular_View.jpg,2,795.52386,194.4134,980.5868,369.08878,0.7164611220359802,13,4,4,4
no_retractors_Mandibular_anonymous_003-008-866-00_1730209761250_Mandibular_View.jpg,0,1008.0828,210.68124,1189.4242,379.33823,0.8863437175750732,14,10,10,10
no_retractors_Mandibular_anonymous_003-008-866-00_1730209761250_Mandibular_View.jpg,1,26.571653,277.93405,243.49799,470.79883,0.7032185792922974,14,2,2,2
no_retractors_Mandibular_anonymous_003-008-866-00_1730209761250_Mandibular_View.jpg,2,961.51935,343.0037,1167.1969,550.8903,0.6552225351333618,14,3,3,3
no_retractors_Mandibular_anonymous_003-008-886-00_1730285789339_Mandibular_View.jpg,0,773.8477,347.7586,975.5427,536.7626,0.9344573020935059,16,1,1,1
no_retractors_Mandibular_anonymous_003-008-886-00_1730285789339_Mandibular_View.jpg,1,111.30334,316.3235,299.8596,506.90424,0.9276105761528015,16,14,14,14
no_retractors_Mandibular_anonymous_003-008-886-00_1730285789339_Mandibular_View.jpg,2,35.05956,163.77063,247.90034,346.30026,0.9187488555908203,16,6,6,6
no_retractors_Mandibular_anonymous_003-008-886-00_1730285789339_Mandibular_View.jpg,3,810.4416,199.11732,1030.6455,379.9764,0.9005410075187683,16,2,2,2
no_retractors_Mandibular_anonymous_003-008-929-00_1730714657405_Mandibular_View.jpg,0,968.48114,300.72925,1156.3428,472.93716,0.5595662593841553,14,3,3,3
no_retractors_Mandibular_anonymous_003_007_468_00_1728620859733_Mandibular_View.jpg,0,203.83362,250.36172,482.29138,466.90768,0.909904420375824,17,10,10,10
no_retractors_Mandibular_anonymous_003_007_468_00_1728620859733_Mandibular_View.jpg,1,1539.648,234.88016,1808.3396,417.506,0.887439489364624,17,12,12,12
no_retractors_Mandibular_anonymous_003_007_468_00_1728620859733_Mandibular_View.jpg,2,241.03491,378.04276,571.8887,646.7166,0.8639933466911316,17,4,4,4
no_retractors_Mandibular_anonymous_003_007_468_00_1728620859733_Mandibular_View.jpg,3,160.77875,89.265045,390.65506,281.8007,0.752610981464386,17,14,14,14
no_retractors_Mandibular_anonymous_003_007_468_00_1728620859733_Mandibular_View.jpg,4,1511.056,539.22046,1794.0752,706.5094,0.3717430531978607,17,0,0,0
no_retractors_Mandibular_anonymous_003_007_468_00_1728620859733_Mandibular_View.jpg,5,1572.0823,63.765152,1804.745,254.24551,0.286243200302124,17,16,16,16
no_retractors_Mandibular_anonymous_003_007_474_00_1728631659919_Mandibular_View.jpg,0,1271.1119,247.69739,1567.5393,496.55637,0.9073590636253357,14,0,0,0
no_retractors_Mandibular_anonymous_003_007_474_00_1728631659919_Mandibular_View.jpg,1,1362.081,83.480774,1606.2816,295.99866,0.8942139744758606,14,11,11,11
no_retractors_Mandibular_anonymous_003_007_474_00_1728631659919_Mandibular_View.jpg,2,141.20065,14.797886,351.35483,220.34407,0.8813139796257019,14,6,6,6
no_retractors_Mandibular_anonymous_003_007_474_00_1728631659919_Mandibular_View.jpg,3,157.79053,190.67615,432.63553,403.42178,0.7684887647628784,14,1,1,1
no_retractors_Mandibular_anonymous_003_007_474_00_1728631659919_Mandibular_View.jpg,4,237.33345,375.45352,459.76212,538.10815,0.3724302053451538,14,2,2,2
no_retractors_Mandibular_anonymous_003_007_504_00_1728710905876_Mandibular_View.jpg,0,1687.7758,338.4176,2106.916,693.4108,0.9267019629478455,14,5,5,5
no_retractors_Mandibular_anonymous_003_007_504_00_1728710905876_Mandibular_View.jpg,1,102.28407,159.00813,478.78036,474.33215,0.9191162586212158,14,3,3,3
no_retractors_Mandibular_anonymous_003_007_504_00_1728710905876_Mandibular_View.jpg,2,1796.9595,76.72921,2184.8887,405.42453,0.9182072281837463,14,11,11,11
no_retractors_Mandibular_anonymous_003_007_504_00_1728710905876_Mandibular_View.jpg,3,152.98116,418.87836,541.40027,747.1601,0.9047538638114929,14,4,4,4
no_retractors_Mandibular_anonymous_003_007_504_00_1728710905876_Mandibular_View.jpg,4,242.58868,685.4362,564.5246,931.10254,0.794877827167511,14,0,0,0
no_retractors_Mandibular_anonymous_003_007_514_00_1728722215801_Mandibular_View.jpg,0,426.05716,596.60535,763.73456,898.69354,0.9197022318840027,19,2,2,2
no_retractors_Mandibular_anonymous_003_007_514_00_1728722215801_Mandibular_View.jpg,1,331.8676,370.95468,660.53503,662.8996,0.9184122085571289,19,4,4,4
no_retractors_Mandibular_anonymous_003_007_514_00_1728722215801_Mandibular_View.jpg,2,1743.1515,350.25122,2032.8602,588.2922,0.9133992195129395,19,6,6,6
no_retractors_Mandibular_anonymous_003_007_514_00_1728722215801_Mandibular_View.jpg,3,1727.391,551.7967,2033.4314,817.9437,0.5437679290771484,19,5,5,5
no_retractors_Mandibular_anonymous_003_007_514_00_1728722215801_Mandibular_View.jpg,4,263.78348,123.41257,581.948,403.9042,0.29283541440963745,19,0,0,0
no_retractors_Mandibular_anonymous_003_008_492_00_1728648396729_Mandibular_View.jpg,0,112.78065,242.59059,317.87384,417.44046,0.897016167640686,17,5,5,5
no_retractors_Mandibular_anonymous_003_008_492_00_1728648396729_Mandibular_View.jpg,1,1074.8362,232.36606,1303.7084,425.1987,0.8937093615531921,17,7,7,7
no_retractors_Mandibular_anonymous_003_008_492_00_1728648396729_Mandibular_View.jpg,2,1031.696,387.0804,1282.6428,600.70966,0.7544345855712891,17,3,3,3
no_retractors_Mandibular_anonymous_003_008_492_00_1728648396729_Mandibular_View.jpg,3,134.02817,379.78723,352.67828,582.1262,0.7069668769836426,17,0,0,0
no_retractors_Mandibular_anonymous_003_008_498_00_1728656110446_Mandibular_View.jpg,0,965.3814,341.57437,1201.4806,559.5473,0.9206917881965637,14,1,1,1
no_retractors_Mandibular_anonymous_003_008_498_00_1728656110446_Mandibular_View.jpg,1,21.477856,323.3164,271.33557,537.83813,0.9124575257301331,14,0,0,0
no_retractors_Mandibular_anonymous_003_008_498_00_1728656110446_Mandibular_View.jpg,2,1024.0715,176.15761,1205.5541,357.98257,0.8920543789863586,14,7,7,7
no_retractors_Mandibular_anonymous_003_008_498_00_1728656110446_Mandibular_View.jpg,3,24.601389,160.51358,187.462,336.47617,0.35995957255363464,14,11,11,11
no_retractors_Mandibular_anonymous_003_008_532_00_1728806117003_Mandibular_View.jpg,0,142.39568,420.93704,390.6336,631.8617,0.8827643990516663,16,0,0,0
no_retractors_Mandibular_anonymous_003_008_532_00_1728806117003_Mandibular_View.jpg,1,102.96141,260.60886,334.88348,457.2799,0.7695668339729309,16,9,9,9
no_retractors_Mandibular_anonymous_003_008_532_00_1728806117003_Mandibular_View.jpg,2,219.4434,587.49866,431.97327,753.8106,0.644402027130127,16,4,4,4
no_retractors_Mandibular_anonymous_003_008_532_00_1728806117003_Mandibular_View.jpg,3,1138.5066,590.8097,1351.5168,751.324,0.5692579746246338,16,2,2,2
no_retractors_Mandibular_anonymous_003_008_534_00_1728809131094_Mandibular_View.jpg,0,85.496956,411.01978,357.92844,653.25946,0.9256071448326111,17,2,2,2
no_retractors_Mandibular_anonymous_003_008_534_00_1728809131094_Mandibular_View.jpg,1,1240.1437,441.07446,1515.4343,697.56366,0.9253020286560059,17,3,3,3
no_retractors_Mandibular_anonymous_003_008_534_00_1728809131094_Mandibular_View.jpg,2,1299.6177,258.4029,1543.9283,479.4252,0.9223601222038269,17,12,12,12
no_retractors_Mandibular_anonymous_003_008_534_00_1728809131094_Mandibular_View.jpg,3,60.043007,232.80663,309.1994,441.88248,0.9176811575889587,17,6,6,6
no_retractors_Mandibular_anonymous_003_008_534_00_1728809131094_Mandibular_View.jpg,4,184.15508,588.9066,400.6067,780.5846,0.8774768710136414,17,0,0,0
no_retractors_Mandibular_anonymous_003_008_534_00_1728809131094_Mandibular_View.jpg,5,1199.3556,623.2457,1417.7354,835.31946,0.8104768395423889,17,1,1,1
no_retractors_Mandibular_anonymous_003_008_540_00_1728816533325_Mandibular_View.jpg,0,41.19675,199.84517,280.82855,424.9377,0.9304361939430237,12,10,10,10
no_retractors_Mandibular_anonymous_003_008_540_00_1728816533325_Mandibular_View.jpg,1,1024.1615,226.39857,1273.6877,470.9961,0.9251932501792908,12,6,6,6
no_retractors_Mandibular_anonymous_003_008_540_00_1728816533325_Mandibular_View.jpg,2,982.249,405.1056,1205.9314,609.0988,0.9251430630683899,12,8,8,8
no_retractors_Mandibular_anonymous_003_008_540_00_1728816533325_Mandibular_View.jpg,3,111.77724,385.01932,321.33786,576.71594,0.9207243323326111,12,11,11,11
no_retractors_Mandibular_anonymous_003_008_561_00_1728900258396_Mandibular_View.jpg,0,27.492373,369.5299,220.35971,570.5485,0.9130809307098389,15,8,8,8
no_retractors_Mandibular_anonymous_003_008_561_00_1728900258396_Mandibular_View.jpg,1,1135.7538,480.85977,1383.6099,704.26746,0.9091897010803223,15,3,3,3
no_retractors_Mandibular_anonymous_003_008_561_00_1728900258396_Mandibular_View.jpg,2,38.986515,534.5668,281.83676,757.00085,0.896219789981842,15,2,2,2
no_retractors_Mandibular_anonymous_003_008_561_00_1728900258396_Mandibular_View.jpg,3,1167.8329,311.71753,1407.1016,514.4635,0.7455841302871704,15,9,9,9
no_retractors_Mandibular_anonymous_003_103_298_00_1727864717921_Mandibular_View.jpg,0,104.679756,278.75418,303.56436,457.88345,0.9258958697319031,24,4,4,4
no_retractors_Mandibular_anonymous_003_103_298_00_1727864717921_Mandibular_View.jpg,1,1095.4111,250.00822,1290.8754,422.10748,0.9115959405899048,24,9,9,9
no_retractors_Mandibular_anonymous_003_103_298_00_1727864717921_Mandibular_View.jpg,2,1036.5757,401.32758,1247.4528,590.9882,0.860491931438446,24,2,2,2
no_retractors_Mandibular_anonymous_003_103_298_00_1727864717921_Mandibular_View.jpg,3,122.904045,437.35898,335.8929,613.24066,0.8214039206504822,24,1,1,1
no_retractors_Mandibular_anonymous_003_103_379_00_1728136654331_Mandibular_View.jpg,0,973.1488,351.14496,1212.0476,566.47,0.919348955154419,15,1,1,1
no_retractors_Mandibular_anonymous_003_103_379_00_1728136654331_Mandibular_View.jpg,1,67.58943,374.6917,289.3305,585.89417,0.9147440195083618,15,2,2,2
no_retractors_Mandibular_anonymous_003_103_379_00_1728136654331_Mandibular_View.jpg,2,1003.8123,205.20406,1209.9906,384.4578,0.9133392572402954,15,10,1,10
no_retractors_Mandibular_anonymous_003_103_379_00_1728136654331_Mandibular_View.jpg,3,41.878548,249.72322,239.37164,416.64313,0.9039728045463562,15,8,8,8
no_retractors_Mandibular_anonymous_003_103_412_00_1728381408086_Mandibular_View.jpg,0,94.22741,365.5974,274.9005,555.5733,0.9330325126647949,13,2,2,2
no_retractors_Mandibular_anonymous_003_103_412_00_1728381408086_Mandibular_View.jpg,1,990.9921,218.73412,1176.1487,401.2832,0.894932746887207,13,4,4,4
no_retractors_Mandibular_anonymous_003_103_412_00_1728381408086_Mandibular_View.jpg,2,61.529655,207.9301,233.75153,382.6835,0.8939322233200073,13,7,7,7
no_retractors_Mandibular_anonymous_003_103_412_00_1728381408086_Mandibular_View.jpg,3,936.3812,373.43158,1134.2032,592.87866,0.8931321501731873,13,5,5,5
no_retractors_Maxillary_Occlusal_anonymous_003-007-788-00_1729839721436_Maxillary_Occlusal_View.jpg,0,2862.5986,1755.965,3469.4463,2099.1433,0.8750389218330383,14,5,5,5
no_retractors_Maxillary_Occlusal_anonymous_003-007-788-00_1729839721436_Maxillary_Occlusal_View.jpg,1,256.51016,1512.7412,965.2466,2095.8289,0.8708875179290771,14,1,1,1
no_retractors_Maxillary_Occlusal_anonymous_003-007-788-00_1729839721436_Maxillary_Occlusal_View.jpg,2,2875.2048,1424.7128,3504.842,1812.9758,0.5498768091201782,14,2,2,2
no_retractors_Maxillary_Occlusal_anonymous_003-008-1110-00_1732280871545_Maxillary_Occlusal_View.jpg,0,1325.3666,972.9757,1584.5038,1143.903,0.8917321562767029,14,10,10,10
no_retractors_Maxillary_Occlusal_anonymous_003-008-1110-00_1732280871545_Maxillary_Occlusal_View.jpg,1,100.28007,943.9485,373.28918,1110.8662,0.8657875657081604,14,11,11,11
no_retractors_Maxillary_Occlusal_anonymous_003-008-1110-00_1732280871545_Maxillary_Occlusal_View.jpg,2,85.829155,745.59265,364.45898,989.1838,0.7754194140434265,14,1,1,1
no_retractors_Maxillary_Occlusal_anonymous_003-008-1110-00_1732280871545_Maxillary_Occlusal_View.jpg,3,1298.5616,763.9786,1578.6652,1012.69434,0.7716273665428162,14,3,3,3
no_retractors_Maxillary_Occlusal_anonymous_003-008-1110-00_1732280871545_Maxillary_Occlusal_View.jpg,4,132.85896,649.1309,338.98828,772.4962,0.5970334410667419,14,12,12,12
no_retractors_Maxillary_Occlusal_anonymous_003-008-1138-00_1732535496374_Maxillary_Occlusal_View.jpg,0,54.71407,562.06824,306.72003,754.8723,0.9030571579933167,16,3,3,3
no_retractors_Maxillary_Occlusal_anonymous_003-008-1179-00_1732704974831_Maxillary_Occlusal_View.jpg,0,22.002176,757.1625,350.34067,1037.6428,0.8868170380592346,14,4,4,4
no_retractors_Maxillary_Occlusal_anonymous_003-008-1179-00_1732704974831_Maxillary_Occlusal_View.jpg,1,1378.7203,686.65485,1709.2499,988.9122,0.7866224646568298,14,3,3,3
no_retractors_Maxillary_Occlusal_anonymous_003-008-1179-00_1732704974831_Maxillary_Occlusal_View.jpg,2,1412.6368,918.0874,1702.2869,1119.9801,0.7262853384017944,14,10,10,10
no_retractors_Maxillary_Occlusal_anonymous_003-008-1184-00_1732710518322_Maxillary_Occlusal_View.jpg,0,2.504076,700.5742,334.8493,941.65247,0.8551267385482788,14,10,1,10
no_retractors_Maxillary_Occlusal_anonymous_003-008-1184-00_1732710518322_Maxillary_Occlusal_View.jpg,1,1297.8496,676.3802,1588.8378,911.8778,0.8303045034408569,14,2,2,2
no_retractors_Maxillary_Occlusal_anonymous_003-008-1206-00_1732794547718_Maxillary_Occlusal_View.jpg,0,111.807755,891.0489,344.32327,1077.8911,0.8794425129890442,14,12,1,12
no_retractors_Maxillary_Occlusal_anonymous_003-008-1206-00_1732794547718_Maxillary_Occlusal_View.jpg,1,1297.2012,946.68787,1552.1884,1113.7028,0.7017302513122559,14,11,11,11
no_retractors_Maxillary_Occlusal_anonymous_003-008-1206-00_1732794547718_Maxillary_Occlusal_View.jpg,2,1282.148,778.00385,1551.7599,983.1078,0.6043095588684082,14,2,2,2
no_retractors_Maxillary_Occlusal_anonymous_003-008-1206-00_1732794547718_Maxillary_Occlusal_View.jpg,3,1275.9042,666.2785,1516.2534,806.8612,0.5993951559066772,14,7,7,7
no_retractors_Maxillary_Occlusal_anonymous_003-008-1229-00_1732885041482_Maxillary_Occlusal_View.jpg,0,32.466957,829.7279,362.5443,1105.0939,0.9155793190002441,14,10,10,10
no_retractors_Maxillary_Occlusal_anonymous_003-008-1229-00_1732885041482_Maxillary_Occlusal_View.jpg,1,1425.3718,815.483,1733.3988,1094.214,0.850109338760376,14,8,8,8
no_retractors_Maxillary_Occlusal_anonymous_003-008-1273-00_1733140554614_Maxillary_Occlusal_View.jpg,0,1099.8073,662.5301,1381.9678,873.01666,0.858160674571991,14,4,4,4
no_retractors_Maxillary_Occlusal_anonymous_003-008-1273-00_1733140554614_Maxillary_Occlusal_View.jpg,1,1067.9272,547.22754,1342.116,707.3779,0.6665143966674805,14,8,8,8
no_retractors_Maxillary_Occlusal_anonymous_003-008-1273-00_1733140554614_Maxillary_Occlusal_View.jpg,2,54.03503,634.26685,331.21716,865.1493,0.5730620622634888,14,9,9,9
no_retractors_Maxillary_Occlusal_anonymous_003-008-1273-00_1733140554614_Maxillary_Occlusal_View.jpg,3,1104.5533,827.9812,1374.4651,981.7701,0.3015844523906708,14,13,13,13
no_retractors_Maxillary_Occlusal_anonymous_003-008-1289-00_1733308999573_Maxillary_Occlusal_View.jpg,0,1097.4564,528.6193,1346.7374,763.6213,0.904183030128479,21,2,2,2
no_retractors_Maxillary_Occlusal_anonymous_003-008-1289-00_1733308999573_Maxillary_Occlusal_View.jpg,1,41.518692,526.5065,285.8524,744.2151,0.9036720991134644,21,4,4,4
no_retractors_Maxillary_Occlusal_anonymous_003-008-1289-00_1733308999573_Maxillary_Occlusal_View.jpg,2,1071.5168,431.71884,1279.4786,579.4962,0.7484661936759949,21,3,3,3
no_retractors_Maxillary_Occlusal_anonymous_003-008-1289-00_1733308999573_Maxillary_Occlusal_View.jpg,3,92.97084,423.51932,296.4021,575.57104,0.581610381603241,21,6,6,6
no_retractors_Maxillary_Occlusal_anonymous_003-008-1295-00_1733315710222_Maxillary_Occlusal_View.jpg,0,1074.9177,656.5871,1318.2087,849.94745,0.8998109102249146,14,3,3,3
no_retractors_Maxillary_Occlusal_anonymous_003-008-1295-00_1733315710222_Maxillary_Occlusal_View.jpg,1,88.30525,623.5456,329.28342,829.69226,0.7333545684814453,14,1,1,1
no_retractors_Maxillary_Occlusal_anonymous_003-008-1295-00_1733315710222_Maxillary_Occlusal_View.jpg,2,150.6002,555.78357,356.4894,671.0245,0.3519943356513977,14,9,9,9
no_retractors_Maxillary_Occlusal_anonymous_003-008-1308-00_1733401560725_Maxillary_Occlusal_View.jpg,0,1118.3,605.9937,1358.775,750.89545,0.8986411690711975,14,8,8,8
no_retractors_Maxillary_Occlusal_anonymous_003-008-1308-00_1733401560725_Maxillary_Occlusal_View.jpg,1,110.44234,530.7881,353.37393,685.0843,0.8968563675880432,14,6,6,6
no_retractors_Maxillary_Occlusal_anonymous_003-008-1308-00_1733401560725_Maxillary_Occlusal_View.jpg,2,1134.4829,717.1436,1411.3231,933.86615,0.8638230562210083,14,4,4,4
no_retractors_Maxillary_Occlusal_anonymous_003-008-1308-00_1733401560725_Maxillary_Occlusal_View.jpg,3,70.891655,658.0237,338.4331,886.412,0.8424459099769592,14,5,5,5
no_retractors_Maxillary_Occlusal_anonymous_003-008-1308-00_1733401560725_Maxillary_Occlusal_View.jpg,4,86.25461,835.6347,317.33133,988.97864,0.4773769974708557,14,11,11,11
no_retractors_Maxillary_Occlusal_anonymous_003-008-1311-00_1733404330359_Maxillary_Occlusal_View.jpg,0,1259.1387,701.90454,1571.9325,979.13556,0.9266751408576965,14,3,3,3
no_retractors_Maxillary_Occlusal_anonymous_003-008-1311-00_1733404330359_Maxillary_Occlusal_View.jpg,1,109.42842,763.88995,376.81696,991.9063,0.9171391725540161,14,4,4,4
no_retractors_Maxillary_Occlusal_anonymous_003-008-1311-00_1733404330359_Maxillary_Occlusal_View.jpg,2,114.55839,955.94147,364.99158,1127.8794,0.9068399667739868,14,9,9,9
no_retractors_Maxillary_Occlusal_anonymous_003-008-1311-00_1733404330359_Maxillary_Occlusal_View.jpg,3,1321.95,899.2496,1606.6033,1121.9214,0.9043201804161072,14,6,6,6
no_retractors_Maxillary_Occlusal_anonymous_003-008-1311-00_1733404330359_Maxillary_Occlusal_View.jpg,4,1236.5934,565.8086,1493.1309,734.35126,0.7806035876274109,14,5,5,5
no_retractors_Maxillary_Occlusal_anonymous_003-008-1311-00_1733404330359_Maxillary_Occlusal_View.jpg,5,1172.3452,389.92667,1433.0857,584.60736,0.6666199564933777,14,0,0,0
no_retractors_Maxillary_Occlusal_anonymous_003-008-1311-00_1733404330359_Maxillary_Occlusal_View.jpg,6,150.37762,634.0683,369.4227,775.24426,0.2530125677585602,14,8,8,8
no_retractors_Maxillary_Occlusal_anonymous_003-008-1394-00_1733831166816_Maxillary_Occlusal_View.jpg,0,62.4515,684.6383,346.10922,910.6023,0.8924092650413513,14,4,4,4
no_retractors_Maxillary_Occlusal_anonymous_003-008-615-00_1729074735259_Maxillary_Occlusal_View.jpg,0,1341.9255,674.25946,1617.7882,950.7063,0.9149444699287415,18,1,1,1
no_retractors_Maxillary_Occlusal_anonymous_003-008-615-00_1729074735259_Maxillary_Occlusal_View.jpg,1,125.96985,747.75256,416.8365,995.7287,0.8953978419303894,18,4,4,4
no_retractors_Maxillary_Occlusal_anonymous_003-008-615-00_1729074735259_Maxillary_Occlusal_View.jpg,2,1306.0748,573.2557,1536.6395,744.6394,0.889984130859375,18,7,7,7
no_retractors_Maxillary_Occlusal_anonymous_003-008-615-00_1729074735259_Maxillary_Occlusal_View.jpg,3,1378.7137,882.0486,1641.7145,1093.1039,0.8869062662124634,18,12,12,12
no_retractors_Maxillary_Occlusal_anonymous_003-008-615-00_1729074735259_Maxillary_Occlusal_View.jpg,4,175.8039,637.8508,420.8132,786.84973,0.7647214531898499,18,3,3,3
no_retractors_Maxillary_Occlusal_anonymous_003-008-679-00_1729249395420_Maxillary_Occlusal_View.jpg,0,132.06221,768.281,438.49704,1051.7021,0.8281782865524292,14,4,4,4
no_retractors_Maxillary_Occlusal_anonymous_003-008-679-00_1729249395420_Maxillary_Occlusal_View.jpg,1,206.5013,650.47253,489.6691,841.62225,0.7695251703262329,14,2,2,2
no_retractors_Maxillary_Occlusal_anonymous_003-008-679-00_1729249395420_Maxillary_Occlusal_View.jpg,2,1354.7157,805.7907,1625.1248,1050.3657,0.6529389023780823,14,1,1,1
no_retractors_Maxillary_Occlusal_anonymous_003-008-679-00_1729249395420_Maxillary_Occlusal_View.jpg,3,114.2022,977.47546,388.6987,1172.6166,0.47606781125068665,14,13,13,13
no_retractors_Maxillary_Occlusal_anonymous_003-008-679-00_1729249395420_Maxillary_Occlusal_View.jpg,4,1390.6423,967.1408,1646.139,1186.2999,0.3619420528411865,14,10,10,10
no_retractors_Maxillary_Occlusal_anonymous_003-008-741-00_1729595555946_Maxillary_Occlusal_View.jpg,0,187.43195,372.95746,460.1332,562.5358,0.9140800833702087,14,13,13,13
no_retractors_Maxillary_Occlusal_anonymous_003-008-741-00_1729595555946_Maxillary_Occlusal_View.jpg,1,57.30124,867.86487,335.4176,1031.4934,0.9089905023574829,14,5,5,5
no_retractors_Maxillary_Occlusal_anonymous_003-008-741-00_1729595555946_Maxillary_Occlusal_View.jpg,2,75.39445,659.8022,364.64648,908.7758,0.9078081250190735,14,1,1,1
no_retractors_Maxillary_Occlusal_anonymous_003-008-741-00_1729595555946_Maxillary_Occlusal_View.jpg,3,1255.7241,573.6952,1489.8328,720.6468,0.8968023061752319,14,3,3,3
no_retractors_Maxillary_Occlusal_anonymous_003-008-741-00_1729595555946_Maxillary_Occlusal_View.jpg,4,144.24902,542.8017,397.81955,698.529,0.8936967849731445,14,2,2,2
no_retractors_Maxillary_Occlusal_anonymous_003-008-741-00_1729595555946_Maxillary_Occlusal_View.jpg,5,1281.1256,690.86224,1545.3801,919.64185,0.87259840965271,14,0,0,0
no_retractors_Maxillary_Occlusal_anonymous_003-008-741-00_1729595555946_Maxillary_Occlusal_View.jpg,6,1307.7769,860.48364,1562.353,1031.7192,0.8669950366020203,14,9,9,9
no_retractors_Maxillary_Occlusal_anonymous_003-008-741-00_1729595555946_Maxillary_Occlusal_View.jpg,7,1189.903,416.8525,1428.7495,591.9686,0.7794467210769653,14,6,6,6
no_retractors_Maxillary_Occlusal_anonymous_003-008-743-00_1729599647750_Maxillary_Occlusal_View.jpg,0,15.536292,516.45337,293.5129,768.5324,0.9114513397216797,16,2,2,2
no_retractors_Maxillary_Occlusal_anonymous_003-008-743-00_1729599647750_Maxillary_Occlusal_View.jpg,1,1179.9933,570.11884,1424.5077,807.5294,0.8709280490875244,16,4,4,4
no_retractors_Maxillary_Occlusal_anonymous_003-008-743-00_1729599647750_Maxillary_Occlusal_View.jpg,2,1151.697,465.31277,1365.2279,634.42633,0.8414920568466187,16,1,1,1
no_retractors_Maxillary_Occlusal_anonymous_003-008-743-00_1729599647750_Maxillary_Occlusal_View.jpg,3,0.0,702.1326,226.05089,855.91296,0.8165925741195679,16,11,11,11
no_retractors_Maxillary_Occlusal_anonymous_003-008-743-00_1729599647750_Maxillary_Occlusal_View.jpg,4,95.685616,401.4069,329.92398,584.0073,0.7161194086074829,16,0,0,0
no_retractors_Maxillary_Occlusal_anonymous_003-008-743-00_1729599647750_Maxillary_Occlusal_View.jpg,5,1236.2418,758.9837,1439.5968,902.35944,0.6444331407546997,16,12,12,12
no_retractors_Maxillary_Occlusal_anonymous_003-008-799-00_1729861944603_Maxillary_Occlusal_View.jpg,0,1307.29,636.87067,1567.215,843.5708,0.8901557326316833,17,0,0,0
no_retractors_Maxillary_Occlusal_anonymous_003-008-799-00_1729861944603_Maxillary_Occlusal_View.jpg,1,119.81781,391.0387,366.67194,615.9775,0.33101221919059753,17,8,8,8
no_retractors_Maxillary_Occlusal_anonymous_003-008-886-00_1730285789339_Maxillary_Occlusal_View.jpg,0,1257.613,790.2632,1590.7882,1067.1415,0.548906683921814,17,9,9,9
no_retractors_Maxillary_Occlusal_anonymous_003_007_468_00_1728620859733_Maxillary_Occlusal_View.jpg,0,530.6764,666.3451,924.7921,922.78986,0.8841681480407715,16,6,6,6
no_retractors_Maxillary_Occlusal_anonymous_003_007_468_00_1728620859733_Maxillary_Occlusal_View.jpg,1,2150.828,849.551,2546.6536,1137.3153,0.8823918104171753,16,4,4,4
no_retractors_Maxillary_Occlusal_anonymous_003_007_468_00_1728620859733_Maxillary_Occlusal_View.jpg,2,2169.0095,701.5563,2517.3596,884.82745,0.8324284553527832,16,12,12,12
no_retractors_Maxillary_Occlusal_anonymous_003_007_468_00_1728620859733_Maxillary_Occlusal_View.jpg,3,470.34476,848.6021,934.6369,1203.995,0.7917411923408508,16,0,0,0
no_retractors_Maxillary_Occlusal_anonymous_003_007_468_00_1728620859733_Maxillary_Occlusal_View.jpg,4,2146.606,471.4999,2492.726,733.5508,0.5908313989639282,16,5,5,5
no_retractors_Maxillary_Occlusal_anonymous_003_007_468_00_1728620859733_Maxillary_Occlusal_View.jpg,5,595.27985,483.80118,993.56354,752.0275,0.33137747645378113,16,2,2,2
no_retractors_Maxillary_Occlusal_anonymous_003_007_468_00_1728620859733_Maxillary_Occlusal_View.jpg,6,2171.0076,1084.0024,2518.0107,1295.1388,0.25893479585647583,16,ninguna,ninguna,ninguna
no_retractors_Maxillary_Occlusal_anonymous_003_007_504_00_1728710905876_Maxillary_Occlusal_View.jpg,0,144.47215,865.5396,556.9644,1213.2549,0.8890870213508606,15,6,6,6
no_retractors_Maxillary_Occlusal_anonymous_003_007_504_00_1728710905876_Maxillary_Occlusal_View.jpg,1,269.12085,673.1854,626.37494,924.7358,0.5434617400169373,15,0,0,0
no_retractors_Maxillary_Occlusal_anonymous_003_007_504_00_1728710905876_Maxillary_Occlusal_View.jpg,2,1729.4695,908.8479,2109.2832,1218.6981,0.48752865195274353,15,5,5,5
no_retractors_Maxillary_Occlusal_anonymous_003_007_504_00_1728710905876_Maxillary_Occlusal_View.jpg,3,1721.7172,731.56366,2067.8225,947.91187,0.3908962905406952,15,8,8,8
no_retractors_Maxillary_Occlusal_anonymous_003_007_514_00_1728722215801_Maxillary_Occlusal_View.jpg,0,341.72678,997.8746,757.3824,1362.1421,0.9008075594902039,16,0,0,0
no_retractors_Maxillary_Occlusal_anonymous_003_007_514_00_1728722215801_Maxillary_Occlusal_View.jpg,1,464.975,789.3648,812.4093,1036.7587,0.882091224193573,16,4,4,4
no_retractors_Maxillary_Occlusal_anonymous_003_007_514_00_1728722215801_Maxillary_Occlusal_View.jpg,2,263.6753,1304.1877,663.8066,1570.0609,0.8660200834274292,16,12,12,12
no_retractors_Maxillary_Occlusal_anonymous_003_007_514_00_1728722215801_Maxillary_Occlusal_View.jpg,3,2105.8447,781.0001,2468.0784,1012.55505,0.8328015208244324,16,2,2,2
no_retractors_Maxillary_Occlusal_anonymous_003_007_514_00_1728722215801_Maxillary_Occlusal_View.jpg,4,2137.6074,1274.0062,2533.3105,1537.4307,0.7891148328781128,16,14,14,14
no_retractors_Maxillary_Occlusal_anonymous_003_007_514_00_1728722215801_Maxillary_Occlusal_View.jpg,5,2099.935,980.6276,2507.0422,1330.5223,0.3982207179069519,16,5,5,5
no_retractors_Maxillary_Occlusal_anonymous_003_008_532_00_1728806117003_Maxillary_Occlusal_View.jpg,0,1255.1304,643.5397,1517.4363,894.0975,0.8510697484016418,18,0,0,0
no_retractors_Maxillary_Occlusal_anonymous_003_008_532_00_1728806117003_Maxillary_Occlusal_View.jpg,1,85.01588,654.376,378.89883,913.77264,0.8009180426597595,18,1,1,1
no_retractors_Maxillary_Occlusal_anonymous_003_008_532_00_1728806117003_Maxillary_Occlusal_View.jpg,2,1207.8413,547.9952,1437.3895,702.1062,0.6241328716278076,18,4,4,4
no_retractors_Maxillary_Occlusal_anonymous_003_008_532_00_1728806117003_Maxillary_Occlusal_View.jpg,3,58.568584,855.723,347.1902,1068.033,0.549323320388794,18,11,11,11
no_retractors_Maxillary_Occlusal_anonymous_003_008_532_00_1728806117003_Maxillary_Occlusal_View.jpg,4,150.86386,535.445,403.50064,711.27704,0.525664210319519,18,3,3,3
no_retractors_Maxillary_Occlusal_anonymous_003_008_540_00_1728816533325_Maxillary_Occlusal_View.jpg,0,61.33811,736.3741,355.16025,957.6206,0.8872616291046143,12,7,7,7
no_retractors_Maxillary_Occlusal_anonymous_003_008_540_00_1728816533325_Maxillary_Occlusal_View.jpg,1,96.608,609.7039,355.28192,764.69543,0.5795779824256897,12,2,2,2
no_retractors_Maxillary_Occlusal_anonymous_003_103_298_00_1727864717921_Maxillary_Occlusal_View.jpg,0,1455.3528,823.8351,1726.2458,1005.9049,0.743466854095459,14,4,4,4
no_retractors_Maxillary_Occlusal_anonymous_003_103_298_00_1727864717921_Maxillary_Occlusal_View.jpg,1,1505.1898,945.5062,1806.8452,1235.8586,0.5320879817008972,14,9,9,9
no_retractors_Maxillary_Occlusal_anonymous_003_103_298_00_1727864717921_Maxillary_Occlusal_View.jpg,2,1396.9946,629.2596,1687.7372,836.63104,0.4239109754562378,14,1,1,1
no_retractors_Maxillary_Occlusal_anonymous_003_103_379_00_1728136654331_Maxillary_Occlusal_View.jpg,0,1328.6254,733.98724,1617.2028,997.686,0.8549479246139526,16,1,1,1
no_retractors_Maxillary_Occlusal_anonymous_003_103_379_00_1728136654331_Maxillary_Occlusal_View.jpg,1,25.275429,922.3183,331.52866,1140.4156,0.8327603340148926,16,8,8,8
no_retractors_Maxillary_Occlusal_anonymous_003_103_379_00_1728136654331_Maxillary_Occlusal_View.jpg,2,1351.8424,932.9678,1632.4171,1087.6924,0.7855191826820374,16,11,11,11
no_retractors_Maxillary_Occlusal_anonymous_003_103_379_00_1728136654331_Maxillary_Occlusal_View.jpg,3,1283.5283,502.94763,1541.1741,701.3758,0.38034307956695557,16,2,2,2
no_retractors_Maxillary_Occlusal_anonymous_003_103_412_00_1728381408086_Maxillary_Occlusal_View.jpg,0,55.131588,687.94147,348.44125,966.7184,0.9117055535316467,14,1,1,1
no_retractors_Maxillary_Occlusal_anonymous_003_103_412_00_1728381408086_Maxillary_Occlusal_View.jpg,1,1288.0938,733.17194,1535.2178,974.1528,0.868116021156311,14,3,3,3
no_retractors_Maxillary_Occlusal_anonymous_003_103_412_00_1728381408086_Maxillary_Occlusal_View.jpg,2,199.81802,410.69705,441.54272,585.0108,0.8382163047790527,14,5,5,5
no_retractors_Maxillary_Occlusal_anonymous_003_103_412_00_1728381408086_Maxillary_Occlusal_View.jpg,3,124.271805,550.68207,365.09467,735.28375,0.7091525793075562,14,0,0,0
no_retractors_Right_Lateral_anonymous_003-008-679-00_1729249395420_Right_Lateral_View.jpg,0,662.10864,242.6589,833.65857,460.3692,0.2923092544078827,23,7,7,7
pilot_Left_Lateral_anonymous-leftLateralView-1727270689599.jpg,0,778.4547,112.792114,910.3384,300.82718,0.4210952818393707,17,6,6,6
pilot_Left_Lateral_anonymous-leftLateralView-1727270689599.jpg,1,1010.8164,206.53664,1104.3545,284.70108,0.2753083407878876,17,ninguna,ninguna,ninguna
pilot_Left_Lateral_anonymous-leftLateralView-1727759565710.jpg,0,838.4716,196.9266,1055.8754,442.90253,0.33762621879577637,14,ninguna,ninguna,ninguna
pilot_Mandibular_anonymous-mandibularView-1726744063932.jpg,0,1264.216,595.39166,1576.4845,867.4992,0.9260053038597107,16,7,7,7
pilot_Mandibular_anonymous-mandibularView-1726744063932.jpg,1,215.24242,620.0689,535.20856,946.75793,0.9103865027427673,16,14,14,14
pilot_Mandibular_anonymous-mandibularView-1726744063932.jpg,2,90.823875,412.27173,431.1972,719.06323,0.8390398621559143,16,8,8,8
pilot_Mandibular_anonymous-mandibularView-1726744063932.jpg,3,1295.1187,401.13724,1610.0901,665.26685,0.28879693150520325,16,6,6,6
pilot_Mandibular_anonymous-mandibularView-1727093650385.jpg,0,354.61185,386.56268,709.4649,706.51556,0.9032958745956421,15,6,6,6
pilot_Mandibular_anonymous-mandibularView-1727093650385.jpg,1,318.30017,165.46362,608.2618,433.5055,0.8974844813346863,15,12,12,12
pilot_Mandibular_anonymous-mandibularView-1727093650385.jpg,2,1746.8296,320.71478,2082.1824,622.96454,0.8846153020858765,15,1,1,1
pilot_Mandibular_anonymous-mandibularView-1727093650385.jpg,3,1787.019,125.02879,2057.5137,348.8557,0.8545907139778137,15,10,10,10
pilot_Mandibular_anonymous-mandibularView-1727096592972.jpg,0,1489.8185,251.23515,1782.7126,522.85565,0.925133466720581,11,1,1,1
pilot_Mandibular_anonymous-mandibularView-1727096592972.jpg,1,1591.766,60.202713,1811.1965,307.668,0.7967401146888733,11,2,2,2
pilot_Mandibular_anonymous-mandibularView-1727096592972.jpg,2,262.18906,99.209114,620.6773,409.28357,0.4943974018096924,11,4,4,4
pilot_Mandibular_anonymous-mandibularView-1727248261550.jpg,0,48.509308,428.8338,411.44522,763.326,0.911466121673584,13,1,1,1
pilot_Mandibular_anonymous-mandibularView-1727248261550.jpg,1,0.0,186.62755,292.89658,486.1882,0.8964775204658508,13,7,7,7
pilot_Mandibular_anonymous-mandibularView-1727248261550.jpg,2,1370.345,359.20767,1705.2802,663.40576,0.820600688457489,13,0,0,0
pilot_Mandibular_anonymous-mandibularView-1727248261550.jpg,3,179.8022,653.5831,469.18216,917.54193,0.6578182578086853,13,3,3,3
pilot_Mandibular_anonymous-mandibularView-1727261519140.jpg,0,40.483276,158.85385,194.43944,332.49567,0.9224963188171387,24,13,13,13
pilot_Mandibular_anonymous-mandibularView-1727261519140.jpg,1,974.19,236.18323,1159.5751,427.21664,0.9185309410095215,24,14,14,14
pilot_Mandibular_anonymous-mandibularView-1727261519140.jpg,2,42.03197,321.63495,217.10976,485.21378,0.88646399974823,24,6,6,6
pilot_Mandibular_anonymous-mandibularView-1727261519140.jpg,3,905.2634,412.43094,1065.5216,574.1263,0.7683477401733398,24,3,3,3
pilot_Mandibular_anonymous-mandibularView-1727261519140.jpg,4,112.673515,447.03894,273.57477,604.2814,0.36128026247024536,24,1,1,1
pilot_Mandibular_anonymous-mandibularView-1727358291952.jpg,0,857.0162,316.3442,1058.9159,489.06207,0.8958836197853088,15,0,0,0
pilot_Mandibular_anonymous-mandibularView-1727358291952.jpg,1,88.56933,337.8332,286.48218,496.01566,0.8514856696128845,15,1,1,1
pilot_Mandibular_anonymous-mandibularView-1727358291952.jpg,2,893.7925,190.49832,1076.5507,340.73444,0.6345558762550354,15,9,9,9
pilot_Mandibular_anonymous-mandibularView-1727412311322.jpg,0,488.5596,462.5362,963.852,840.17126,0.9147509932518005,15,1,1,1
pilot_Mandibular_anonymous-mandibularView-1727412311322.jpg,1,374.04922,164.73343,796.995,533.2999,0.911981463432312,15,10,10,10
pilot_Mandibular_anonymous-mandibularView-1727412311322.jpg,2,2123.0518,232.58203,2483.1355,510.88263,0.9020770788192749,15,9,9,9
pilot_Mandibular_anonymous-mandibularView-1727412311322.jpg,3,2120.951,732.0228,2449.0154,1006.7189,0.9020131826400757,15,4,4,4
pilot_Mandibular_anonymous-mandibularView-1727412311322.jpg,4,671.8579,739.8629,1047.3109,1075.7786,0.894512414932251,15,0,0,0
pilot_Mandibular_anonymous-mandibularView-1727412311322.jpg,5,2084.3489,465.60495,2477.739,795.7576,0.8454833626747131,15,3,3,3
pilot_Mandibular_anonymous-mandibularView-1727428501523.jpg,0,1403.0319,271.2891,1684.444,493.18225,0.9210227727890015,15,3,3,3
pilot_Mandibular_anonymous-mandibularView-1727428501523.jpg,1,1444.981,100.13326,1723.5182,318.11703,0.9097194075584412,15,7,7,7
pilot_Mandibular_anonymous-mandibularView-1727428501523.jpg,2,172.90135,225.81255,474.6824,464.44397,0.7853059768676758,15,4,4,4
pilot_Mandibular_anonymous-mandibularView-1727428501523.jpg,3,141.31834,50.32843,428.89352,270.85876,0.7269288897514343,15,12,12,12
pilot_Mandibular_anonymous-mandibularView-1727674930342.jpg,0,346.0255,401.6846,837.7744,844.44995,0.9155719876289368,14,0,0,0
pilot_Mandibular_anonymous-mandibularView-1727674930342.jpg,1,229.09094,63.327038,647.47034,447.2108,0.9139397740364075,14,5,5,5
pilot_Mandibular_anonymous-mandibularView-1727674930342.jpg,2,614.11816,732.05975,944.6584,1066.0798,0.8386390805244446,14,1,1,1
pilot_Mandibular_anonymous-mandibularView-1727674930342.jpg,3,1958.1752,25.934715,2315.593,340.92374,0.7934914231300354,14,8,8,8
pilot_Mandibular_anonymous-mandibularView-1727674930342.jpg,4,2006.9905,618.9283,2344.552,895.9074,0.7836436033248901,14,4,4,4
pilot_Mandibular_anonymous-mandibularView-1727674930342.jpg,5,2032.45,860.222,2379.1157,1150.9692,0.25835558772087097,14,3,3,3
pilot_Mandibular_anonymous-mandibularView-1727701760336.jpg,0,1284.6968,440.6844,1525.9531,673.9928,0.9151820540428162,17,1,1,1
pilot_Mandibular_anonymous-mandibularView-1727701760336.jpg,1,1352.5833,243.0186,1572.0271,471.63687,0.892433762550354,17,8,8,8
pilot_Mandibular_anonymous-mandibularView-1727701760336.jpg,2,179.90987,514.30536,423.99026,745.2995,0.887445330619812,17,0,0,0
pilot_Mandibular_anonymous-mandibularView-1727701760336.jpg,3,165.99097,307.64642,404.94656,528.1652,0.8330284357070923,17,3,3,3
pilot_Mandibular_anonymous-mandibularView-1727761912039.jpg,0,119.156044,621.72327,580.89264,1039.6012,0.9206356406211853,22,8,8,8
pilot_Mandibular_anonymous-mandibularView-1727761912039.jpg,1,46.36653,383.9498,391.23776,713.0799,0.9014765620231628,22,10,10,10
pilot_Mandibular_anonymous-mandibularView-1727761912039.jpg,2,1810.165,987.8554,2099.72,1251.6918,0.8638091683387756,22,4,4,4
pilot_Mandibular_anonymous-mandibularView-1727761912039.jpg,3,1784.4404,768.99146,2110.0789,1016.7954,0.8369311690330505,22,7,7,7
pilot_Mandibular_anonymous-mandibularView-1727761912039.jpg,4,1759.8253,488.0354,2123.6226,809.30554,0.7919036149978638,22,2,2,2
pilot_Mandibular_anonymous-mandibularView-1727761912039.jpg,5,310.67664,914.817,657.31964,1227.8722,0.6687159538269043,22,0,0,0
pilot_Mandibular_anonymous-mandibularView-1727761912039.jpg,6,1773.9036,238.39485,2106.1704,521.208,0.48835667967796326,22,9,9,9
pilot_Mandibular_anonymous-mandibularView-1727761912039.jpg,7,23.38164,79.487495,291.2688,413.89987,0.34356409311294556,22,5,5,5
pilot_Mandibular_anonymous-mandibularView-1727761912039.jpg,8,307.69183,913.13385,659.7076,1231.7355,0.27226975560188293,22,0,0,0
pilot_Mandibular_anonymous-mandibularView-1727768118895.jpg,0,338.44684,459.7436,579.9051,681.053,0.9106354713439941,17,8,8,8
pilot_Mandibular_anonymous-mandibularView-1727768118895.jpg,1,1582.0,451.9252,1825.2328,629.4333,0.9095427989959717,17,11,11,11
pilot_Mandibular_anonymous-mandibularView-1727768118895.jpg,2,344.68143,265.51428,553.44354,473.2301,0.840551495552063,17,3,3,3
pilot_Mandibular_anonymous-mandibularView-1727768118895.jpg,3,393.33194,595.2324,665.2848,851.01013,0.8338343501091003,17,6,6,6
pilot_Mandibular_anonymous-mandibularView-1727768118895.jpg,4,1486.6176,735.062,1731.1595,915.37885,0.7450581192970276,17,7,7,7
pilot_Mandibular_anonymous-mandibularView-1727768118895.jpg,5,1587.7382,244.72223,1827.831,466.86282,0.6537879705429077,17,1,1,1
pilot_Mandibular_anonymous-mandibularView-1727768118895.jpg,6,500.2453,721.6661,732.71185,935.8706,0.6157970428466797,17,0,0,0
pilot_Mandibular_anonymous-mandibularView-1727768118895.jpg,7,1524.7461,591.8832,1807.5548,843.4896,0.4951101541519165,17,12,12,12
pilot_Mandibular_anonymous-mandibularView-1727771992745.jpg,0,1336.2467,358.35345,1586.0743,577.1443,0.9242371916770935,15,5,5,5
pilot_Mandibular_anonymous-mandibularView-1727771992745.jpg,1,171.18628,276.70596,434.92487,491.2508,0.9013160467147827,15,13,13,13
pilot_Mandibular_anonymous-mandibularView-1727771992745.jpg,2,257.5614,430.33926,538.2725,675.6119,0.8793442249298096,15,8,8,8
pilot_Mandibular_anonymous-mandibularView-1727771992745.jpg,3,1374.0919,196.65775,1612.7361,393.81592,0.8446821570396423,15,12,12,12
pilot_Mandibular_anonymous-mandibularView-1727865092793.jpg,0,104.8987,278.90213,303.71805,458.73422,0.9253833293914795,23,4,4,4
pilot_Mandibular_anonymous-mandibularView-1727865092793.jpg,1,1095.0092,249.87613,1291.4711,422.61545,0.9086835980415344,23,9,9,9
pilot_Mandibular_anonymous-mandibularView-1727865092793.jpg,2,1036.9053,401.29227,1247.31,590.23285,0.8614059686660767,23,2,2,2
pilot_Mandibular_anonymous-mandibularView-1727865092793.jpg,3,123.060356,437.32626,335.95923,612.20886,0.7797603011131287,23,1,1,1
pilot_Mandibular_anonymous-mandibularView-1727871833598.jpg,0,171.53569,96.37937,370.4384,289.564,0.9151526093482971,14,5,5,5
pilot_Mandibular_anonymous-mandibularView-1727871833598.jpg,1,1051.4586,221.56003,1265.0697,412.5496,0.903956413269043,14,0,0,0
pilot_Mandibular_anonymous-mandibularView-1727871833598.jpg,2,208.84822,264.90662,414.5497,469.83713,0.8875667452812195,14,2,2,2
pilot_Mandibular_anonymous-mandibularView-1727871833598.jpg,3,1110.7273,63.385773,1308.0242,240.83278,0.6620792746543884,14,9,9,9
pilot_Maxillary_Occlusal_anonymous-maxillaryView-1726815145023.jpg,0,1336.7356,1081.0413,1662.3625,1268.136,0.8875210285186768,14,5,5,5
pilot_Maxillary_Occlusal_anonymous-maxillaryView-1726815145023.jpg,1,1377.1177,921.8608,1644.8933,1105.982,0.8768297433853149,14,0,0,0
pilot_Maxillary_Occlusal_anonymous-maxillaryView-1726815145023.jpg,2,14.017071,1062.411,349.42377,1299.1858,0.8719801902770996,14,12,12,12
pilot_Maxillary_Occlusal_anonymous-maxillaryView-1727096513467.jpg,0,264.4295,721.8254,701.18317,1114.302,0.6318299770355225,10,5,5,5
pilot_Maxillary_Occlusal_anonymous-maxillaryView-1727678882524.jpg,0,34.93648,1306.8411,463.95505,1564.4673,0.8837924599647522,14,9,9,9
pilot_Maxillary_Occlusal_anonymous-maxillaryView-1727678882524.jpg,1,202.47102,874.3154,608.4724,1109.9111,0.8474116325378418,14,6,6,6
pilot_Maxillary_Occlusal_anonymous-maxillaryView-1727678882524.jpg,2,1806.8578,1208.2687,2188.6267,1439.8527,0.8468175530433655,14,13,13,13
pilot_Maxillary_Occlusal_anonymous-maxillaryView-1727678882524.jpg,3,1829.8333,828.85284,2196.1533,1031.1237,0.649493932723999,14,12,12,12
pilot_Maxillary_Occlusal_anonymous-maxillaryView-1727768058789.jpg,0,57.96138,863.3713,393.849,1091.5552,0.8958466649055481,15,7,7,7
pilot_Maxillary_Occlusal_anonymous-maxillaryView-1727768058789.jpg,1,178.52217,480.29984,517.03705,689.18976,0.8755757212638855,15,1,1,1
pilot_Maxillary_Occlusal_anonymous-maxillaryView-1727768058789.jpg,2,1586.4877,655.1414,1935.2609,948.07306,0.8714644908905029,15,0,0,0
pilot_Maxillary_Occlusal_anonymous-maxillaryView-1727768058789.jpg,3,1545.5171,495.30093,1854.4436,722.2004,0.6690486669540405,15,5,5,5
pilot_Maxillary_Occlusal_anonymous-maxillaryView-1727768058789.jpg,4,92.9058,621.8587,474.9674,935.73615,0.29171431064605713,15,2,2,2
pilot_Maxillary_Occlusal_anonymous-maxillaryView-1727768058789.jpg,5,1653.3203,890.542,1981.2689,1085.1874,0.29081907868385315,15,8,8,8
retractors_Left_Lateral_anonymous_003_008_517_01_1728729948616_Left_Lateral_View.jpg,0,734.1187,321.921,861.4675,410.29205,0.8798476457595825,16,14,14,14
retractors_Left_Lateral_anonymous_003_103_351_01_1728045002443_Left_Lateral_View.jpg,0,849.2987,442.1271,1001.53876,548.76764,0.7655134201049805,19,14,14,14
retractors_Left_Lateral_anonymous_004-008-1463-01_1734099079076_Left_Lateral_View.jpg,0,766.0225,323.04602,918.6925,435.0985,0.8830482959747314,18,8,8,8
retractors_Mandibular_anonymous_003-007-1254-01_1733114052105_Mandibular_View.jpg,0,1772.3423,348.28876,2171.0718,734.53516,0.9204891324043274,14,6,6,6
retractors_Mandibular_anonymous_003-007-1254-01_1733114052105_Mandibular_View.jpg,1,180.838,402.59204,544.41754,731.576,0.8908040523529053,14,11,11,11
retractors_Mandibular_anonymous_003-007-1254-01_1733114052105_Mandibular_View.jpg,2,158.7298,139.18442,453.5143,441.59824,0.8541600108146667,14,12,12,12
retractors_Mandibular_anonymous_003-007-600-01_1729052481058_Mandibular_View.jpg,0,1829.2806,404.32632,2206.691,757.466,0.9284229874610901,16,0,0,0
retractors_Mandibular_anonymous_003-007-600-01_1729052481058_Mandibular_View.jpg,1,207.28941,30.970375,570.0276,358.54608,0.9126839637756348,16,14,14,14
retractors_Mandibular_anonymous_003-007-600-01_1729052481058_Mandibular_View.jpg,2,1939.0353,129.63416,2264.3162,449.57306,0.9108529090881348,16,6,6,6
retractors_Mandibular_anonymous_003-007-600-01_1729052481058_Mandibular_View.jpg,3,241.8513,332.8851,623.5117,563.43286,0.8400178551673889,16,11,11,11
retractors_Mandibular_anonymous_003-007-610-01_1729062730067_Mandibular_View.jpg,0,165.52557,384.38223,597.448,770.4679,0.9267424941062927,14,2,2,2
retractors_Mandibular_anonymous_003-007-610-01_1729062730067_Mandibular_View.jpg,1,2034.1388,130.28735,2384.4531,465.02423,0.922592043876648,14,13,13,13
retractors_Mandibular_anonymous_003-007-610-01_1729062730067_Mandibular_View.jpg,2,1964.7428,414.42316,2378.6797,809.50385,0.9221147894859314,14,4,4,4
retractors_Mandibular_anonymous_003-007-610-01_1729062730067_Mandibular_View.jpg,3,146.75084,77.57043,528.28015,412.9301,0.5497508645057678,14,5,5,5
retractors_Mandibular_anonymous_003-007-610-01_1729062730067_Mandibular_View.jpg,4,1912.8857,732.1642,2253.623,1004.6839,0.3739136755466461,14,1,1,1
retractors_Mandibular_anonymous_003-007-629-01_1729140899689_Mandibular_View.jpg,0,1649.8082,186.27917,2001.6276,498.12308,0.887052595615387,13,7,7,7
retractors_Mandibular_anonymous_003-007-629-01_1729140899689_Mandibular_View.jpg,1,1613.4014,419.70102,1948.283,734.0542,0.5007851123809814,13,1,1,1
retractors_Mandibular_anonymous_003-007-629-01_1729140899689_Mandibular_View.jpg,2,44.51599,186.08167,451.28244,548.69464,0.3790786862373352,13,10,10,10
retractors_Mandibular_anonymous_003-007-672-01_1729239360521_Mandibular_View.jpg,0,31.790993,39.28116,333.40396,350.93704,0.9236057996749878,14,10,10,10
retractors_Mandibular_anonymous_003-007-672-01_1729239360521_Mandibular_View.jpg,1,54.8331,335.8144,458.63284,726.2398,0.9177528619766235,14,1,1,1
retractors_Mandibular_anonymous_003-007-672-01_1729239360521_Mandibular_View.jpg,2,1729.9788,737.8938,2005.1703,1013.11487,0.9049025774002075,14,9,9,9
retractors_Mandibular_anonymous_003-007-672-01_1729239360521_Mandibular_View.jpg,3,1788.9458,105.18836,2044.305,403.7353,0.9008083939552307,14,13,13,13
retractors_Mandibular_anonymous_003-007-672-01_1729239360521_Mandibular_View.jpg,4,1677.805,390.10617,2037.2289,761.17267,0.8833649158477783,14,3,3,3
retractors_Mandibular_anonymous_003-007-676-01_1729246273597_Mandibular_View.jpg,0,86.768524,273.14044,315.50034,480.05444,0.784726619720459,24,1,1,1
retractors_Mandibular_anonymous_003-007-676-01_1729246273597_Mandibular_View.jpg,1,970.88245,333.15015,1187.3196,534.43744,0.324311763048172,24,3,3,3
retractors_Mandibular_anonymous_003-007-676-01_1729246273597_Mandibular_View.jpg,2,36.849365,112.88112,247.33884,304.70346,0.31327757239341736,24,5,5,5
retractors_Mandibular_anonymous_003-007-756-01_1729668519608_Mandibular_View.jpg,0,2188.8794,482.56696,2654.3472,924.37854,0.9271838665008545,14,1,1,1
retractors_Mandibular_anonymous_003-007-756-01_1729668519608_Mandibular_View.jpg,1,309.80286,642.02075,754.40924,1066.3926,0.9220340847969055,14,0,0,0
retractors_Mandibular_anonymous_003-007-756-01_1729668519608_Mandibular_View.jpg,2,2255.3967,97.233475,2704.0889,511.13562,0.9190430641174316,14,8,8,8
retractors_Mandibular_anonymous_003-007-756-01_1729668519608_Mandibular_View.jpg,3,215.0972,309.92825,631.1177,690.7765,0.8748988509178162,14,10,10,10
retractors_Mandibular_anonymous_003-007-787-01_1729839045536_Mandibular_View.jpg,0,268.2367,418.90915,616.484,760.5327,0.9304326772689819,14,0,0,0
retractors_Mandibular_anonymous_003-007-787-01_1729839045536_Mandibular_View.jpg,1,1678.6464,365.38397,2056.541,721.17645,0.9292297959327698,14,2,2,2
retractors_Mandibular_anonymous_003-007-787-01_1729839045536_Mandibular_View.jpg,2,211.58035,147.04456,530.10614,464.67618,0.923450231552124,14,4,4,4
retractors_Mandibular_anonymous_003-007-787-01_1729839045536_Mandibular_View.jpg,3,1749.6948,91.88045,2075.4958,403.0122,0.9077785015106201,14,7,7,7
retractors_Mandibular_anonymous_003-007-787-01_1729839045536_Mandibular_View.jpg,4,338.6348,709.1339,614.4434,948.55426,0.8841889500617981,14,3,3,3
retractors_Mandibular_anonymous_003-007-787-01_1729839045536_Mandibular_View.jpg,5,1659.8473,656.20764,1964.7657,921.9598,0.8594264388084412,14,8,8,8
retractors_Mandibular_anonymous_003-007-787-01_1729839045536_Mandibular_View.jpg,6,1588.419,851.5042,1881.2064,1150.8829,0.7671860456466675,14,1,1,1
retractors_Mandibular_anonymous_003-007-807-01_1729920527022_Mandibular_View.jpg,0,1630.5951,330.21677,1950.1965,676.86505,0.9217798709869385,14,2,2,2
retractors_Mandibular_anonymous_003-007-807-01_1729920527022_Mandibular_View.jpg,1,253.97873,453.18848,496.47327,770.8519,0.9111509919166565,14,3,3,3
retractors_Mandibular_anonymous_003-007-807-01_1729920527022_Mandibular_View.jpg,2,1705.4471,54.71741,1982.7957,345.58658,0.9060997366905212,14,7,7,7
retractors_Mandibular_anonymous_003-007-807-01_1729920527022_Mandibular_View.jpg,3,214.01697,188.9599,439.79547,462.32553,0.7363170981407166,14,8,8,8
retractors_Mandibular_anonymous_003-007-845-01_1730180726544_Mandibular_View.jpg,0,2134.0833,836.3779,2660.233,1377.5215,0.901685357093811,14,3,3,3
retractors_Mandibular_anonymous_003-007-845-01_1730180726544_Mandibular_View.jpg,1,287.2339,692.12994,796.7231,1180.543,0.8087998032569885,14,2,2,2
retractors_Mandibular_anonymous_003-007-845-01_1730180726544_Mandibular_View.jpg,2,2245.6467,460.3712,2802.2551,947.0378,0.7169725894927979,14,6,6,6
retractors_Mandibular_anonymous_003-007-867-01_1730261098640_Mandibular_View.jpg,0,69.184105,524.59937,451.621,907.1409,0.8879542946815491,14,7,7,7
retractors_Mandibular_anonymous_003-007-867-01_1730261098640_Mandibular_View.jpg,1,1787.4205,404.86935,2168.527,788.0035,0.39786210656166077,14,4,4,4
retractors_Mandibular_anonymous_003-007-896-01_1730347046750_Mandibular_View.jpg,0,1945.4995,104.09095,2368.1277,477.0902,0.8729954361915588,15,14,14,14
retractors_Mandibular_anonymous_003-007-896-01_1730347046750_Mandibular_View.jpg,1,1808.0609,746.4223,2219.5972,1147.5563,0.7922154068946838,15,4,4,4
retractors_Mandibular_anonymous_003-007-896-01_1730347046750_Mandibular_View.jpg,2,1873.9076,438.19058,2326.043,828.78015,0.691447913646698,15,5,5,5
retractors_Mandibular_anonymous_003-007-922-01_1730698705895_Mandibular_View.jpg,0,1846.8302,558.4602,2290.7273,981.17206,0.9169059991836548,14,6,6,6
retractors_Mandibular_anonymous_003-007-922-01_1730698705895_Mandibular_View.jpg,1,1946.1941,242.58148,2354.6597,592.42316,0.8742616772651672,14,12,12,12
retractors_Mandibular_anonymous_003-007-922-01_1730698705895_Mandibular_View.jpg,2,55.207813,162.03815,446.23523,516.9156,0.6026429533958435,14,3,3,3
retractors_Mandibular_anonymous_003-007-922-01_1730698705895_Mandibular_View.jpg,3,1775.7432,866.7478,2120.891,1158.7784,0.4054698646068573,14,4,4,4
retractors_Mandibular_anonymous_003-007-954-01_1730796195637_Mandibular_View.jpg,0,1532.1117,465.34824,1918.3329,854.4307,0.9317222237586975,13,1,1,1
retractors_Mandibular_anonymous_003-007-954-01_1730796195637_Mandibular_View.jpg,1,81.50338,441.52997,435.10507,784.62994,0.9255563616752625,13,0,0,0
retractors_Mandibular_anonymous_003-007-954-01_1730796195637_Mandibular_View.jpg,2,165.72867,742.2225,450.76138,1057.9999,0.912986159324646,13,10,10,10
retractors_Mandibular_anonymous_003-007-954-01_1730796195637_Mandibular_View.jpg,3,1464.9962,771.30396,1778.4176,1091.45,0.891687273979187,13,7,7,7
retractors_Mandibular_anonymous_003-007-954-01_1730796195637_Mandibular_View.jpg,4,1596.2639,143.31221,1991.4858,511.86328,0.7628797888755798,13,6,6,6
retractors_Mandibular_anonymous_003-007-954-01_1730796195637_Mandibular_View.jpg,5,9.364651,136.48538,378.96436,491.32556,0.5341666340827942,13,3,3,3
retractors_Mandibular_anonymous_003-007-963-01_1730871948653_Mandibular_View.jpg,0,191.90353,143.77354,559.2335,593.85724,0.9228482246398926,15,12,12,12
retractors_Mandibular_anonymous_003-007-963-01_1730871948653_Mandibular_View.jpg,1,251.60248,534.1475,775.7817,1058.029,0.9208919405937195,15,5,5,5
retractors_Mandibular_anonymous_003-007-965-01_1730877244468_Mandibular_View.jpg,0,19.879776,178.67043,324.83472,518.76825,0.9106684923171997,15,12,12,12
retractors_Mandibular_anonymous_003-007-965-01_1730877244468_Mandibular_View.jpg,1,151.08888,847.7034,445.94434,1118.4569,0.905392587184906,15,0,0,0
retractors_Mandibular_anonymous_003-007-965-01_1730877244468_Mandibular_View.jpg,2,43.208378,505.3434,392.16086,902.3543,0.8942255973815918,15,6,6,6
retractors_Mandibular_anonymous_003-007-965-01_1730877244468_Mandibular_View.jpg,3,1676.2927,847.6631,2012.5117,1128.816,0.41807904839515686,15,1,1,1
retractors_Mandibular_anonymous_003-008-1162-01_1732627243635_Mandibular_View.jpg,0,47.74635,286.82697,276.5927,502.54642,0.925233781337738,12,2,2,2
retractors_Mandibular_anonymous_003-008-1162-01_1732627243635_Mandibular_View.jpg,1,1064.0621,342.32056,1255.5399,545.145,0.9103289246559143,12,5,5,5
retractors_Mandibular_anonymous_003-008-1250-01_1732969020581_Mandibular_View.jpg,0,1083.5365,291.8339,1327.108,530.6513,0.8690527081489563,12,0,0,0
retractors_Mandibular_anonymous_003-008-1250-01_1732969020581_Mandibular_View.jpg,1,1036.3695,478.5543,1247.3425,689.4106,0.3023679554462433,12,2,2,2
retractors_Mandibular_anonymous_003-008-1250-01_1732969020581_Mandibular_View.jpg,2,158.76596,439.02985,378.31595,646.62366,0.3003998100757599,12,10,10,10
retractors_Mandibular_anonymous_003-008-1411-01_1733912476033_Mandibular_View.jpg,0,73.699745,254.73929,307.19623,477.1355,0.9323157668113708,15,8,8,8
retractors_Mandibular_anonymous_003-008-1411-01_1733912476033_Mandibular_View.jpg,1,938.8837,270.53876,1150.2223,498.69992,0.9254108667373657,15,1,1,1
retractors_Mandibular_anonymous_003-008-1411-01_1733912476033_Mandibular_View.jpg,2,37.694736,83.9285,251.37663,278.8405,0.9201322197914124,15,7,7,7
retractors_Mandibular_anonymous_003-008-1411-01_1733912476033_Mandibular_View.jpg,3,998.6736,97.24324,1181.7241,291.36313,0.9134208559989929,15,3,3,3
retractors_Mandibular_anonymous_003-008-1411-01_1733912476033_Mandibular_View.jpg,4,155.3611,427.4008,338.15762,598.5608,0.9107472896575928,15,0,0,0
retractors_Mandibular_anonymous_003-008-1435-01_1734001618377_Mandibular_View.jpg,0,900.90405,78.187584,1090.2277,261.14053,0.922249972820282,12,2,2,2
retractors_Mandibular_anonymous_003-008-1435-01_1734001618377_Mandibular_View.jpg,1,84.709595,112.10237,273.54227,292.63293,0.9188328981399536,12,11,11,11
retractors_Mandibular_anonymous_003-008-1435-01_1734001618377_Mandibular_View.jpg,2,854.2009,226.5558,1024.5947,402.3871,0.9125025868415833,12,5,5,5
retractors_Mandibular_anonymous_003-008-596-01_1729002084186_Mandibular_View.jpg,0,1088.8304,199.63077,1292.1373,372.9379,0.9092646241188049,23,15,15,15
retractors_Mandibular_anonymous_003-008-596-01_1729002084186_Mandibular_View.jpg,1,1015.33905,337.99484,1253.9822,560.0451,0.8948636054992676,23,5,5,5
retractors_Mandibular_anonymous_003-008-596-01_1729002084186_Mandibular_View.jpg,2,985.1372,503.3614,1175.0087,691.0791,0.808887243270874,23,0,0,0
retractors_Mandibular_anonymous_003-008-596-01_1729002084186_Mandibular_View.jpg,3,42.861347,311.0722,296.18692,525.9746,0.6903767585754395,23,1,1,1
retractors_Mandibular_anonymous_003-008-596-01_1729002084186_Mandibular_View.jpg,4,16.241873,155.54297,248.48341,336.76996,0.33024314045906067,23,6,6,6
retractors_Mandibular_anonymous_003-008-624-01_1729089681358_Mandibular_View.jpg,0,126.11656,126.69827,357.18665,342.95554,0.9313761591911316,18,6,6,6
retractors_Mandibular_anonymous_003-008-624-01_1729089681358_Mandibular_View.jpg,1,1236.5779,95.51691,1450.4484,305.94403,0.931195855140686,18,7,7,7
retractors_Mandibular_anonymous_003-008-624-01_1729089681358_Mandibular_View.jpg,2,1182.9054,289.02133,1423.2792,517.6988,0.9305921792984009,18,12,12,12
retractors_Mandibular_anonymous_003-008-624-01_1729089681358_Mandibular_View.jpg,3,158.06332,321.318,411.50543,561.96564,0.9213222861289978,18,1,1,1
retractors_Mandibular_anonymous_003-008-624-01_1729089681358_Mandibular_View.jpg,4,1157.4906,483.43988,1353.1654,645.82623,0.9039899110794067,18,2,2,2
retractors_Mandibular_anonymous_003-008-624-01_1729089681358_Mandibular_View.jpg,5,234.53244,518.6379,435.93314,701.8253,0.8841858506202698,18,0,0,0
retractors_Mandibular_anonymous_003-008-626-01_1729138704180_Mandibular_View.jpg,0,110.762184,415.64142,496.39685,798.51276,0.9062125086784363,14,5,5,5
retractors_Mandibular_anonymous_003-008-626-01_1729138704180_Mandibular_View.jpg,1,1972.5443,460.4533,2403.623,884.50366,0.8809469938278198,14,3,3,3
retractors_Mandibular_anonymous_003-008-626-01_1729138704180_Mandibular_View.jpg,2,2092.108,151.93185,2448.7988,526.74817,0.8775614500045776,14,7,7,7
retractors_Mandibular_anonymous_003-008-626-01_1729138704180_Mandibular_View.jpg,3,78.75429,137.99345,387.79135,471.73535,0.6348419785499573,14,13,13,13
retractors_Mandibular_anonymous_003-008-626-01_1729138704180_Mandibular_View.jpg,4,1887.9225,761.22156,2234.4697,1077.8008,0.31516921520233154,14,1,1,1
retractors_Mandibular_anonymous_003-008-678-01_1729248899061_Mandibular_View.jpg,0,26.313889,139.71356,189.18436,293.82788,0.9194462895393372,25,4,4,4
retractors_Mandibular_anonymous_003-008-678-01_1729248899061_Mandibular_View.jpg,1,41.668037,277.30292,218.19391,442.13882,0.8439368009567261,25,2,2,2
retractors_Mandibular_anonymous_003-008-678-01_1729248899061_Mandibular_View.jpg,2,883.5536,211.20262,1055.8534,370.90085,0.8057535290718079,25,5,5,5
retractors_Mandibular_anonymous_003-008-678-01_1729248899061_Mandibular_View.jpg,3,848.4786,330.1768,1021.1568,500.72635,0.643906831741333,25,3,3,3
retractors_Mandibular_anonymous_003-008-678-01_1729248899061_Mandibular_View.jpg,4,98.04513,404.2104,269.38626,543.6724,0.26061055064201355,25,0,0,0
retractors_Mandibular_anonymous_003-008-680-01_1729252793946_Mandibular_View.jpg,0,1051.3125,267.1315,1285.1547,482.32602,0.9251940846443176,19,3,3,3
retractors_Mandibular_anonymous_003-008-680-01_1729252793946_Mandibular_View.jpg,1,77.335396,323.05536,317.2746,540.65875,0.9227538108825684,19,0,0,0
retractors_Mandibular_anonymous_003-008-680-01_1729252793946_Mandibular_View.jpg,2,1062.9739,86.58343,1277.9795,277.01877,0.705054759979248,19,7,7,7
retractors_Mandibular_anonymous_003-008-680-01_1729252793946_Mandibular_View.jpg,3,24.992287,153.41112,229.6242,355.14246,0.6298873424530029,19,13,13,13
retractors_Mandibular_anonymous_003-008-680-01_1729252793946_Mandibular_View.jpg,4,1033.4261,459.60352,1235.6854,636.7665,0.28031960129737854,19,1,1,1
retractors_Mandibular_anonymous_003-008-680-01_1729252793946_Mandibular_View.jpg,5,164.12866,501.37173,360.9328,673.67505,0.2629390358924866,19,2,2,2
retractors_Mandibular_anonymous_003-008-684-01_1729257374840_Mandibular_View.jpg,0,136.19547,190.1149,353.95114,367.97638,0.9110852479934692,23,7,7,7
retractors_Mandibular_anonymous_003-008-684-01_1729257374840_Mandibular_View.jpg,1,139.30014,346.36005,376.56696,547.5729,0.5113000273704529,23,4,4,4
retractors_Mandibular_anonymous_003-008-684-01_1729257374840_Mandibular_View.jpg,2,990.35767,375.0418,1210.4537,570.09735,0.317771852016449,23,21,21,21
retractors_Mandibular_anonymous_003-008-740-01_1729594985183_Mandibular_View.jpg,0,18.531528,99.58177,178.13083,244.43974,0.9108375310897827,19,13,13,13
retractors_Mandibular_anonymous_003-008-740-01_1729594985183_Mandibular_View.jpg,1,783.8946,133.24214,940.0,294.57532,0.8652952313423157,19,11,11,11
retractors_Mandibular_anonymous_003-008-740-01_1729594985183_Mandibular_View.jpg,2,749.81683,253.61908,922.10815,425.97913,0.8547818660736084,19,1,1,1
retractors_Mandibular_anonymous_003-008-740-01_1729594985183_Mandibular_View.jpg,3,35.381134,230.87296,209.55046,381.1715,0.7987186908721924,19,0,0,0
retractors_Mandibular_anonymous_003-008-746-01_1729603652462_Mandibular_View.jpg,0,843.2724,85.44568,1014.16095,237.22708,0.44775527715682983,24,5,5,5
retractors_Mandibular_anonymous_003-008-746-01_1729603652462_Mandibular_View.jpg,1,45.3154,273.0385,254.783,461.66962,0.39835041761398315,24,2,2,2
retractors_Mandibular_anonymous_003-008-790-01_1729849195168_Mandibular_View.jpg,0,52.686142,393.2634,339.51224,630.88104,0.9267179369926453,23,4,4,4
retractors_Mandibular_anonymous_003-008-790-01_1729849195168_Mandibular_View.jpg,1,1142.5125,414.23062,1407.8684,658.85114,0.9194048047065735,23,5,5,5
retractors_Mandibular_anonymous_003-008-790-01_1729849195168_Mandibular_View.jpg,2,26.728895,181.95276,293.2004,417.57037,0.9192302823066711,23,2,2,2
retractors_Mandibular_anonymous_003-008-790-01_1729849195168_Mandibular_View.jpg,3,1207.0106,214.69888,1444.9104,432.43057,0.8761683106422424,23,7,7,7
retractors_Mandibular_anonymous_003-008-892-01_1730293561502_Mandibular_View.jpg,0,77.01581,354.78632,336.29855,571.265,0.9217259883880615,14,1,1,1
retractors_Mandibular_anonymous_003-008-892-01_1730293561502_Mandibular_View.jpg,1,1091.5889,381.66592,1331.6179,585.19714,0.8929674625396729,14,3,3,3
retractors_Mandibular_anonymous_003-008-912-01_1730374226278_Mandibular_View.jpg,0,66.79076,238.56741,306.36377,452.73483,0.9346922636032104,16,5,5,5
retractors_Mandibular_anonymous_003-008-912-01_1730374226278_Mandibular_View.jpg,1,1225.8671,279.93274,1446.806,510.39386,0.9311773777008057,16,1,1,1
retractors_Mandibular_anonymous_003-008-912-01_1730374226278_Mandibular_View.jpg,2,64.99581,87.89579,255.88101,261.9126,0.897321879863739,16,11,11,11
retractors_Mandibular_anonymous_003-008-912-01_1730374226278_Mandibular_View.jpg,3,1289.4949,134.33272,1480.937,321.4295,0.7864789962768555,16,10,10,10
retractors_Mandibular_anonymous_003-008-912-01_1730374226278_Mandibular_View.jpg,4,1187.694,445.6266,1345.735,612.3136,0.3274777829647064,16,0,0,0
retractors_Mandibular_anonymous_003-008-936-01_1730726791401_Mandibular_View.jpg,0,103.96921,176.17993,336.3593,370.06552,0.863471269607544,15,3,3,3
retractors_Mandibular_anonymous_003-008-936-01_1730726791401_Mandibular_View.jpg,1,1132.4669,22.280266,1328.4291,188.80518,0.6427189707756042,15,6,6,6
retractors_Mandibular_anonymous_003-008-936-01_1730726791401_Mandibular_View.jpg,2,1096.8667,172.89445,1309.108,355.32944,0.44501766562461853,15,4,4,4
retractors_Mandibular_anonymous_003_007_317_01_1727937040565_Mandibular_View.jpg,0,0.41788954,362.0912,331.42297,682.1503,0.9249075651168823,16,5,5,5
retractors_Mandibular_anonymous_003_007_317_01_1727937040565_Mandibular_View.jpg,1,1704.5488,521.6717,2080.9126,832.35754,0.8947370648384094,16,4,4,4
retractors_Mandibular_anonymous_003_007_317_01_1727937040565_Mandibular_View.jpg,2,1711.8939,747.8052,2014.3025,984.471,0.890332818031311,16,0,0,0
retractors_Mandibular_anonymous_003_007_317_01_1727937040565_Mandibular_View.jpg,3,50.591827,587.5236,486.53384,953.4734,0.7359563112258911,16,1,1,1
retractors_Mandibular_anonymous_003_007_317_01_1727937040565_Mandibular_View.jpg,4,1779.239,344.30484,2052.9602,575.8815,0.5913315415382385,16,6,6,6
retractors_Mandibular_anonymous_003_007_335_01_1728014331472_Mandibular_View.jpg,0,146.9226,225.40665,468.2982,492.44662,0.916016697883606,12,6,6,6
retractors_Mandibular_anonymous_003_007_335_01_1728014331472_Mandibular_View.jpg,1,1415.7861,146.5394,1760.3059,417.7791,0.5153865218162537,12,9,9,9
retractors_Mandibular_anonymous_003_007_505_01_1728712510089_Mandibular_View.jpg,0,79.0069,557.4681,442.67853,906.4513,0.9262773990631104,14,0,0,0
retractors_Mandibular_anonymous_003_007_505_01_1728712510089_Mandibular_View.jpg,1,1587.7644,570.9546,1919.7867,907.7879,0.9261425137519836,14,6,6,6
retractors_Mandibular_anonymous_003_007_505_01_1728712510089_Mandibular_View.jpg,2,38.907806,289.8478,372.30997,592.60895,0.8902794122695923,14,8,8,8
retractors_Mandibular_anonymous_003_008_495_01_1728653519595_Mandibular_View.jpg,0,54.226406,199.67313,303.00186,393.67935,0.9234650731086731,21,9,9,9
retractors_Mandibular_anonymous_003_008_495_01_1728653519595_Mandibular_View.jpg,1,80.83642,368.61676,363.9773,600.2031,0.9198674559593201,21,1,1,1
retractors_Mandibular_anonymous_003_008_495_01_1728653519595_Mandibular_View.jpg,2,1229.8347,570.6011,1418.5453,729.9129,0.9017110466957092,21,3,3,3
retractors_Mandibular_anonymous_003_008_495_01_1728653519595_Mandibular_View.jpg,3,1238.1327,375.56693,1512.473,616.5505,0.8971890211105347,21,2,2,2
retractors_Mandibular_anonymous_003_008_495_01_1728653519595_Mandibular_View.jpg,4,1322.593,210.41345,1565.8402,417.04214,0.6898617148399353,21,13,13,13
retractors_Mandibular_anonymous_003_008_517_01_1728729948616_Mandibular_View.jpg,0,109.054695,237.92223,385.5117,500.53268,0.9186514616012573,14,7,7,7
retractors_Mandibular_anonymous_003_008_517_01_1728729948616_Mandibular_View.jpg,1,1349.4254,241.75685,1610.6539,473.72247,0.917084813117981,14,9,9,9
retractors_Mandibular_anonymous_003_008_517_01_1728729948616_Mandibular_View.jpg,2,1259.7216,450.1991,1560.5859,720.72107,0.9030861258506775,14,1,1,1
retractors_Mandibular_anonymous_003_008_517_01_1728729948616_Mandibular_View.jpg,3,1238.3962,666.0661,1483.292,854.78656,0.8413693308830261,14,0,0,0
retractors_Mandibular_anonymous_003_008_517_01_1728729948616_Mandibular_View.jpg,4,88.82014,455.77374,421.8351,711.3366,0.8175252676010132,14,8,8,8
retractors_Mandibular_anonymous_003_008_517_01_1728729948616_Mandibular_View.jpg,5,176.06401,813.92114,398.91776,1028.0559,0.6445157527923584,14,12,12,12
retractors_Mandibular_anonymous_003_008_517_01_1728729948616_Mandibular_View.jpg,6,147.66966,660.6779,406.86542,858.6449,0.48246052861213684,14,2,2,2
retractors_Mandibular_anonymous_003_008_539_01_1728816064645_Mandibular_View.jpg,0,46.592064,151.96428,292.74542,385.96408,0.9300938844680786,20,9,9,9
retractors_Mandibular_anonymous_003_008_539_01_1728816064645_Mandibular_View.jpg,1,1025.0636,152.24739,1275.0247,393.29657,0.9287298917770386,20,14,14,14
retractors_Mandibular_anonymous_003_008_539_01_1728816064645_Mandibular_View.jpg,2,1002.7194,349.83136,1224.9397,556.1503,0.9226241707801819,20,19,19,19
retractors_Mandibular_anonymous_003_008_539_01_1728816064645_Mandibular_View.jpg,3,127.6477,348.68146,345.22604,559.5758,0.9148545861244202,20,16,16,16
retractors_Mandibular_anonymous_003_103_299_01_1727868080003_Mandibular_View.jpg,0,76.757195,246.75478,332.01517,468.67175,0.9295408725738525,14,10,10,10
retractors_Mandibular_anonymous_003_103_299_01_1727868080003_Mandibular_View.jpg,1,1295.0172,216.48972,1555.9603,453.71194,0.9257639050483704,14,13,13,13
retractors_Mandibular_anonymous_003_103_299_01_1727868080003_Mandibular_View.jpg,2,1143.1256,598.28485,1384.3425,785.61035,0.903261125087738,14,1,1,1
retractors_Mandibular_anonymous_003_103_299_01_1727868080003_Mandibular_View.jpg,3,1201.0391,406.70584,1487.5138,662.06836,0.8656310439109802,14,4,4,4
retractors_Mandibular_anonymous_003_103_299_01_1727868080003_Mandibular_View.jpg,4,102.174706,438.57455,379.71375,678.74225,0.6615825891494751,14,0,0,0
retractors_Mandibular_anonymous_003_103_299_01_1727868080003_Mandibular_View.jpg,5,152.74055,630.3605,384.78983,808.77454,0.30233195424079895,14,2,2,2
retractors_Mandibular_anonymous_003_103_351_01_1728045002443_Mandibular_View.jpg,0,129.67223,342.18213,365.30237,544.6472,0.9161434769630432,18,7,7,7
retractors_Mandibular_anonymous_003_103_351_01_1728045002443_Mandibular_View.jpg,1,147.05338,512.76984,399.027,725.07837,0.9100894927978516,18,3,3,3
retractors_Mandibular_anonymous_003_103_351_01_1728045002443_Mandibular_View.jpg,2,1226.607,343.34076,1448.4106,557.71484,0.9075217843055725,18,9,9,9
retractors_Mandibular_anonymous_003_103_351_01_1728045002443_Mandibular_View.jpg,3,1164.6035,504.405,1413.3082,728.1596,0.8972628116607666,18,0,0,0
retractors_Mandibular_anonymous_003_103_351_01_1728045002443_Mandibular_View.jpg,4,196.525,672.92584,402.87994,832.89404,0.8411732912063599,18,12,12,12
retractors_Mandibular_anonymous_003_103_357_01_1728053115007_Mandibular_View.jpg,0,1068.1301,488.58914,1297.1975,677.62115,0.8892367482185364,27,4,4,4
retractors_Mandibular_anonymous_003_103_357_01_1728053115007_Mandibular_View.jpg,1,33.78562,367.2037,228.08467,529.62396,0.8269956707954407,27,17,17,17
retractors_Mandibular_anonymous_003_103_357_01_1728053115007_Mandibular_View.jpg,2,1139.8416,368.86053,1346.291,542.185,0.7500879168510437,27,12,12,12
retractors_Mandibular_anonymous_003_103_357_01_1728053115007_Mandibular_View.jpg,3,38.578094,489.8896,274.0015,685.6281,0.4660208225250244,27,3,3,3
retractors_Mandibular_anonymous_003_103_382_01_1728189568619_Mandibular_View.jpg,0,1257.1295,216.36029,1493.4431,458.52124,0.9235383868217468,14,13,13,13
retractors_Mandibular_anonymous_003_103_382_01_1728189568619_Mandibular_View.jpg,1,129.09355,365.83905,406.8938,606.42017,0.8720483183860779,14,1,1,1
retractors_Mandibular_anonymous_003_103_382_01_1728189568619_Mandibular_View.jpg,2,1162.4365,406.51947,1421.3573,666.999,0.8481414914131165,14,9,9,9
retractors_Mandibular_anonymous_003_103_414_01_1728387955658_Mandibular_View.jpg,0,102.74445,325.53098,366.10895,537.55634,0.9262714385986328,25,7,7,7
retractors_Mandibular_anonymous_003_103_414_01_1728387955658_Mandibular_View.jpg,1,1281.2087,495.56366,1538.9258,716.5747,0.920735239982605,25,0,0,0
retractors_Mandibular_anonymous_003_103_414_01_1728387955658_Mandibular_View.jpg,2,1337.5104,296.28995,1578.0653,513.2872,0.9182530641555786,25,8,8,8
retractors_Mandibular_anonymous_003_103_414_01_1728387955658_Mandibular_View.jpg,3,132.00117,520.6786,401.30893,738.9221,0.8246748447418213,25,4,4,4
retractors_Mandibular_anonymous_003_103_416_01_1728447642675_Mandibular_View.jpg,0,1440.9764,287.2036,1734.7819,559.35925,0.9367632269859314,14,0,0,0
retractors_Mandibular_anonymous_003_103_416_01_1728447642675_Mandibular_View.jpg,1,191.05211,328.47186,531.497,641.70746,0.9284604787826538,14,3,3,3
retractors_Mandibular_anonymous_003_103_416_01_1728447642675_Mandibular_View.jpg,2,1510.5612,66.96891,1748.3125,312.3991,0.9188598394393921,14,9,9,9
retractors_Mandibular_anonymous_003_103_416_01_1728447642675_Mandibular_View.jpg,3,84.55451,104.24342,348.9333,383.05844,0.8931639194488525,14,7,7,7
retractors_Mandibular_anonymous_003_103_416_01_1728447642675_Mandibular_View.jpg,4,388.08948,543.6748,649.9754,793.69666,0.6306103467941284,14,1,1,1
retractors_Mandibular_anonymous_003_103_435_01_1728476277104_Mandibular_View.jpg,0,1225.3048,300.30182,1459.1897,501.10995,0.9289882779121399,20,7,7,7
retractors_Mandibular_anonymous_003_103_435_01_1728476277104_Mandibular_View.jpg,1,106.30532,371.45355,339.21902,575.3543,0.9099101424217224,20,10,10,10
retractors_Mandibular_anonymous_003_103_435_01_1728476277104_Mandibular_View.jpg,2,142.06133,522.0958,388.14746,742.67236,0.8779135346412659,20,2,2,2
retractors_Mandibular_anonymous_003_103_435_01_1728476277104_Mandibular_View.jpg,3,1149.4564,447.13824,1404.4567,671.4644,0.8414124846458435,20,0,0,0
retractors_Mandibular_anonymous_003_103_435_01_1728476277104_Mandibular_View.jpg,4,108.86265,232.85725,240.50116,400.50803,0.6357566714286804,20,6,6,6
retractors_Mandibular_anonymous_003_103_435_01_1728476277104_Mandibular_View.jpg,5,1323.5461,142.2704,1474.2227,327.03384,0.5345865488052368,20,1,1,1
retractors_Mandibular_anonymous_004-008-1463-01_1734099079076_Mandibular_View.jpg,0,1115.3556,14.664988,1320.427,202.34843,0.9267768859863281,20,4,4,4
retractors_Mandibular_anonymous_004-008-1463-01_1734099079076_Mandibular_View.jpg,1,101.45539,216.91803,310.839,407.324,0.9234597682952881,20,6,6,6
retractors_Mandibular_anonymous_004-008-1463-01_1734099079076_Mandibular_View.jpg,2,1060.3427,187.67442,1281.8385,390.60907,0.9206783771514893,20,2,2,2
retractors_Mandibular_anonymous_004-008-1463-01_1734099079076_Mandibular_View.jpg,3,59.023106,65.26857,254.66463,242.23555,0.909726619720459,20,7,7,7
retractors_Mandibular_anonymous_004-008-914-01_1730377944083_Mandibular_View.jpg,0,1211.1141,258.97958,1431.6464,462.24963,0.9308245778083801,16,0,0,0
retractors_Mandibular_anonymous_004-008-914-01_1730377944083_Mandibular_View.jpg,1,217.81845,45.03309,439.2155,227.24355,0.9198834896087646,16,4,4,4
retractors_Mandibular_anonymous_004-008-914-01_1730377944083_Mandibular_View.jpg,2,222.5352,213.68828,457.6418,413.2101,0.9177234172821045,16,3,3,3
retractors_Mandibular_anonymous_004-008-914-01_1730377944083_Mandibular_View.jpg,3,1262.5713,95.6338,1445.1803,267.99966,0.9075956344604492,16,9,9,9
retractors_Maxillary_Occlusal_anonymous_003-007-898-01_1730349798023_Maxillary_Occlusal_View.jpg,0,2490.261,1508.2247,3106.355,1983.2637,0.8900700807571411,12,11,11,11
retractors_Maxillary_Occlusal_anonymous_003-007-898-01_1730349798023_Maxillary_Occlusal_View.jpg,1,156.51494,1867.7637,820.66254,2344.7573,0.7324478626251221,12,7,7,7
retractors_Maxillary_Occlusal_anonymous_003-007-954-01_1730796195637_Maxillary_Occlusal_View.jpg,0,2248.146,1270.9442,2757.4417,1690.5687,0.9056357741355896,13,5,5,5
retractors_Maxillary_Occlusal_anonymous_003-007-954-01_1730796195637_Maxillary_Occlusal_View.jpg,1,208.41972,1159.4777,687.03516,1591.7626,0.8895032405853271,13,4,4,4
retractors_Maxillary_Occlusal_anonymous_003-007-954-01_1730796195637_Maxillary_Occlusal_View.jpg,2,136.93729,1509.2983,658.52765,1912.0049,0.5134545564651489,13,6,6,6
retractors_Maxillary_Occlusal_anonymous_003-007-954-01_1730796195637_Maxillary_Occlusal_View.jpg,3,2217.7815,1634.1781,2745.6768,2028.1974,0.4909723401069641,13,3,3,3
retractors_Maxillary_Occlusal_anonymous_003-008-1322-01_1733477951014_Maxillary_Occlusal_View.jpg,0,972.83563,569.6729,1214.4604,768.4731,0.9027706384658813,14,0,0,0
retractors_Maxillary_Occlusal_anonymous_003-008-1322-01_1733477951014_Maxillary_Occlusal_View.jpg,1,19.747156,500.8762,268.54312,721.16046,0.8600882291793823,14,1,1,1
retractors_Maxillary_Occlusal_anonymous_003-008-1322-01_1733477951014_Maxillary_Occlusal_View.jpg,2,15.556486,670.53503,241.84721,819.4426,0.8411281704902649,14,12,12,12
retractors_Maxillary_Occlusal_anonymous_003-008-1322-01_1733477951014_Maxillary_Occlusal_View.jpg,3,963.38556,467.92703,1159.6659,593.151,0.6712833046913147,14,7,7,7
retractors_Maxillary_Occlusal_anonymous_003-008-1409-01_1733910983435_Maxillary_Occlusal_View.jpg,0,1023.2626,590.24817,1264.048,796.3918,0.9132229685783386,14,1,1,1
retractors_Maxillary_Occlusal_anonymous_003-008-1409-01_1733910983435_Maxillary_Occlusal_View.jpg,1,51.049,600.4864,292.40198,814.7934,0.905498743057251,14,2,2,2
retractors_Maxillary_Occlusal_anonymous_003-008-1411-01_1733912476033_Maxillary_Occlusal_View.jpg,0,144.5158,820.2761,468.31543,1067.2933,0.8732197880744934,14,2,2,2
retractors_Maxillary_Occlusal_anonymous_003-008-1411-01_1733912476033_Maxillary_Occlusal_View.jpg,1,1343.8782,805.6295,1685.2567,1068.4518,0.863182544708252,14,3,3,3
retractors_Maxillary_Occlusal_anonymous_003-008-1411-01_1733912476033_Maxillary_Occlusal_View.jpg,2,1418.151,1000.32416,1737.7432,1216.1699,0.8620080351829529,14,11,11,11
retractors_Maxillary_Occlusal_anonymous_003-008-596-01_1729002084186_Maxillary_Occlusal_View.jpg,0,1199.6704,779.3323,1437.6035,981.6939,0.8724285364151001,20,13,13,13
retractors_Maxillary_Occlusal_anonymous_003-008-596-01_1729002084186_Maxillary_Occlusal_View.jpg,1,1131.9423,619.6074,1393.9022,858.4143,0.8723461627960205,20,2,2,2
retractors_Maxillary_Occlusal_anonymous_003-008-596-01_1729002084186_Maxillary_Occlusal_View.jpg,2,1097.2096,519.9546,1310.3818,675.8411,0.4019741117954254,20,3,3,3
retractors_Maxillary_Occlusal_anonymous_003-008-622-01_1729087609045_Maxillary_Occlusal_View.jpg,0,105.73544,797.3692,451.95932,1078.01,0.9068194031715393,14,5,5,5
retractors_Maxillary_Occlusal_anonymous_003-008-622-01_1729087609045_Maxillary_Occlusal_View.jpg,1,1358.9249,563.8001,1645.4352,783.90674,0.8850929141044617,14,0,0,0
retractors_Maxillary_Occlusal_anonymous_003-008-622-01_1729087609045_Maxillary_Occlusal_View.jpg,2,1430.2455,875.9641,1745.7594,1125.2482,0.8545772433280945,14,9,9,9
retractors_Maxillary_Occlusal_anonymous_003-008-622-01_1729087609045_Maxillary_Occlusal_View.jpg,3,1398.2885,756.2091,1675.4955,940.40656,0.3932443857192993,14,6,6,6
retractors_Maxillary_Occlusal_anonymous_003-008-624-01_1729089681358_Maxillary_Occlusal_View.jpg,0,83.78402,727.4138,349.85925,934.6172,0.8669002652168274,12,6,6,6
retractors_Maxillary_Occlusal_anonymous_003-008-624-01_1729089681358_Maxillary_Occlusal_View.jpg,1,1129.4081,595.95294,1338.1699,739.62695,0.8650137782096863,12,5,5,5
retractors_Maxillary_Occlusal_anonymous_003-008-624-01_1729089681358_Maxillary_Occlusal_View.jpg,2,1184.0731,874.72064,1409.0966,1030.7386,0.8610365390777588,12,10,10,10
retractors_Maxillary_Occlusal_anonymous_003-008-624-01_1729089681358_Maxillary_Occlusal_View.jpg,3,87.99412,890.84534,332.63998,1040.916,0.7766334414482117,12,11,11,11
retractors_Maxillary_Occlusal_anonymous_003-008-624-01_1729089681358_Maxillary_Occlusal_View.jpg,4,1157.5079,708.0891,1390.9344,923.23944,0.6384274363517761,12,0,0,0
retractors_Maxillary_Occlusal_anonymous_003-008-624-01_1729089681358_Maxillary_Occlusal_View.jpg,5,127.954605,606.8469,363.32483,760.4272,0.2931433916091919,12,8,8,8
retractors_Maxillary_Occlusal_anonymous_003-008-680-01_1729252793946_Maxillary_Occlusal_View.jpg,0,71.06958,705.6144,357.5636,960.6094,0.6730441451072693,15,4,4,4
retractors_Maxillary_Occlusal_anonymous_003-008-680-01_1729252793946_Maxillary_Occlusal_View.jpg,1,1252.9381,732.59155,1512.7009,953.20233,0.6632596850395203,15,2,2,2
retractors_Maxillary_Occlusal_anonymous_003-008-680-01_1729252793946_Maxillary_Occlusal_View.jpg,2,1224.9453,630.29816,1469.5018,787.186,0.5347796678543091,15,5,5,5
retractors_Maxillary_Occlusal_anonymous_003-008-680-01_1729252793946_Maxillary_Occlusal_View.jpg,3,1285.5894,912.47363,1497.0123,1046.8397,0.35853856801986694,15,10,10,10
retractors_Maxillary_Occlusal_anonymous_003-008-730-01_1729520092178_Maxillary_Occlusal_View.jpg,0,66.7781,859.182,403.25842,1114.435,0.8930253982543945,13,2,2,2
retractors_Maxillary_Occlusal_anonymous_003-008-730-01_1729520092178_Maxillary_Occlusal_View.jpg,1,1357.2307,699.37823,1628.6945,920.58545,0.8675186038017273,13,0,0,0
retractors_Maxillary_Occlusal_anonymous_003-008-730-01_1729520092178_Maxillary_Occlusal_View.jpg,2,115.93941,687.2227,418.06662,932.52655,0.8576048612594604,13,12,12,12
retractors_Maxillary_Occlusal_anonymous_003-008-730-01_1729520092178_Maxillary_Occlusal_View.jpg,3,1401.4814,847.4225,1700.52,1089.9828,0.8427585363388062,13,10,10,10
retractors_Maxillary_Occlusal_anonymous_003-008-740-01_1729594985183_Maxillary_Occlusal_View.jpg,0,25.260765,798.48303,281.92368,962.7738,0.9021837115287781,15,5,5,5
retractors_Maxillary_Occlusal_anonymous_003-008-740-01_1729594985183_Maxillary_Occlusal_View.jpg,1,57.66058,615.56885,319.24637,843.5551,0.897911012172699,15,2,2,2
retractors_Maxillary_Occlusal_anonymous_003-008-740-01_1729594985183_Maxillary_Occlusal_View.jpg,2,1143.999,767.4779,1358.94,922.24347,0.8920956254005432,15,9,9,9
retractors_Maxillary_Occlusal_anonymous_003-008-740-01_1729594985183_Maxillary_Occlusal_View.jpg,3,1119.4777,614.2379,1348.9612,817.9236,0.881648063659668,15,0,0,0
retractors_Maxillary_Occlusal_anonymous_003-008-740-01_1729594985183_Maxillary_Occlusal_View.jpg,4,1103.6761,508.60416,1301.7158,635.393,0.877679169178009,15,3,3,3
retractors_Maxillary_Occlusal_anonymous_003-008-740-01_1729594985183_Maxillary_Occlusal_View.jpg,5,177.60532,352.8836,422.71848,523.3641,0.8746463656425476,15,12,12,12
retractors_Maxillary_Occlusal_anonymous_003-008-740-01_1729594985183_Maxillary_Occlusal_View.jpg,6,137.71684,505.74683,355.93387,647.24133,0.7535060048103333,15,1,1,1
retractors_Maxillary_Occlusal_anonymous_003-008-740-01_1729594985183_Maxillary_Occlusal_View.jpg,7,1053.7968,374.30032,1252.5542,520.7383,0.7344036102294922,15,6,6,6
retractors_Maxillary_Occlusal_anonymous_003-008-790-01_1729849195168_Maxillary_Occlusal_View.jpg,0,130.40694,754.63165,435.00418,1026.1927,0.9090410470962524,14,4,4,4
retractors_Maxillary_Occlusal_anonymous_003-008-790-01_1729849195168_Maxillary_Occlusal_View.jpg,1,1237.6235,765.9648,1522.0903,1045.3484,0.903007984161377,14,2,2,2
retractors_Maxillary_Occlusal_anonymous_003-008-790-01_1729849195168_Maxillary_Occlusal_View.jpg,2,110.53559,968.94147,394.4136,1158.9436,0.8906991481781006,14,9,9,9
retractors_Maxillary_Occlusal_anonymous_003-008-790-01_1729849195168_Maxillary_Occlusal_View.jpg,3,209.59804,648.4416,456.28278,803.63544,0.7661400437355042,14,13,13,13
retractors_Maxillary_Occlusal_anonymous_003-008-790-01_1729849195168_Maxillary_Occlusal_View.jpg,4,1300.8915,982.82336,1544.3523,1182.7416,0.3357115685939789,14,10,10,10
retractors_Maxillary_Occlusal_anonymous_003-008-892-01_1730293561502_Maxillary_Occlusal_View.jpg,0,1325.9434,921.3164,1615.8927,1194.602,0.8620867729187012,12,10,1,10
retractors_Maxillary_Occlusal_anonymous_003-008-892-01_1730293561502_Maxillary_Occlusal_View.jpg,1,53.699795,863.7395,366.06723,1141.4899,0.839745819568634,12,11,11,11
retractors_Maxillary_Occlusal_anonymous_003-008-892-01_1730293561502_Maxillary_Occlusal_View.jpg,2,135.62408,673.1672,419.09863,926.01556,0.706895112991333,12,4,4,4
retractors_Maxillary_Occlusal_anonymous_003-008-912-01_1730374226278_Maxillary_Occlusal_View.jpg,0,1333.2963,615.69574,1580.6826,835.80524,0.9133050441741943,14,9,9,9
retractors_Maxillary_Occlusal_anonymous_003-008-912-01_1730374226278_Maxillary_Occlusal_View.jpg,1,88.1138,644.96655,347.10837,861.07556,0.8977423906326294,14,5,5,5
retractors_Maxillary_Occlusal_anonymous_003-008-912-01_1730374226278_Maxillary_Occlusal_View.jpg,2,1313.6721,509.53732,1518.4865,667.7075,0.8892827033996582,14,13,13,13
retractors_Maxillary_Occlusal_anonymous_003-008-912-01_1730374226278_Maxillary_Occlusal_View.jpg,3,1386.7501,793.88794,1581.1018,930.5501,0.7408483624458313,14,10,10,10
retractors_Maxillary_Occlusal_anonymous_003-008-936-01_1730726791401_Maxillary_Occlusal_View.jpg,0,103.68803,804.5672,427.7304,1097.2661,0.8572640419006348,14,2,2,2
retractors_Maxillary_Occlusal_anonymous_003-008-936-01_1730726791401_Maxillary_Occlusal_View.jpg,1,1447.7998,851.43,1741.302,1103.2976,0.798949658870697,14,3,3,3
retractors_Maxillary_Occlusal_anonymous_003-008-936-01_1730726791401_Maxillary_Occlusal_View.jpg,2,1447.3575,1065.542,1733.7305,1271.9148,0.4680359363555908,14,11,11,11
retractors_Maxillary_Occlusal_anonymous_003_007_335_01_1728014331472_Maxillary_Occlusal_View.jpg,0,87.40108,1418.1268,603.2752,1812.0287,0.808834433555603,12,7,7,7
retractors_Maxillary_Occlusal_anonymous_003_007_335_01_1728014331472_Maxillary_Occlusal_View.jpg,1,142.24347,1092.1888,627.6221,1493.8059,0.577871561050415,12,10,10,10
retractors_Maxillary_Occlusal_anonymous_003_007_335_01_1728014331472_Maxillary_Occlusal_View.jpg,2,2081.8218,1453.0575,2570.3357,1845.9944,0.5757196545600891,12,3,3,3
retractors_Maxillary_Occlusal_anonymous_003_007_475_01_1728635243973_Maxillary_Occlusal_View.jpg,0,114.63889,640.3382,473.29425,965.03735,0.927068293094635,16,0,0,0
retractors_Maxillary_Occlusal_anonymous_003_007_475_01_1728635243973_Maxillary_Occlusal_View.jpg,1,1537.1527,854.9809,1904.9393,1086.737,0.9189952611923218,16,8,8,8
retractors_Maxillary_Occlusal_anonymous_003_007_475_01_1728635243973_Maxillary_Occlusal_View.jpg,2,1572.9729,704.9556,1901.4183,878.6037,0.8307864665985107,16,5,5,5
retractors_Maxillary_Occlusal_anonymous_003_007_475_01_1728635243973_Maxillary_Occlusal_View.jpg,3,1548.0819,545.6575,1907.4156,745.0865,0.2878160774707794,16,4,4,4
retractors_Maxillary_Occlusal_anonymous_003_008_517_01_1728729948616_Maxillary_Occlusal_View.jpg,0,168.46036,823.96783,504.33264,1096.1886,0.9225127696990967,15,3,3,3
retractors_Maxillary_Occlusal_anonymous_003_008_517_01_1728729948616_Maxillary_Occlusal_View.jpg,1,1357.8499,855.5263,1671.45,1121.0936,0.9161837697029114,15,9,9,9
retractors_Maxillary_Occlusal_anonymous_003_008_517_01_1728729948616_Maxillary_Occlusal_View.jpg,2,200.48805,656.2903,500.2034,844.5591,0.9104979634284973,15,6,6,6
retractors_Maxillary_Occlusal_anonymous_003_008_517_01_1728729948616_Maxillary_Occlusal_View.jpg,3,1379.6975,1067.8086,1674.4174,1275.0327,0.8971142172813416,15,10,10,10
retractors_Maxillary_Occlusal_anonymous_003_008_517_01_1728729948616_Maxillary_Occlusal_View.jpg,4,170.01361,1040.0369,486.94604,1242.5437,0.8394001126289368,15,12,12,12
retractors_Maxillary_Occlusal_anonymous_003_008_517_01_1728729948616_Maxillary_Occlusal_View.jpg,5,1365.9838,694.4069,1627.6943,876.6611,0.828831136226654,15,0,0,0
retractors_Maxillary_Occlusal_anonymous_003_008_517_01_1728729948616_Maxillary_Occlusal_View.jpg,6,231.71638,473.62515,525.6362,673.69305,0.7953662872314453,15,1,1,1
retractors_Maxillary_Occlusal_anonymous_003_008_517_01_1728729948616_Maxillary_Occlusal_View.jpg,7,1327.3522,516.9635,1594.7897,707.40216,0.2936440706253052,15,5,5,5
retractors_Maxillary_Occlusal_anonymous_003_103_382_01_1728189568619_Maxillary_Occlusal_View.jpg,0,1476.2426,905.5556,1781.109,1184.319,0.6335101127624512,15,4,4,4
retractors_Maxillary_Occlusal_anonymous_003_103_382_01_1728189568619_Maxillary_Occlusal_View.jpg,1,1228.9822,219.57239,1472.4553,408.6124,0.3708334267139435,15,9,9,9
retractors_Maxillary_Occlusal_anonymous_003_103_414_01_1728387955658_Maxillary_Occlusal_View.jpg,0,1365.885,862.0758,1632.2307,1090.8201,0.9005686640739441,14,3,3,3
retractors_Maxillary_Occlusal_anonymous_003_103_414_01_1728387955658_Maxillary_Occlusal_View.jpg,1,216.95917,655.78674,458.66315,828.43567,0.8199877738952637,14,9,9,9
retractors_Maxillary_Occlusal_anonymous_003_103_414_01_1728387955658_Maxillary_Occlusal_View.jpg,2,165.33658,794.81134,454.78992,1044.3187,0.7980520129203796,14,0,0,0
retractors_Maxillary_Occlusal_anonymous_003_103_414_01_1728387955658_Maxillary_Occlusal_View.jpg,3,148.22997,983.9064,392.07953,1190.0016,0.6906557679176331,14,8,8,8
retractors_Maxillary_Occlusal_anonymous_003_103_414_01_1728387955658_Maxillary_Occlusal_View.jpg,4,1353.0988,716.63696,1581.7261,887.5788,0.6500310897827148,14,2,2,2
retractors_Maxillary_Occlusal_anonymous_003_103_435_01_1728476277104_Maxillary_Occlusal_View.jpg,0,1391.6967,867.60156,1648.8037,1100.7748,0.9019976854324341,15,6,6,6
retractors_Maxillary_Occlusal_anonymous_003_103_435_01_1728476277104_Maxillary_Occlusal_View.jpg,1,1421.331,1068.8022,1663.3624,1259.9015,0.8967005014419556,15,3,3,3
retractors_Maxillary_Occlusal_anonymous_003_103_435_01_1728476277104_Maxillary_Occlusal_View.jpg,2,138.05122,1021.82697,429.1269,1255.7279,0.894833505153656,15,11,11,11
retractors_Maxillary_Occlusal_anonymous_003_103_435_01_1728476277104_Maxillary_Occlusal_View.jpg,3,1347.1165,756.3677,1569.9707,904.6152,0.8897472023963928,15,5,5,5
retractors_Maxillary_Occlusal_anonymous_003_103_435_01_1728476277104_Maxillary_Occlusal_View.jpg,4,161.57175,791.5551,467.20377,1067.6824,0.8378480076789856,15,0,0,0
retractors_Maxillary_Occlusal_anonymous_003_103_435_01_1728476277104_Maxillary_Occlusal_View.jpg,5,289.08792,680.9387,537.53235,857.2711,0.6538428068161011,15,12,12,12
retractors_Maxillary_Occlusal_anonymous_004-008-1463-01_1734099079076_Maxillary_Occlusal_View.jpg,0,1372.8125,705.73627,1630.78,926.1113,0.8916812539100647,15,9,9,9
retractors_Maxillary_Occlusal_anonymous_004-008-1463-01_1734099079076_Maxillary_Occlusal_View.jpg,1,222.67537,834.9126,478.46906,997.72,0.8475338816642761,15,12,12,12
retractors_Maxillary_Occlusal_anonymous_004-008-1463-01_1734099079076_Maxillary_Occlusal_View.jpg,2,279.59088,544.2383,515.10956,697.3751,0.8395238518714905,15,8,8,8
retractors_Maxillary_Occlusal_anonymous_004-008-1463-01_1734099079076_Maxillary_Occlusal_View.jpg,3,1404.1736,880.5297,1660.3412,1043.1099,0.7552592754364014,15,13,13,13
retractors_Maxillary_Occlusal_anonymous_004-008-1463-01_1734099079076_Maxillary_Occlusal_View.jpg,4,231.7686,669.61523,496.1649,885.58014,0.734963059425354,15,3,3,3
retractors_Right_Lateral_anonymous_003-007-610-01_1729062730067_Right_Lateral_View.jpg,0,342.13492,681.6236,568.99255,874.2173,0.2645711302757263,17,13,13,13
